jstor	1
wired	2
apple	3
live	4
usatoday	5
rankingsandreviews	6
loopnet	7
almanac	8
bluelight	9
pof	10
alaskapta	11
purplemath	12
reddit	15
paramountcyclesak	16
drugs	18
magicmgmt	19
allergyalaska	20
go	21
livescience	22
zillow	23
azlyrics	24
ford	26
modland	27
starbucks	29
uscg	30
astrotheme	31
gimp	32
rgmechanics	33
ls15mod	34
musiciansfriend	35
wikia	37
freenetproject	38
vinelink	39
rheoscience	40
bankrate	40
summitracing	41
ign	42
facebook	48
wp	49
answers	51
cnn	52
webmd	53
alaskarestaurantsupply	54
muscleandstrength	55
socscistatistics	56
easy1022modifications	57
d20pfsrd	58
popularmechanics	58
hockey-reference	59
quora	60
tumblr	61
deskattention	62
noodletools	63
mtgsalvation	64
gogoanime	65
internationalecon	66
google	72
bodyfortress	73
metafilter	74
names	75
yelp	77
stanford	78
ideafamilies	79
performanceresearch	80
vitalitymagazine	81
gci	82
backpage	83
stream2watch	84
yellowpages	85
howstuffworks	86
noaa	87
speakeasy	88
msstate	89
recreation	90
pornhub	92
coursera	93
canon	94
shop-bella	95
nckayaks	96
kohls	98
twitter	102
amtgard-wl	103
planetware	104
aleks	105
jref	106
ch2m	107
mature-fuck	108
ramtrucks	109
androidforums	110
papajohns	111
consumerreports	111
flexmls	112
realtor	113
transitionhouse	114
kbb	114
texas	115
army	117
nudevista	118
state	120
blueirissoftware	121
wordpress	125
tattoodo	126
pizzahut	127
jisho	128
imdb	129
bladeandsouldojo	130
tvdate	131
gamepedia	133
adventurealan	134
youtube	151
cargurus	152
seymourduncan	153
matsuk12	154
adn	155
dri	156
uaf	157
rosegal	158
amazon	165
wikihow	166
cplusplus	168
gcu	169
alaska	174
xvideos	174
bamboopandafairbanks	175
yahoo	182
weebly	183
adobe	184
nataliejillfitness	185
coolmath	186
nintendo	187
dominos	188
urbandictionary	189
eveonlineships	190
thebereancall	191
fortune	192
remax	193
steamcommunity	194
tuscl	195
porn	196
rvusa	197
examiner	198
hotmail	199
craigslist	200
thesaurus	201
putlocker	202
bingapis	203
jalopyjournal	204
gamesradar	205
roccat	206
hornygamer	207
thecompleteuniversityguide	208
worldstarhiphop	209
livestrong	210
curse	211
ielec	212
outdoorlife	213
thonky	214
xhamster	216
ubermovement	217
dailymotion	217
deviantart	218
boyslife	219
glassdoor	220
about	221
winteriscoming	222
thefappening	223
ethnologue	224
wetpussygames	224
buzzfeed	224
radiomuseum	225
wikipedia	240
startclass	241
msn	242
microsoft	243
genten-onlineshop	244
github	244
sexebonyfuck	245
uesp	246
allaboutbirds	247
thirtyonegifts	248
samsung	249
gaymaletube	250
herb	251
calworthingtonford	252
everesttech	254
rei	256
usgamer	258
