barriobrewing	1
faithinamerica	2
dolldivine	1
sofifa	1
citi	1
go	6
libreoffice	1
foxnews	1
betterhealth	1
legalsportsreport	1
dol	1
dodge	2
yahoo	30
coupons	2
mechspecs	1
zenlawfirm	1
heatovento350	1
ruger	1
eonline	2
charmingcharlie	1
mesacc	1
dcourier	1
openbookproject	1
mythtv	1
hollywoodlife	2
sahuaritaaz	1
nhentai	1
fordrangerforum	1
goodhousekeeping	1
prorodeo	1
iyparizona	1
myaccountaccess	1
ha	1
springer	1
summitcenterflagstaff	1
d20pfsrd	3
topreviews	1
theportalwiki	1
9gag	2
seatgeek	1
roadtrippin	1
mathonweb	1
guitarcenter	1
eslgaming	1
wololo	1
artofmerlot	1
alansshoes	1
lexingtonlifeacademy	1
mindful	1
tunein	1
armls	1
drivethelife	1
sciencedirect	1
giftcardplace	1
coloringpanda	2
serebii	1
pima	1
healthcaremagic	1
iheart	1
centos	1
gimp	2
dailyherald	1
gamespot	2
freetetris	1
probuilds	1
tradecardsonline	1
blizzardwatch	1
politifact	1
studyblue	1
nationalgeographic	2
theintercept	1
makeuseof	2
seattletimes	1
adult-fanfiction	1
drugs	2
mozilla	2
hootech	1
patternreview	1
businessdictionary	1
budk	1
modelfkeyboards	1
manta	1
ihomeaudio	1
fitbit	1
creditonebank	1
zerobelly	1
daum	1
2016jobsnigeria	1
paleohacks	1
onlinesearches	1
androidforums	1
ticketliquidator	1
reverso	1
mugshots	1
rootsoffight	1
thepiratebay	5
thrombocyte	1
madurace	1
minecraftforum	1
cbsnews	1
eroticillusions	1
msn	3
manpagez	1
tucsonfolkfest	1
trulia	2
delphiforums	1
swgas	1
fiberglassrv	1
worthingtondistribution	1
yourmechanic	2
leakedcelebritynude	1
cheatcc	2
boot-disk	1
drugabuse	1
texastowers	1
deadspin	2
streamate	1
garyair	1
mit	2
men-uusa	1
ucpress	1
realclearpolitics	1
todocanales	1
mediatakeout	1
azchesscentral	1
classicindustries	1
search	1
tucsonmall	1
azbeemers	1
smartbmicalculator	1
bbb	1
createaforum	1
wizards	3
vizio	1
spiritanimal	1
qvc	1
olivetreeviews	1
thegracetales	1
azwestern	1
lenovo	3
vox	1
harkinstheatres	2
pinimg	2
ew	1
stewardofsavings	1
coursehero	6
foursquare	1
mogs	1
thenest	1
weknowmemes	1
sitecom	1
tonerparts	1
madison	1
clockworkempires	1
hotrod	1
comenity	1
robertchevrolet	1
lacasadecristo	1
elecraft	1
evernote	1
roblox	1
conserve-energy-future	1
sbnation	2
prezi	4
hanes	1
halleyhosting	1
itshemales	1
wikipedia	142
wilderness-safaris	1
betsonparts	1
saatchiart	1
snopes	2
un	1
pryor	1
abovetopsecret	2
azsprinkler	1
torrentz	1
netflix	3
jet	1
cnn	6
archiveofourown	1
nih	3
newark	1
virtualglobetrotting	1
bp	1
grasscity	1
walesonline	1
wordreference	1
findsimilar	1
gamepressure	2
tumblr	12
dooney	1
iphonefaq	1
idigitaltimes	1
freedomoutpost	1
countryliving	1
mymerrymessylife	1
aarlangdi	1
google	128
watch-episodes	1
legacy	4
mmorpg	1
online-convert	2
camwhores	1
time	2
krikzz	1
fortordcleanup	1
wix	1
tangeroutlet	1
famousfootwear	1
wired	1
myreadingmanga	1
bfgawiki	1
fidelity	1
gyerekdal	1
sauus	1
eham	1
freepeople	1
johnstonsarchive	1
vrbo	2
whitehouse	1
sandrabrownbooklist	1
mrbreakfast	1
glad	1
poppriceguide	1
calranch	1
maricopa	4
visitlaughlin	1
playerauctions	1
abcya	1
shortlist	1
synonym	2
odu	1
desiserials	1
informer	1
firestonecompleteautocare	1
about	2
psychonaut	1
renminbao	1
under30ceo	1
ancienthistorylists	1
proformanceunlimited	1
elderlawanswers	1
osha	1
epson	1
kohls	1
galeon	1
nano-reef	1
healthcare	1
usda	1
gimmesomeoven	1
planetshoes	1
fiercepharma	1
bladeandsoul	1
instructables	2
thediplomat	1
driverwhiz	1
ifixit	1
azcourts	2
fortawesome	1
ss64	1
id90travel	1
landscapinggallery	1
statnews	1
usdirectory	1
merriam-webster	2
thoseguysfloors	1
palcomix	1
totalmotorcycle	1
fmcna	1
mp3lio	1
reuters	1
steadyhealth	1
asu	5
tipswisatamurah	1
vagalume	1
dltk-kids	1
putlocker	6
thecabinetstore	1
shomi	1
livingstreams	1
songfacts	1
familytreenow	2
nadaguides	1
webmd	5
luxuryretreats	1
sabserial	1
projectfreetv	1
buymarinecovers	1
kompas	1
myshopify	1
zwift	1
buzzfeed	2
winecellarinnovations	1
poolsaboveground	1
yourdailydance	1
udemy	1
expresspros	1
tigerdirect	1
phoenixcollege	1
stuffpoint	1
rentalhousingdeals	1
mytractorforum	1
adobe	5
groupon	1
cacklehatchery	1
revolutiorock011	1
spacecraftreplicas	1
ratemyserver	1
hbonow	1
earthlink	1
pacsun	1
macworld	1
geeksforgeeks	1
nj	1
orioncostumes	1
topshelfliquor	1
medievalcollectibles	1
estately	1
cdc	1
worldmarket	1
susans	1
promocode2016	1
realtynow	1
ucdavis	1
xbox	2
sonyrewards	1
kayak	1
scissorsroxpaper	1
ihg	1
fiverr	1
findmypast	1
otakurepublic	1
globaltestmarket	1
bngames	1
akubra	1
hawkknifedesigns	1
aol	2
couponsherpa	1
allrecipes	7
dignityhealth	1
airparkconsignments	1
ubuntuforums	1
unimelb	1
sstack	1
atdmt	1
bioskop99	1
weather-climate	1
fakespot	1
wisc	1
srpmic-nsn	1
hasd	1
facebook	45
deathpenaltyinfo	1
reserveamerica	1
wolframalpha	1
pcmag	1
steampowered	3
nau	2
medhelp	1
hdmovie14	1
acluaz	1
angelvalleyfuneralhome	1
brainly	3
boobpedia	1
reflexologyhoodriver	1
letgo	1
target	6
nontonfilm	1
quabook	1
military	1
idrive	1
autos	1
mmodm	1
castlemegastore	1
azdot	1
rinsenride	1
bu	1
ucsc	1
archive	2
al	1
sheahomes	1
printyourbrackets	1
pressherald	1
chesteralan	1
forestriverinc	1
weebly	1
sewingmachinesplus	1
myanimelist	2
skype	1
openstudy	5
thisisgame	1
guidescroll	1
tripadvisor	6
moongiant	1
herzstiftung	1
pinterest	13
fantasie	1
goseattleu	1
animeland	1
digitalsynopsis	1
gcu	1
barenecessities	1
instyle	1
anybunny	1
idss-ep	1
nfrc	1
dictionary	3
redmp3	1
creditkarma	1
emb-japan	1
oneself-therapy	1
buhsd	1
americanexpress	1
runescape	2
theeroticreview	1
calculatorsoup	1
bookrags	1
tucsonracquetclub	1
overdrive	1
alconcrete	1
mylespaul	2
projectmanagementdocs	1
gicare	1
law360	1
collegeboard	2
resume-place	1
sgc	1
examine	1
dataversity	1
phoenixchildrens	1
hentairead	1
immersa-lab	1
smithsonianmag	1
snowmanwiki	1
howstuffworks	1
tie	1
businessinsider	1
landmsupply	1
microsoftonline	1
bleacherreport	3
forscan	1
cultural-china	1
rhymeswithforeplay	1
timeanddate	1
azfuntimerentals	1
macsautoparts	1
deepseaminingoutofourdepth	1
whatsmym3	1
tucsonnewsnow	1
kalkifashion	1
froggtoggsraingear	1
navient	1
cnet	2
livejournal	1
lifehack	1
kdminer	1
nameberry	1
tvline	1
smuttymoms	1
seculartherapy	1
enchantedlearning	2
mediaplex	1
hypixel	1
usgamer	1
us-appliance	1
smartirrigationnj	1
astrobio	1
toonova	1
rutube	1
uslegal	1
bk	1
popsugar	1
fextralife	12
chegg	3
mensfitness	1
forumcommunity	1
carberry	1
blankmediagames	2
whatsapp	1
m9597381317	1
stfrancis	1
govtrack	1
nordstrom	1
pinkyparadise	1
philly	1
venturebeat	1
eset	1
nytimes	4
linkedin	8
wowhead	4
vintagewesternwear	1
irv2	1
seniorhousingnet	1
watchonlinecartoons	1
cavecreekcandles	1
meltingpot	1
shootersforum	2
roostercogburn	1
thesims	1
theopenscroll	1
npr	1
myfigurecollection	1
facepunch	1
ushistory	1
flagstaff	1
helloquizzy	1
lawdepot	1
masonryforlife	1
gurochan	2
verticalmeasures	1
chevelles	1
retailmenot	5
spiegel	1
beenverified	1
lasvegas-nv	1
fantasticfiction	1
blurtit	1
bebrainfit	1
celebritytanning	1
youtube	182
ccsurprise	2
shoptalkforums	1
canadadrugs	1
columbiasouthern	1
medicinenet	2
hentai4u	1
sbmptn	1
thevailvoice	1
portlandmercury	1
azcardinals	1
nudevista	1
nasdaq	1
radioreference	1
matrixcalc	1
politico	1
spankwiki	1
wayfair	4
cntraveler	2
butterflyexpress	1
missoulian	1
plantationservicesinc	1
leathersolutions	1
ship	1
aarons	1
army	1
onlineconversion	1
varysaleprices	1
lovelife	1
composing	1
skiptomylou	1
chandler	1
rpg	1
lifelock	1
parents	1
jibcouponcodes	1
irises	1
aidcalc	1
coloring	1
icmag	1
mofa	1
potenshaa	1
homedepot	10
laptopmag	1
phoenix	3
letu	1
forensicoutreach	1
lawyers	1
peru	1
menards	1
fujifilm	1
musicoutfitters	3
telegraph	1
horror-movies	1
adairfuneralhomes	2
birdeye	1
phrasemix	1
gamestop	1
shutterfly	1
simplycanning	1
geeksinphoenix	1
williams-sonoma	1
chemistnate	1
yourpoolhq	1
simplypsychology	1
infoplease	1
repticzone	1
uloz	1
affordable-health-insurance-plans	1
popupexplorer	1
craigslist	18
casio-intl	1
faskitchen	1
savedbylovecreations	1
weather	3
fourpointsphoenixmesaairport	1
thesaurus	4
justanswer	1
teamworkonline	1
morningstar	1
azdor	1
timvandevall	1
sa-cd	1
mycomicshop	1
minecraft	1
tipjunkie	1
megashare	2
leagueoflegends	7
doityourself	1
ilovesteno	1
totaljerkface	1
fedcenter	1
easycounter	2
vimaxmadeincanada	1
bananarepublicfactory	1
joblo	1
fastenal	1
rentalcars	1
ualberta	1
salliemae	1
killsixbilliondemons	1
ticalc	1
brighthubeducation	1
familyfriendpoems	1
yellowpages	3
mobafire	4
webassign	1
fivethirtyeight	1
locu	1
infinigeek	1
cinepolis	1
ebaumsworld	1
xmind	1
chumashcasino	1
spotrac	1
byu	1
rockymountainrugby	1
cheaperthandirt	1
uniroma1	1
tech-recipes	1
safeguardsecurity	1
acronymfinder	1
uproxx	1
cabslb	1
arizonamotorcyclerental	1
mjoyas	1
nudematureladies	1
celebritynetworth	1
izurvive	1
jcpenney	2
isitdownrightnow	1
wholefoodsmarket	1
cortera	1
oswego	1
moddb	2
memsindustrygroup	1
utorrent	1
screenplayreaders	1
onlinecreditcenter6	1
gogoanime	1
4chan	1
homeadvisor	1
thedowntowndispensary	1
lakewoodflowershop	1
compare99	1
lilpoets	1
legalshield	1
arizona	4
allhomerobotics	1
gradesaver	1
elanco	1
diablofans	1
palmettostatearmory	1
bestmetronome	1
solarmovie	1
foodnetwork	2
deviantart	1
bearcat1	1
mofos	1
imore	1
treecasino	1
feed-the-beast	2
mangafever	1
clearancejobs	1
spiritlink	1
legalmatch	1
appliancecarestore	1
singer	1
urbanoutfitters	1
savethestudent	1
homeremediesforlife	1
nba2k17news	1
juniorpaganinix	1
midsouthshooterssupply	1
sitejabber	1
partycity	1
mp3fay	1
okcaller	1
tomshardware	5
fastcocreate	1
vwr	1
aztecworldwide	1
bestreviews	1
darkfetishnet	1
musnaz	1
fitnesslabjax	1
piriform	3
arizonadailyindependent	1
vitals	1
e-hentai	2
chuckecheese	1
islamawareness	1
virtualtourist	1
tstoaddicts	1
elon	1
file-minecraft	1
anchorofgold	1
prefixsuffix	1
mrfood	1
gerbangsumatranews	1
highnineclothing	1
tarmls	1
azride	1
dailyanimeart	1
swissarmy	1
ft86club	1
pcgs	1
edmunds	3
templemount	1
couchtuner	1
nhl	1
shemaletubevideos	1
tableau	1
food4rhino	1
datemplate	1
chess	1
indeed	2
tribunecontentagency	1
qiagen	1
cerritos	1
acrylicwifi	1
theartstack	1
lyricsmode	1
weatherservice	1
ancensored	1
agario-skins	1
fastq	1
uiowa	1
stoicstudio	1
toysrus	1
ecklerscorvette	1
askubuntu	1
championcounter	1
steamcommunity	4
maac	1
onlineshoes	1
physicsforums	1
spine	1
schoollunchchoice	1
thoughtcatalog	1
southwest	3
grimaldispizzeria	1
westpointsupport	1
battle	5
freeadvice	1
pepboys	1
warframe	1
united	2
regentsprep	1
bankernote	1
epsb	1
0calc	1
sewshop	1
usa	1
aginglifecare	1
webdkp	1
prankowl	1
mrskin	1
artwithconviction	1
nitromax	1
stuff	1
cbp	2
altscene	1
disconnect	1
upenn	1
hgtvgardens	1
newbalance	1
turquoiserough	1
tv	1
clowardh2o	1
mizuumi	1
anime-planet	1
apklevel	1
9minecraft	1
blackdeserttome	1
fedex	1
wallickcommunities	1
az	4
realtor	5
cnbc	1
acehardware	1
spokeo	1
fiu	1
lufthansa	1
cycletrader	1
mark-taylor	1
kianandjctour	1
insaneclownposse	1
fandango	2
cheatengine	1
netgearrouterloginpage	1
fing	1
gowatchit	1
crimefeed	1
wklaw	1
frontier	1
cnsnews	1
tillys	1
abortionreason	1
campusexplorer	1
olt	1
nesaporn	1
midwayusa	1
nsf	1
worldofsolitaire	1
wikihow	2
cyberlink	1
slate	2
geekstogo	1
rockpapershotgun	1
same	1
welltrainedmind	1
state	4
v-brazil	1
hobbylobby	1
fatquartershop	1
andreatrowersdermatology	1
dolphin-emu	1
utvguide	1
emilypost	1
carl-walther	1
twincities	1
assh	1
chase	1
showmetherent	1
bokepngentot	1
paypal-community	1
ultimate-guitar	1
hsd-usa	1
xvideos	24
teamviewer	1
valleymetro	1
asics	1
silvergen	1
si	1
seesaa	1
apkmirror	1
problogger	1
aa	2
normalboots	1
solitairetime	1
skillsuccess	1
tourfactory	1
capilanou	1
highspots	1
nissanusa	2
gilbertaz	1
semperpax	1
comfortshoeclub	1
publicrecords	1
stackoverflow	8
beyonddiet	1
thesethingsilove	1
foxsports	2
tfl	1
hotpads	1
bobborst	1
microsoft	15
tuningmatters	1
sewalot	1
poems-and-quotes	1
cobalt-mc	1
poolpricer	1
mediafire	1
jandatri	1
nudewomenx	1
cutest-baby-shower-ideas	1
pixpix	1
uscis	3
omega-magick	1
heck	1
putnam	1
stardewvalleywiki	2
ebags	1
romulation	1
shopping	1
safaribooksonline	1
pier1	1
granny-videos	1
blackdesertfoundry	1
bestsatelliteproviders	1
spotify	1
knowswhy	1
bookfinder	1
joins	1
pcadvisor	2
nudepics	1
friendorfollow	1
redfin	1
avalonrents	1
thediyhubby	1
exstreamist	1
sonoraquest	1
selfhacked	1
wordpress	9
solvusoft	1
rvtrader	1
ask	1
nfstc	1
smashingmagazine	1
twitter	19
hearthpwn	3
blogspot	1
today	1
psychologytoday	2
ink361	1
cactusvalleypoolsupply	1
comicbookresources	1
banggood	1
rinmarugames	1
tomsguide	3
mcgill	1
bufferapp	1
landscapearizona	1
freessl	1
vetrazzo	1
swhealthcarecu	1
promocodes	1
fiddleheads	1
comingsoon	1
g35driver	1
worldtaximeter	1
cyberciti	1
gotjump	1
alaskaair	1
thewirecutter	1
softonic	1
mheducation	1
bibme	1
cfr	1
hatterasyachts	1
breakingmuscle	1
vetstreet	1
mediaite	1
mbahblogger	1
allwrestling	1
communitymedicalservices	1
gamepedia	1
mlb	1
elitegamingcomputers	1
samsung	1
militaryappreciationday	1
lionbrand	1
babycenter	1
mercola	1
azfamily	1
toyotaclub	1
tavernproperties	1
elderscrollsonline	2
angieslist	2
visit-prescott	1
paypal	2
fitletic	1
scrapbookscrapbook	1
thesalliemaefund	1
cantonsdk12	1
bannerhealth	1
discussionmania	1
grandcanyon	1
yourtv	1
foodwishes	1
barrospizza	1
pandora	3
chronofhorse	1
conns	1
tactical-life	1
funtrivia	2
expedia	2
shunyweb	1
t7meel	1
imslp	1
fastmaps	1
dell	2
maxxproperties	1
mmommorpg	1
voidswrath	1
nbc	2
ecole-couture-parisienne	1
safeco	1
mypremiercreditcard	1
bromfoot	1
fourwinds10	1
loc	1
parade	1
youporn	2
accuweather	4
communitybridgesaz	1
ncsoft	1
webcrawler	1
justporno	1
seattlepi	1
earthandstars	1
monster	2
aclsstlouis	1
researchgate	1
yiddishwarmth	1
cliffsnotes	1
wftrading	1
ccv	1
azcops	1
break	1
sparknotes	1
silvercrestlabs	1
friedmansappliance	1
myhabit	1
okezone	1
cooks	2
standar	1
scottsworld	1
performanceboats	1
gatewayscottsdale	1
djstractorparts	1
shockwarehouse	1
mmorpg-life	1
techwhirl	1
sacred-texts	1
patient	1
redtube	1
askmefast	1
redheart	1
breathlessresorts	1
revia	1
411	1
vitalmtb	1
hobbyleds	1
mp3-juices	1
houzz	1
mooncup	1
koat	1
directv	1
live	8
etheric	1
babeland	1
backpage	2
carid	2
cardgamesolitaire	1
moviesdbz	1
amazon	50
guildlaunch	1
spine-health	1
merkuryinnovations	1
tundraheadquarters	1
nrel	1
chaturbate	1
oregonstate	1
rightdiagnosis	1
bloomberg	2
denofgeek	1
clemson	1
billboard	1
winsupersite	1
moorelife	1
scoutstuff4sale	1
listchallenges	1
omaha	1
buycheapr	1
photobucket	1
tucson	4
lincolnelectric	1
geektv	1
geostat	1
pbskids	1
zumba	1
homeworkmarket	1
xhamster	2
instagram	1
waybig	1
thumbtack	1
asha	1
nocookie	1
murdoch	1
azed	1
bjsrestaurants	1
treato	1
gamefaqs	10
crosshairgenerator	1
petforums	1
cafepress	1
crunchyroll	1
shouldianswer	1
hometheaterforum	1
harvesttotable	1
projpi	1
goodreads	7
dexadine	1
jazzercise	1
uber	1
azbartendingschool	1
tubegalore	1
yourwestvalley	1
turbodismount	1
getridofthings	1
vk	1
apne	1
swccd	1
overclockers	1
pbs	1
survivalistboards	1
palmbrookgolf	1
familysearch	1
onegoodthingbyjillee	1
nycparamount	1
hunterindustries	1
cars	1
minimalistbaker	1
highspirits	1
dominos	1
suzukicycles	1
campbell-inn	1
crutchfield	1
savoryreviews	1
ancestral-nutrition	1
bulkapothecary	1
overstock	3
powerpressive	1
amnestyusa	2
astrologyzone	1
dummies	1
secretmenus	1
coed	1
pottermore	1
d-nail	1
pureformulas	1
nick	1
hdmoviespoint	1
acrowood	1
straightdope	3
the370z	1
mashable	1
bucketlist	1
cuzcoeats	1
totalwar	1
calleam	1
thetempconnection	1
seventhlifepath	1
powerball	3
ocsd	1
makeowntshirt	1
genealogy	1
ca	3
northwestern	1
choicehotels	1
sandiegouniontribune	1
pinoyhdreplay	1
metrolyrics	2
stanford	1
ning	1
project1999	1
quora	4
psychic-revelation	1
theguardian	2
homestudiocorner	1
kevinmd	1
calorieking	1
digikey	1
nature	1
10best	1
altiercu	1
gentlyhewstone	1
lingojam	2
jewishvirtuallibrary	1
fotor	1
busbuster	1
zoro	1
cruisecritic	2
mrnale	1
gnula2	1
grymoire	1
dailymotion	2
earthled	1
wikia	27
pagnet	1
nouvelobs	1
pogo	1
southwestvalleychamber	1
onduline-usa	1
papillon	1
namu	1
waterlooworshipcenter	1
nextdoortwink	1
phoenixtropicals	1
docker	1
americancampus	1
animefushigi	1
stream-tv-series	1
superlift	1
apartments	1
fas	1
cityvibe	1
livescience	1
forbes	1
glassdoor	1
inquisitr	2
mfa	1
walmart	9
programaswebfull	1
bodybuilding	2
coolmath	1
examiner	1
unodc	1
prodesigntools	1
ytimg	1
trevorayers	1
deltafaucet	1
sears	1
krogeriwireless	1
food	1
attainfertility	1
ybw	1
musescore	1
veyo	1
bittorrent	1
guildwars2	1
klix	1
exoticnutrition	1
discovery	1
opulentitems	1
kotaku	3
cwtv	2
divineoffice	1
gonzomovies	1
unity3d	5
biglots	1
imgur	2
arduino	1
inmaza	1
vimeo	1
quizlet	10
oracle	1
zipformplus	1
printablecalendar	1
sephora	2
vitaminshoppe	1
mangago	1
tubetycoongame	1
pcgamesn	1
journalwatcher	1
collegeconfidential	1
abt	2
cartoonnetwork	3
dailytrojan	1
eightforums	1
vaaworldsprints	1
avagotech	1
abovegroundpros	1
uscisprocessingtimes	1
joann	1
homes	1
uni-osnabrueck	1
virginia	2
onkyousa	1
flickr	1
freedrinkingwater	1
unine	1
gcflearnfree	1
bioware	2
arcamax	2
staples	1
cox	7
learningtree	1
activepoolsupply	1
domyownpestcontrol	3
lightingdirect	1
papajohns	2
rent	2
asianwiki	1
howtogeek	4
akc	1
anekatekno	1
xfinity	1
teacherfiles	1
mega1043	1
hdfcbank	1
washington	1
tvfanatic	1
partiallyexaminedlife	1
trifamilyracing	1
fridgefilters	1
gop	1
happier	1
souplantation	1
palingseru	1
servehiminthewaiting	1
agentjet	1
dofus	1
caesars	1
beforeitsnews	1
rmacc-hose	1
novaskin	1
gizmodo	2
msu	1
brown	1
utm	1
gosmith	1
hertz	1
goo	1
healthgrades	1
processing	1
polygon	1
animakai	1
radltd	1
gaymenswellbeing	1
tandfonline	1
technicpack	1
singersewinginfo	1
reverb	2
dutchbros	1
everesttech	1
sexyfuckgames	1
emotorpro	1
cslplasma	2
natashacouture	1
talesbeyondbelief	1
azgfd	2
citationmachine	4
belajarpsikologi	1
madmomtube	1
weightwatchers	1
europapark	1
heavy	1
ea	3
buyautoparts	1
boxed	1
zazzle	1
kvoa	1
allstate	1
game-debate	1
cengage	1
terrasilantifungal	1
naukas	1
foxsportsgo	1
windows2universe	1
pcsx2	2
renewalcenters	1
paldf	1
pcworld	1
chowhound	3
jobs-to-careers	1
beautyhealthtips	1
commsec	1
popcrush	1
summithut	1
adultswim	1
samsclub	2
systemrequirementslab	1
earwolf	1
zx-10r	1
dealscube	1
hollisterco	1
frysfood	1
boomja	1
firstmortgageco	1
androidauthority	3
pvlearners	1
wikiwand	2
slickdeals	1
allenisd	1
usatoday	2
drudgereport	2
statista	1
yupptv	1
outletpc	1
cotton	2
baroncapitalmanagement	1
thefreedictionary	2
footyroom	1
cosplay	1
mariogame	1
foreignpolicy	1
nationalparalegal	1
razersupport	1
tentonhammer	1
nexusmods	2
thedailybeast	1
wetwebmedia	1
nike	3
playstation	2
breitbart	1
xda-developers	1
healthequity	1
oxforddictionaries	2
custompatches	1
bulknaturaloils	1
newegg	1
unix	1
hayatouki	1
lavidamassagechandleraz	1
bankrate	1
cityslide	1
couponfollow	1
blizzard	1
miniclip	1
celebjihad	1
imdb	14
kkkknights	1
phandroid	1
aarp	1
dallasnews	1
collider	1
citrix	1
reviewjournal	1
videobox	1
frys	2
pfaff	1
booknode	1
brainyquote	2
mcso	1
reservations	1
prepregs	1
seriouseats	1
elinemedia	1
shadersmod	1
arizonalottery	4
8muses	2
bestbuy	2
uni-lj	1
hospitalsafetyscore	1
sap	1
macys	1
saveur	1
rxlist	1
nbcwashington	1
pbisworld	1
otaotakon	1
knowyourmeme	1
match	1
honda	1
willardswormholes	1
ibrasilmundus	1
irishtimes	1
cewekbugil	1
shmoop	3
harvard	1
ball-pythons	1
xump	1
backstage	1
lifehacker	1
originalsammies	1
ckboutiquebeautybar	1
c-span	1
worldstarhiphop	1
purna-yoga	1
bryandouglas	1
yuccatap	1
sdtrucksprings	1
easybib	3
dealsplus	2
washingtonpost	3
wfmu	1
wwe	1
epicurious	1
nvidia	2
dailymail	3
foodconspiracy	1
cigna	1
battlefleetgothic-armada	3
twncorp	1
kisscartoon	2
lowes	1
visit-rimini	1
valvesoftware	1
goodwillsouthernaz	1
nomeatathlete	1
tvtropes	1
tarot	1
hotschedules	1
bayteccontainers	1
angrytrainerfitness	1
sarkarzone	1
cornell	2
ptcb	1
hobbyfarms	1
righthonda	1
trabajo	1
ausetute	1
slither	3
eastvalleytribune	1
lds	2
cinemablend	1
burnaware	1
funimation	2
xn--vipbx-p29a	1
documents	1
bigresource	1
xnxx	6
hartz	1
surrenderat20	2
usgovernmentauctions	1
smashburger	1
galoremag	1
championselect	2
bdcraft	1
photonengine	1
avianca	1
jeepforum	1
sakrete	1
plex	1
pagesix	1
myfreecams	1
t4g	1
icy-veins	1
hotmath	1
goleansixsigma	1
marriott	1
hoo	1
manporn	1
urbandictionary	2
zillow	9
yal	1
trackertick	1
hbogo	1
smartwatches	1
key-gen	1
scottsdalecc	1
for-minecraft	1
mtgsalvation	2
allisontransmission	1
nextrio	1
jimmyjohns	1
ibm	1
hp	1
alecbradley	1
monticello	1
daftarperusahaan	1
costco	2
visualstudio	1
latimes	1
jokes4us	1
walgreens	1
fightfantasies	1
bellford	1
thestreet	1
latintimes	1
tvbfan	1
esupplements	1
stackexchange	1
livecareer	1
ok-corral	1
smith-wesson	1
whocallsme	1
livestrong	3
ghacks	1
purdue	3
thetruthseeker	1
sun-sentinel	1
aada	1
wekopa	1
datpiff	1
playmonopoly	1
motherless	1
kididdles	1
freeshippingday	1
mycarmakesnoise	1
reddit	33
oneindia	1
carhiredirect	1
beautyhows	1
anime-sharing	1
unl	2
carnegie	1
militaryfactory	1
thehairypussypics	1
pearsonmylabandmastering	1
spacemov	3
dealighted	1
endmemo	1
buybuybaby	1
remingtonsociety	1
ukastroimaging	1
appliance411	1
mangafox	2
allentheatresinc	1
e-sportsbetting	1
att	3
azcentral	1
purplemath	1
searchall	1
cusd80	1
baseball-reference	3
kobznation	1
getkahoot	1
abc15	2
supercell	1
trackdepot	1
boschautoparts	1
pillsbury	1
whitedust	1
azlyrics	4
yelp	9
patorrent	1
bbc	1
googletune	1
outlook	1
stop2shop	1
hrw	1
detatt	1
worldsoldestrodeo	1
nexon	1
bestsmallcampers	1
cbs	1
mistressdestiny	1
cinemark	2
clubpenguin	1
mycleanpc	1
healthtap	1
dnaindia	1
rushlimbaugh	1
lanotterosa	1
slideshare	1
dropbox	2
consumerreports	1
nbcnews	1
granbayapartments	1
singerco	1
gunsandammo	1
10times	1
wolowtube	1
constitution	1
stihi	1
ceramicartsdaily	1
webcamtoy	1
rona	1
costcophotocenter	1
timewarnercable	1
backpacker	1
myself	1
nfl	2
larkspurapts	1
epicrides	1
ancient-origins	1
cheapoair	1
harborfreight	2
yumaregional	1
feastuponthewordblog	1
wccftech	1
techrepublic	1
back2college	1
bulbagarden	2
harrisbank	1
moobot	1
memekabg	1
desiringgod	1
naked	1
marchnetworks	1
gazette	1
gcrafter	1
fanfiction	3
hackcrunch	1
mediaed	1
louisvuitton	1
indiewire	1
yourdictionary	1
redbox	1
ironmaiden	1
nanocs	1
paypal-prepaid	1
karanpc	1
lonelyquest	1
madisonenterprise	1
huffingtonpost	8
disney	1
taonline	1
ti	1
bragmybag	1
reviewsinsider	1
kickasstorrent	1
wikispaces	1
watchfree	2
discounttire	2
outback	1
pizzahut	1
kob	1
xmovies8	1
britishspanking	1
gohawaii	1
etsy	6
healingwow	1
myib	1
ownersdirect	1
skechers	1
city-data	1
corsair	2
xdcycle	1
albumkings	1
dartsearch	1
tumbleweedhouses	1
keranews	1
apple	8
xanimeporn	1
bt	1
loudoun	2
suzohapp	1
musiciansfriend	1
gettimewarnercable	1
searchquarry	1
doxo	1
ftbwiki	2
css-tricks	1
days	1
pornhub	13
healthgrove	1
verizonwireless	1
resellerratings	1
ubc	1
tallcloverfarm	1
bestlubeforanal	1
dathost	1
cracksurl	1
catholic	2
bintang21	1
tinyumbrella	1
debian	1
ebay	20
successful-website-design	1
calendar-12	1
wellsfargo	2
daisycottagedesigns	1
steelbrick	1
