bikemanforu	1
lookcycle	1
roomstyler	1
catonmat	1
tvpharm	1
chestofbooks	1
wbstudiotour	1
lah	1
gaminde	1
sweden	1
gigacircle	1
yiko	1
eskan	1
esa	1
marcjacobs	1
thonky	1
quickenloans	1
royalmail	1
24livenewspaper	1
ptxofficial	1
powayusd	1
hanaumabaystatepark	1
lovetoknow	1
pueblotapas	1
cashvideotube	1
lortelaward	1
rentals	1
maximumrealtypm	1
ponggame	1
ekmmetering	1
smccd	1
ero-ani	1
digitalcrace	1
topreviews	1
9gag	2
dailysudoku	1
ox	1
sonicresearch	1
andrewjacksonjihad	1
thewindowsclub	2
publiclibraries	1
acegroup	1
evenues	1
biology-forums	1
sidereel	5
visiontrainingsystems	1
detectiveconanworld	1
lynda	1
sciencedirect	2
creditloan	1
gtainside	3
168	1
ndtv	4
alt-codes	2
sheetmusicdownload	1
abc7news	2
indiegames	1
horseclicks	1
salonrepublic	1
360nobs	2
conmebol	1
tosbase	4
dancehallreggae	1
wordplays	1
truebluela	1
insidermonkey	1
mega	1
finalhomework	1
405th	1
editsgalore	1
businessdictionary	3
olderbytes	1
kymkemp	1
siriusxm	2
magentocommerce	1
sciencenotes	1
verisk	1
driving-directions-maps	1
songlyrics	2
harealtors	1
fenglee	1
androidforums	1
funeralhelper	1
uniqlo	1
wattpad	2
dreamincode	3
endvawnow	1
ibiza	1
laopera	1
banatstylegames	1
ejdirga	1
mandarin-airlines	1
graphicriver	1
mybb	3
ledauphine	1
trulia	22
fix4dll	1
codigoaqui	1
swgas	1
pge	4
fineartamerica	1
hotels	2
upcominghorrormovies	1
almanac	1
blockposters	1
santana	1
valhallaschools	1
moosacreeknursery	1
onlinemoviespro	1
vons	1
cheatcc	1
hercampus	1
aheadworks	1
amphenolrf	1
c9	1
plumperpass	1
angelblog2006-angelena	1
videolan	2
tku	1
staterbros	2
freeflys	1
fridge-to-go	1
freeservers	2
cancilleria	1
thetalko	1
brobible	1
transexindex	1
teradatariver	1
haberler	1
hotgardens	1
uci	11
pastemagazine	2
medicalexpo	2
fourteengolf	1
classicindustries	1
thumbzilla	1
bloomingdales	1
sdmts	2
comcast	1
bestmmorpg2016	1
wizards	7
traveletcetera	1
charitynavigator	1
kingarthurflour	1
liptontea	1
pearsonhighered	1
gzamanda	1
full-house	2
jegs	2
blacksportsonline	1
pinimg	5
wanderu	1
cyberzhg	1
dresslikeaparisian	1
globfx	1
foursquare	3
thestructurescompany	1
csgoluckywheel	1
commonsensemedia	1
phim2online	1
falfiles	2
saddleback	1
comenity	1
cbs8	1
symbolab	1
evernote	1
bucknell	1
organicfacts	1
amantel	1
lesbiantube	2
blue-emu	1
coldwellbankerhomes	2
theinspiredeye	1
pikexxxtube	1
wptv	1
del-norte	2
sitestogo	1
wrestlezone	1
hard-light	1
cppreference	2
snopes	3
kayleighmcenany	1
mjcrealestate	1
gottabemobile	3
pride	1
danishskincare	1
pelicanparts	1
premierboatrvservices	1
desertusa	1
bmw	1
tvn24	1
newenglandlobster	1
avg	1
vcrealtors	1
freelogoservices	1
surlatable	1
archiveofourown	1
kresleycole	1
classzone	1
giftcardmall	1
phactual	1
zumper	2
merrickbank	1
greatvalues-coupons	1
rocketlanguages	2
destinycalcifiedfragments	1
mindingthecampus	1
jigsawgirls	1
cultofmac	1
bergstrominc	1
engineeringtoolbox	3
tumblr	57
idigitaltimes	2
sherpa	1
fontmeme	1
readcomics	1
workable	2
gogomovs	1
zkillboard	1
canterburyleather	1
flattirechange	1
legacy	2
animalplanet	2
bestofcoloring	1
meritushotels	1
icloud	5
geosat	1
abidjan	1
unrealitytv	1
uberestimate	1
venus	1
southrivertech	1
amasupercross	1
chicagotribune	6
wix	3
poemhunter	4
virtualbox	1
ycombinator	1
riverdeepbook	1
techinsider	4
macstube	2
gamehouse	2
skidrowreloaded	3
waltersaudi	1
rumandmonkey	1
poppriceguide	1
finishdishwashing	1
watchhentaistream	1
healthmaven	1
vulture	3
e2bn	1
bible	1
sfgate	19
yoshinoyaamerica	1
sparklebox	1
teamcracing	2
expressoparking	1
quintcareers	1
googleusercontent	2
harthosp	1
ocado	1
simply-hentai	1
wearemembersofthiscommunity	1
iphone-ipad-recovery	1
av1611	1
autonationtoyotairvine	1
gameofthronesseason6subtitles	1
nocccd	2
liveescortreviews	1
voyeurhit	1
hidesertstar	1
gamezhacktool	1
usda	3
mnn	3
lightstonesolutions	1
appracticeexams	1
sierrasurvival	1
image-line	1
ifixit	1
prospectmagazine	1
roxio	1
maangchi	1
w3	1
runningintheusa	1
mytaste	1
top10mais	1
jasonhanania	1
carcarekiosk	1
newsmax	2
reuters	4
diystrat	1
curbflip	1
mclasshome	1
movierulz	2
albaghdadia	2
jalopyjournal	1
yarn	3
uth	2
prozeny	1
beheardnow	1
nanowrimo	1
ratemyprofessors	5
averagejoerestoration	1
esea	2
hollandandholland	1
probabilitycourse	1
nasa	4
velocityreviews	1
indianexpress	3
romhustler	1
tokyotable	1
thefilesiwant	1
crufad	1
projectfreetv	4
mabinogiworld	1
ifunny	1
spirit	1
decks	1
tinaeftekhar	1
nahoku	1
assurancewireless	1
cambridge	2
estatesales	1
bf4central	1
harrys	1
apartmentratings	1
softschools	2
gamecopyworld	1
lolhentai	1
earthlink	3
gamedev	1
800notes	1
comicbook	2
lolskinshop	1
fuelzee	1
xbox	2
nerdist	1
kayak	6
reluctantgourmet	1
shape	3
cutv	1
thewatchseries	4
dorkdaddy	1
bankmobile	1
aol	12
regencypk	1
carnival	2
chatstep	1
couponsherpa	2
subscene	2
dignityhealth	2
desustorage	1
thechive	2
talklocal	1
wisc	2
caactioncoalition	1
adidas-group	1
vietbao	1
flavorwire	1
joaoleitao	1
facebook	299
wolframalpha	1
karambit	1
pcmag	8
ageofwushu	1
steampowered	20
empireriverside	1
cookinglight	2
gandermountain	1
stmarys-ca	1
jjshouse	1
cpm	1
seaworldparks	2
informationweek	2
scotch	1
yumyumdonuts	1
mycokerewards	1
answersingenesis	1
wincofoods	1
arboretum	1
airport-lost-and-found	1
buildinghomerepair	1
wedj	1
cmrfirearms	1
audible	1
inlinewarehouse	1
archive	2
westviewpress	1
zeibiz	1
liquidatorsguide	1
weebly	13
mol	1
openstudy	3
irvinecompanyapartments	3
yalescientific	1
engrade	1
sc	1
pinterest	46
atomicarchive	1
animeland	2
lazygirls	1
couponsmoon	1
rsmus	1
crayonbuddy	1
omegle	1
pokemonpets	1
neighborhoodchristianlawyer	1
bimmerpost	1
line25	1
bayareabubblesoccer	1
softwarecrackz	1
cleantechnica	1
mikeblaber	1
dictionary	12
shoppbs	1
ctvnews	1
cokeandpopcorn	1
bart	3
wolfram	2
noctrl	1
tvbucetas	1
news-medical	1
uniquerewards	1
studyspanish	1
onetravel	1
calculatorsoup	1
mubi	1
divinecaroline	1
favecrafts	1
northsouth	1
antennatv	1
funnyclone	1
jojomoyes	2
tmz	4
reaganfoundation	2
turkiye	1
audioholics	1
andririyantohmshe	1
examine	1
juicycouture	1
freetvall	1
mercurymarine	1
smithsonianmag	1
penthousepass	1
mrexcel	1
newmp3technology	1
baa	1
playstoreadroid	1
people	1
fazeclanstore	1
real923la	1
stockdaletrees	1
teamliquid	2
kanalukraina	1
thecarconnection	1
intoday	1
vikatan	1
gifsoup	1
crossroadsstaffing	1
jessica-chaw	1
lifehack	2
canneryrowinn	1
westeros	5
yibada	3
gameslol	1
missminimalist	1
latech	1
carsdirect	1
narkive	1
softwareadvice	1
gardenweb	1
minecraft-server-list	1
vaporseller	1
heathersanimations	1
audiogon	1
onemorelevel	1
etymonline	1
marketingprofs	1
ebookfriendly	1
carlsjr	3
mobogenie	1
contra-costa	2
carolshelton	1
homedesignoutletcenter	1
discountpaintball	1
bluecrossmn	1
lawnmowersplus	1
rectatech	1
rebootwithjoe	1
oneplus	1
goldenwestcollege	1
onceamonthmeals	1
crimemapping	1
sextgem	1
sevenbank	1
pengetahuanilmu40	1
sswd	1
fixpcdll	1
blankmediagames	2
thecookiedoughcafe	1
maths	1
clubic	1
scott-sports	1
dollartree	2
codegena	1
lasvegas	1
pizap	1
truenorthlogic	1
ncdsv	1
r2games	1
lwrmyork	1
naturalhairrules	1
plos	3
woot	2
urbanworkshop	1
californiasurvivaltraining	1
turbosquid	1
hi	1
timeout	4
dartmouth	1
petfinder	3
unicode-search	1
raptr	1
cnculture	1
npr	8
delta	3
myfigurecollection	1
northamericanmotoring	1
freevideopornxxx	1
prayerthatheals	1
utk	1
catamaranresort	1
overnightprints	2
sacramentopress	1
eclinicalweb	1
gohastings	1
rutgers	2
whatscookingamerica	1
yourcontact	1
tekrevue	2
newseveryday	1
permapools	1
colostate	2
taiwanholidays	1
streetsblog	1
viewpoints	1
osu	2
veggieboards	1
couponcabin	2
hellous	1
criminalattrny	1
salsaverderestaurant	1
norecipes	1
edfinancial	1
cargurus	5
issuu	1
wayfair	9
trutower	1
galileo-training	1
cakewalk	1
fullerton	3
fohonline	1
shamanlinks	1
youtubeonrepeat	1
logees	1
stsr	1
antherosflowers	1
pelis24	1
usbank	3
newhorizons	1
cumminsforum	2
aaos	1
qi	1
helpmefind	3
autoquid	1
golfsmith	1
dailykos	4
slutload	1
bikebandit	1
howtostartprogramming	1
standaard	1
web	1
atimes	1
key-downloader	1
bmwblog	2
zetaboards	2
tvsubs	1
apache	4
shutterfly	3
justjared	2
williams-sonoma	1
infoplease	3
abc13	1
shopify	1
palomar	4
libertymutual	1
gbf-wiki	1
truity	1
popcorn-time	1
parallels	1
thefightcity	1
casio-intl	1
runkeeper	1
gunpartscorp	1
salvationarmysouth	1
oxypowder	1
deseretbook	1
therabreath	1
steamgifts	1
drafthouse	1
fightnetwork	1
playstationtrophies	1
gkn	1
vin	1
supersummary	1
toppornsites	1
megashare	2
avvo	2
onlinediamondbuyingadvice	1
genius	13
pestleanalysis	1
ebooklib	1
doordash	3
kosherfamily	1
ngoisao	1
horoscope	1
pornsharing	1
yellowpages	12
lemoore	1
change	2
nipomodogandcat	1
fstoppers	1
asexon	1
tinydeal	1
safetydance	1
scamadviser	1
ul	1
probrewer	1
recipetips	1
overdoseday	1
nichetopics	1
esupplybox	1
vin-decoder	1
mathforum	1
emedicinehealth	3
smart4gwifi	1
firstwefeast	1
nudematureladies	1
pornwtch	1
wholefoodsmarket	1
drinkdrakes	1
utorrent	2
ipmrents	1
adamthomaswright	1
checkwhocall	1
animationmentor	1
onlinecreditcenter6	1
headphone	1
girlsaskguys	2
horseracingnation	2
naturalnews	2
apsu	2
homeadvisor	1
tcoe	2
governmentjobs	2
batmanstream	1
fashionista	1
easycalculation	1
leeschicken	1
isaiaruvi	1
arizona	1
zuhairmurad	1
diablofans	1
manualslib	1
splendidtable	1
fourhourworkweek	1
portauthorityclothing	1
a5oc	1
mensjournal	1
urbanoutfitters	3
wcdsb	1
study	6
dreamhorse	1
musixmatch	2
tistory	2
riderforums	1
gwu	1
maytag	2
leisurepro	1
yts	4
when-is	2
gamerescape	1
okcaller	1
tomshardware	20
priceline	1
internships	1
dantri	1
warthunder	1
inaturalist	1
hollwege	1
porn	2
mnfclub	1
vitals	1
scad	1
virustotal	1
mx3	1
enjin	1
egusd	2
seccionamarilla	2
companeo	1
calendardate	1
beeg	1
puregoldchokes	1
rapdose	2
healthhype	1
couchtuner	9
docs-engine	1
polishhearts	1
sourcesofinsight	1
free-douga	1
lyricsmint	1
cpu-world	1
creditcards	2
datscenter	1
wapwon	1
mcafee	1
regis	1
bananaidolshow	1
mikrosam	1
imsdb	1
polytechnic	1
svoitomaty	1
healthyplace	2
globalgoodspartners	1
getty	1
alanwallace	1
kelleydrye	1
ancensored	1
tribalhollywood	1
internationalculinarycenter	1
wordsinasentence	1
dotabuff	3
sugarfishsushi	1
italiazanmai	1
monkeyparking	1
giftcardspromocodes	1
renochapel	1
otorrents	1
autotrader	1
bestnest	1
gtamotorcycle	1
thebiglead	1
hotair	1
geartree	1
bbk	1
bustle	3
shaverranks	1
aerioconnect	1
f-rules	1
thetech	1
arturogarcia	1
zoomerang	1
autoweldchassis	1
sport	1
hoursinfo	1
dailydot	1
mikethompson	1
clubvaporusa	1
buhgalteria	1
eserviceinfo	1
m-me	1
saludymedicinas	1
codecombat	1
jcwhitney	4
ucsb	3
thetaxadviser	1
focus	1
digitalcitizen	1
eastbay	2
wiibrew	1
mynewplace	1
mrskin	4
watchcartoononline	1
mightyheaton	1
ucsandiegobookstore	1
shawsportsturf	1
jdslabs	1
beepi	1
castironpanstore	1
madrid-open	1
kissasian	1
theknot	3
theflama	1
tv	2
slack	1
icuracao	1
harpersbazaar	1
gardenguides	1
mildconcern	1
blackdeserttome	1
fedex	1
guasavemp3	1
iqiyi	1
lib	1
redestudiantildeantioquia	1
britishpathe	1
hip2save	1
usophthalmic	1
megamatureporn	1
giffgaff	1
usmagazine	4
lufthansa	1
rankingsandreviews	2
nihontoart	1
kaspercpa	1
citrusjunction	1
deluxeautosport	1
sunrisemountainsports	1
vamoscruzazul	1
ruinergame	1
ucreative	1
bluncklaw	1
proplugs	1
rentmen	2
tntdrama	2
tractorsupply	2
yale	2
downtoearth	1
torontoairsoft	1
tillys	3
myfonts	1
tenantstips	1
ccm	4
nesaporn	2
429tube	1
slate	5
caltrain	1
cityofsanrafael	1
accu-chek	1
colourpop	1
sigmauae	1
modx	1
hyperlitemountaingear	1
coleman	1
blueapron	1
zamnesia	1
humboldt	1
emule-project	1
supplementpolice	1
fuelcomm	1
gatherrestaurant	1
wrestlinginc	2
gethuman	2
smartmommyhealthybaby	1
123notary	1
wordfind	1
ultimate-guitar	7
xvideos	79
business-standard	1
literarydevices	1
wazmac	1
kitchen-design-ideas	1
jwlumber	1
foundationcorp	1
anything2mp3	1
sparkpeople	1
10mosttoday	1
dstyleinc	1
mayoclinic	8
nissanusa	2
coldsteel	1
opera	1
ubumwecommunitycenter	1
sanfoundry	1
seraph	1
gematsu	1
porn-movie	1
sdccu	1
distance-cities	1
qantas	1
faso	1
aclu-wa	1
bladehq	1
tf-works	1
greenplug	1
foxsports	7
freebirds	1
inches-to-cm	1
independent	3
travelsmith	1
hudl	2
andreamassagetherapy	1
rebrn	1
v3rmillion	1
clipartbest	1
eliteacademicessays	1
harvestcellular	1
mediafire	1
aestheticmedicalcenters	1
blockbustercostumes	1
dfo-world	1
boredpanda	1
ebags	2
theverge	3
keonhacai	2
armiesarmy	1
rollitup	1
tripod	2
matterhackers	1
tineye	1
downloadfilmgratis31	1
insidehighered	1
weatherspark	1
specialized	1
surfcityhbstore	1
stoptheclot	1
my	1
according2g	1
nordstromrack	3
mylifeeffect	1
femmeactuelle	1
spotify	13
aq	2
kodafarms	1
reviewzat	1
comunidadedodeserto	1
lapl	1
startv	1
familyfeudinfo	1
smokstak	1
dailyfinance	1
blavity	1
xwebporn	1
gradle	1
cyberjav	1
ink361	1
spanishdict	1
geeksquad	2
pirate4x4	2
bellacor	1
publishingcrawl	1
goodfinancialcents	1
dna	1
getyourwheels	1
nerdwallet	6
shuhua66	1
dfas	1
magickeylocksmith	1
thinkprogress	1
metacafe	1
geni	1
holidaychaser	1
bizex	1
topgear	1
nude-perfect	1
85porn	1
extraholidays	1
thewirecutter	1
cheapflights	2
softonic	13
thenewamerican	1
mangroveoutfitters	1
healthstatus	1
kastatus	1
userbenchmark	2
vatgia	1
popyourpup	1
ruxpert	1
wallethub	1
rawstory	2
lifeextension	1
rvforum	1
indiatimes	1
latenightcreeps	1
palcomp3	1
planetsuzy	3
salk	1
applyq	1
teamninja-studio	1
appcessories	1
californiapetpharmacy	1
thepiratebay-proxylist	1
naturalsociety	1
succubus	1
baixaki	1
tinychat	1
mobilecodez	1
lotteryusa	1
bowl-ca	1
scoutalarm	1
motorola	1
elsalvador	1
mao	1
ticketnew	1
btdigg	1
grabcad	2
thepennyhoarder	1
pandora	10
active	1
indiedb	1
amctheatres	2
duke	2
valenciacollege	1
funtrivia	1
aquamobileswim	1
cheesemaking	1
flamingtext	1
wizard101	1
diabetes	1
escapistmagazine	2
drummagazine	1
imilfs	1
society6	1
thegoatspot	1
freemicrosofttoolkit	1
megabus	1
catalinaexpress	1
mobilephonelocate	1
medicalbillingandcoding	1
tenmarks	1
sohu	1
johnmcgarvey	1
accuweather	1
pcc	1
zomato	1
imtranslator	1
quien	1
monster	5
javacodegeeks	1
lolking	2
gallo-law	1
redmangousa	1
tehama	1
mtv	2
nascar	4
healthy-holistic-living	1
peliculasrey	1
wellnessmama	2
tubetria	1
digitaltrends	3
sparknotes	11
quadcitiesdaily	1
scielo	1
in-n-out	1
cooks	1
themarysue	1
medscape	2
simplyhired	1
agroserver	1
wondersluts	1
fodors	3
truecar	1
apartmentlist	1
yaske	2
strangeengineering	1
livingspaces	1
buenamusica	1
shoutfactory	1
cypresscoveresort	1
askmefast	2
xu	1
howtoshopforfree	1
phim14	2
imagetwist	1
line6	1
sanjose	1
nursebuff	1
southbayskindoctor	1
localvets	1
printfree	1
ezwipers	1
sexpornasian	1
stonefoxswim	1
stanfordhealthcare	1
ricksteves	3
boomersparks	1
diez	1
amazon	266
niketalk	1
ttgames	1
who	2
lexusownersclub	1
futalog	1
rachelaldana	1
usa-people-search	1
dosatron	1
balboaparkcommons	1
canyonpark	1
zone-series	1
kiranico	4
quotewizard	1
javabyab	1
vdict	1
fishingnetwork	1
denofgeek	3
hbkb	1
femisex	1
medicowesome	1
thisgoodworld	1
crossfit	2
roadbikereview	1
omacl	1
toyotafinancial	1
christiananswers	1
photobucket	4
geico	2
romper	1
rapidresizer	1
appass	2
herballove	1
arizonaleather	1
adweek	1
mediashift	1
netmums	1
tempoagora	1
americanblinds	1
diyphotography	1
makemytrip	2
crunchyroll	5
villageinn	1
compass	1
coit	1
wvgazettemail	1
1800petmeds	1
ebcbrakes	1
vusd	2
paulblanco	1
monkeybreadsoftware	1
9movies	1
arikaplanadvisors	1
luzerneoptical	1
daftporn	1
getridofthings	1
ipauta	1
onehallyu	1
elclubdelosespiritusblancos	1
solpalmsprings	1
programmingsimplified	1
cotic	1
butzz	1
amd	1
cityfeet	1
pizza-chief	1
usapears	1
california-wills-trusts	1
baliyo	1
cafoodhandlers	1
engadget	3
ssa	3
songmeanings	1
digitalcybercherries	1
charlottehaven	1
powerblocktv	1
pornolandia	1
autoweek	1
apeirongame	1
downfreemagazine	1
voxfootwearinc	1
cpkelco	1
seoreviewtools	1
sportngin	1
grameenfoundation	1
groovypost	2
freedommortgage	1
healthcentral	1
overstock	7
repairpal	2
aboutautomobile	1
berkeleyprogressivealliance	1
hm	3
bitchmedia	1
sigalert	1
wmht	1
everlane	1
clarkhoward	1
learner	1
profootballfocus	1
destinytracker	2
ice-imaging	1
mcd	1
monterey	1
powerball	1
ballhonda	1
miniaturemarket	1
docusign	2
9nudist	1
oldwomensex	1
kentuckyderby	3
secondhandsongs	1
choicehotels	2
ereadingworksheets	1
nordicnames	1
marksmart	1
collegeofsanmateo	1
metrolyrics	8
ktvu	1
youfreeporntube	1
brainfuse	1
quora	37
artificial-life	1
theguardian	11
ssn-records	1
calorieking	1
finecooking	1
addictinggames	1
collinsdictionary	1
dvm360	1
jewishvirtuallibrary	1
hbowatch	2
teikametrics	1
gamerevolution	2
be88	1
al4a	1
zerotosuicidal	1
guguscerita	1
languageguide	1
lightspacetime	1
force	1
e-onsoftware	1
nyu	3
sierrafoothillgarden	1
oodle	1
vengeancewow	1
battleborn	2
iusedtobelieve	1
mtu	1
spyonvegas	1
bishopcreeksideinn	1
esbuzz	1
livescience	8
glassdoor	10
freenas	2
stanislausriver	1
inquisitr	8
walmart	33
goodmovierental	1
nist	1
cmsnl	1
dandwiki	1
auanet	1
americancoolingtower	1
solitr	1
sears	6
123-movies	1
wowinterface	1
attackofthefanboy	1
thedatingdivas	1
preggophilia	1
ausrotary	1
tracfonereviewer	1
guildwars2	11
qq	3
theroot	2
dr1	1
jeromes	2
pioneerelectronics	1
heritage	1
dunebuggyarchives	1
ghanaweb	1
bulkea	1
neko-san	1
diynetwork	1
casetext	1
allthetests	2
gimmethegoodstuff	1
automd	1
onefootdown	1
pewtrusts	1
knoji	1
yamunausa	1
wineinstitute	1
phishtank	1
kissmetrics	1
chinesetools	1
fc2	4
download-free-movie	1
brothersoft	1
seznam	1
anal-fissure	1
raverswag	1
kinja-img	1
fluentin3months	1
daredorm	1
sumitomo-shi-demag	1
2merkato	1
hpnotiq	1
spin	1
seaaca	1
asian-nation	1
ksbw	1
wifelovers	1
csusb	4
librarygardens	1
rentlinx	1
asianwiki	2
generalshale	1
famousfix	2
myrecipes	3
drugfreeworld	1
heart-of-paris-hotels	1
aneros	1
thecardboard	1
washington	2
lowmg	1
svusd	1
gamek	1
atigerinthekitchen	1
ptc-investigation	1
mysynchrony	1
usyouthsoccer	1
mynorthwest	2
kaitlyn-davidson	1
adultdvdempire	1
letsjerk	2
basketball-reference	5
razoremporium	1
wegelectric	1
masseysoutfitters	1
caesars	2
beforeitsnews	1
iptv-chanels	1
imobie	1
website101	1
novaskin	2
alleydog	2
pe	1
danielbranch	1
politicalresearch	1
americanmeadows	1
healthgrades	3
petmd	1
goo	1
journeys	1
notalent	1
arduinesp	1
polygon	2
vidatotal1214	1
3dcartstores	1
gundamguy	1
tsasdiresort	1
whatculture	3
hdsolarmovie	1
bandcamp	5
technicpack	1
justiceandpeacescotland	1
r-project	3
passwordmeter	1
reverb	1
blinds	1
damplips	2
csustan	1
freecycle	1
careerfoundry	1
kshs	1
creditexpert	1
wikiquote	4
wnbrla	1
cetaphil	1
snl	1
modcloth	1
plantsexpress	1
rcgroups	1
punktastic	1
hud	2
holostyak-tv	1
heavy	8
ea	2
arne-mertz	1
huzlers	1
summitracing	2
axiswake	1
thecompanystore	1
mysql	2
elitemodelsonline	1
lotterypost	1
byo	1
aramarkuniform	1
voiceofsandiego	1
foxsportsgo	1
twinsburg	1
ls1tech	1
riohondo	2
wikidot	10
toprateten	2
worldsadrift	1
selfpublishingteam	1
pcworld	3
medicalfuturist	1
mda	1
worldcurl	1
adultswim	1
aolmaillogi	1
specout	3
cichlid-forum	1
speedypin	1
fridaymovies	1
fittea	1
primecomputing	1
wikiwand	3
ginsbergs	1
cordevallegolf	1
curse	2
statista	2
oldwomanfuck	1
drudgereport	2
mathsisfun	1
edudemic	1
kentsbike	1
lennar	1
americancancerfund	1
hentaidream	1
cosplay	1
truthdig	1
jeffallenphotography	1
cadem	1
kuhnrikonshop	1
tentonhammer	2
90hc	1
pcgamer	8
huftheatingac	1
nexusmods	24
thedailybeast	1
nesinc	2
pawbly	1
skidrowrepacks	1
dreamwidth	2
slashnude	1
mayisbikemonth	1
ccsesa	1
learningace	1
remoteok	1
breitbart	2
uthscsa	1
sangabrielmissionchurch	1
zpostbox	1
thestampinpost	1
trailspace	1
smogon	3
newegg	17
sciencelearn	1
werockyourweb	1
hometheaterhifi	1
scalemates	1
studysoup	1
airsoftforum	1
murrieta	2
3guyshydro	1
golfadvisor	1
freecracksoftwares	1
ibtimes	7
graniterm	1
zing	2
greenandwhitesheet	1
gogomanga	1
anime-expo	1
danoah	2
mspaintadventures	1
reviewjournal	2
danielparkinsonblog	1
extratorrent	1
dailybulletin	1
normshangar	1
pornfifi	1
refworld	1
earlychurchtexts	1
nottingham	1
translate	1
crazygames	1
soxlaw	1
misscjmiles	1
femskin	1
nymag	1
creativebloq	1
el-nacional	1
avbuyer	1
tuoitre	2
diamondhelpers	1
theatermania	1
oticon	1
iran-livetv	1
alonti	1
bible-history	1
spoongraphics	1
csudh	1
cigarboxnation	1
designntrend	1
hdtvexpert	1
therideshareguy	1
aljyyosh	1
avetsguidetolife	1
ownplacer	1
mavic	1
directlyrics	1
kalinavillagehouse	1
planetcalc	1
mcdvoice	1
democraticunderground	1
crepevine	1
michaels	3
shmoop	6
clips4sale	1
lifehacker	6
dyncdn	1
icicibank	1
genkoreanbbq	1
star7arab	1
dinarrecaps	1
pstcc	1
ezcontactsusa	1
truth-out	1
protenders	1
timesofisrael	1
chordfrenzy	1
snapchat	1
knowyourmobile	1
msi	1
androidapksfree	1
hammondmanagement	1
wucker	1
pbsrc	1
tvtropes	8
shuttlefare	1
drexel	1
prehistoricanimal	1
travelrama	1
theghostdiaries	1
warmaths	1
ultimatemetal	1
crichd	1
panerabread	1
getbootstrap	1
sonymobile	1
ethsband	1
documents	1
womenshealthandfitness	1
lampsplus	1
boattest	1
xnxx	34
lifesongadventures	1
christiantimes	1
animepower	1
stregismb	1
advocatemag	1
apushreview	1
d3mfoxizwrqdu	1
srvusd	1
pregchan	1
pbssocal	1
teamshuriken	1
bnpparibasfortis	1
subhd	1
urbandictionary	24
realtek	2
maksimchmerkovskiy	1
pfsense	1
bitbucket	1
laneguide	1
apniclub	1
pronouncenames	1
akamai	1
nicovideo	1
apornstories	1
monistat	1
tablespoon	1
ganoexcel	1
hndme	1
recursion	1
hannaone	1
doubleclick	1
bab	1
sdjcc	1
jokes4us	1
jbl	1
vanityfair	4
writerparty	1
dyersonline	1
toshiba	1
animmex	1
dotmed	1
flowershopping	1
dengekionline	1
livecareer	2
isixsigma	2
zap2it	2
pamf	1
errortools	1
phantaris	1
electriciantalk	1
guitarparty	1
ghacks	1
leafscience	1
famousbirthdays	5
49ers	1
checkip	1
easyroommate	1
consumeraffairs	2
encyclopedia	3
stratics	1
icelandtours	1
aldhma	1
hentaihaven	3
localpuppybreeders	1
playmonopoly	6
php	1
bmfwallets	1
lightfair	1
ncsl	1
designerera	1
95octane	1
capitalone	7
csub	1
psu	3
wallpaperswide	1
anime-sharing	2
archlinux	1
nccn	1
robotsandquicksand	1
intel	2
gmail	2
tabelog	1
appliancepartscompany	1
square-enix	3
accountingformanagement	1
portatech	1
saksfifthavenue	3
z0x	1
verizon	1
thebackshed	1
moproauto	1
leakforums	1
napo	1
honda-tech	1
catholiceducation	1
cliphunter	1
att	20
gabrielecirulli	1
bonanza	4
mtb-news	1
bdmonkeys	1
umpquabank	1
buttermouth	1
baseball-reference	1
ontri	1
proflowers	4
eminentedu	1
rentblurb	1
entrepreneur	1
peralta	1
costofwedding	1
pokemon	2
eventbrite	1
stanfordflipside	1
rcmusic	1
yelp	83
compositesworld	1
findhotel	1
foodallergyawareness	1
dlsite	1
englishthesaurus	1
essentialdayspa	1
americanmusical	1
gamewitch	1
victoriassecret	2
southernfriedchics	1
livelib	1
purefinancial	1
literotica	2
tecspecialty	1
thelatestmeditationnews	1
cleveland	2
bonappetit	4
teengirl-pics	1
africaguide	1
lycos	3
gamefly	1
boardingarea	1
bikeberry	1
fxcm	1
blueavocado	1
headblade	1
pornjam	1
chicagonow	1
curology	1
conair-store	1
lareels	1
pepsico	1
balancedsolereflexology	1
slideshare	8
aeromexico	2
java-examples	1
freedownloadmanager	1
gamerelated	1
thefrugalhomemaker	1
bbvacompass	1
your	1
close5	1
austintexas	1
storesavings	1
pressreader	1
malwarebytes	2
fox5sandiego	1
pix11	1
dailynexus	1
geology	2
jlaudio	1
fresnostate	2
answers	9
scholastic	2
alymonroe	1
mapquest	8
dailycal	2
myforex-blog	1
oldskooldjsets	1
osxdaily	1
metrosystemsinc	1
hardforum	1
blm	1
westex	1
wishesmessagessayings	1
gmo-compass	1
swann	1
vindecoder	1
benzo	1
steampowers	1
legoland	1
afrma	1
uoregon	1
ctrringshop	1
sharemycoachsonoma	1
sciencedaily	2
findtestanswers	1
huffingtonpost	31
melanoma	1
3dprint	1
smutmodels	1
ukuchords	1
xojet	1
choco-pan	1
socialgrand	1
tedcruz	1
uukanshu	2
reptilesmagazine	1
stevesreno	1
blenderguru	1
wikispaces	2
upi	1
sanden	1
mikeholt	1
studentdoctor	4
cricut	1
audizine	1
adammclane	1
qimacros	1
christianitytoday	2
corsair	1
cartwheelart	1
sade	1
dartsearch	6
vans	1
syncios	1
challonge	1
tesalliance	1
nwf	1
acceptancenow	1
beeradvocate	1
maryspizzashack	1
bt	2
amigobulls	2
iedm	1
rawporn	1
leafly	3
mercedes-amg	1
krcrtv	2
palmspringslife	1
transferbigfiles	1
mundokodi	1
vape-box	1
pornhub	74
deathindexes	1
jossandmain	1
thebroad	3
sjsu	12
americasbestvalueinn	1
catholic	1
chicagobears	1
hitfix	3
yellowbook	1
westernunion	2
digitalocean	1
esportscareer	1
ikea	5
undergroundelephant	1
cheatinfo	1
wellsfargo	16
safariguideafrica	1
dolldivine	1
go	49
accessmycardonline	1
kissmanga	3
eroticbeauties	1
vaniashop	1
cv	1
yahoo	202
coupons	3
linux	1
newzealand	1
cfmnation	1
zerohedge	2
ford	1
mc-tr	1
timbers	1
arcadiaca	1
yourguidetoitaly	1
eonline	3
ffsplus2	1
kitchenaid	1
vuidown	1
nhentai	3
supercheapcar	1
onlinefreemovie	1
courtyardsapts	1
lenntech	1
thesmokering	1
canon-asia	1
flightmapper	1
bouldercreekrvresort	1
wickerwoman	1
bungie	1
snagajob	3
reddcointalk	1
twcsportsnet	1
cheaptickets	2
honda-performance	1
y-3	1
springer	1
solarviews	1
neighborhoodscout	2
nascarlivetv	1
seatgeek	4
eurogamer	1
lawwestartv	1
guitarcenter	7
infopult	1
mymanga	5
lataxi	1
foamnights	1
videosdemadurasx	1
visitcarlsbad	1
sports-reference	1
10minutemail	1
clker	1
cashmoneylife	1
megalink	1
esanime	2
comparaboo	1
nest	1
investors	2
musicpleer	1
gamespot	13
starbucks	5
forestcamping	1
capitisrealestate	1
unige	1
makeuseof	7
cbssurvivorcasting	1
svtuition	1
selfgrowth	1
pokerfraudalert	1
pekoetbar	1
weforum	2
polyhigh	1
ruiwen	1
grwestcatholic	1
denniskirk	1
okcupid	3
rarlab	2
dailymakeover	1
internetslang	5
teacherspayteachers	1
mic	1
righteverywhere	1
elitedaily	1
fbfeudguide	1
minecraftforum	6
porndig	1
opentable	4
ggplot2	1
msn	4
uship	2
companyegg	1
uwdress	1
sickdownload	1
rivithead	1
thisoldhouse	2
sexhungrymoms	1
talkbass	1
biblehub	2
efile	1
insiderspicks	1
muscleandfitness	1
paradoxplaza	1
tuyensinh247	1
sale-tax	1
centralmortgageonline	1
news4j	1
gizadeathstar	1
lexus	1
qdoba	1
summitpost	1
youtubeonfire	1
dogswithoutborders	1
chefsteps	1
ebates	1
eatingwell	1
the-cosmetic-surgery-directory	1
warbyparker	1
readwritethink	1
techcrunch	1
moonbargains	1
selectaticket	1
viviun	1
purecars	1
elotalk	1
sportingnews	1
sherdog	1
alohayou	1
downcomforterexpert	1
sdfair	1
segagagadomain	1
race-dezert	2
pacsafe	1
biginterview	1
animalcenter	1
gettyimages	1
readthedocs	2
vcheckglobal	1
poetrysoup	1
the-digital-picture	1
pinballmuseum	1
naturallycurly	2
armynavydeals	1
ducati	1
bbb	4
highya	1
robertearlkeen	1
cbuonline	1
iucnredlist	1
panasonic	1
theglobeandmail	1
qvc	1
roku	1
lenovo	3
anadolurisk	1
sritown	1
hardsextube	1
hazetobacco	1
fastfoodmarketing	1
washingtontimes	1
ew	7
vsp	1
origin-lab	1
jonloomer	1
checkpermits	1
paragkhanna	1
hondafinancialservices	1
amtrak	5
putlockermovies	1
wiggleroom	1
apa	2
treetorrent	1
durexusa	1
psychologies	2
sbnation	4
tnaflix	1
hanes	1
bradsdeals	1
gamer	3
thurrott	1
htconem10plus	1
worthpoint	1
girlgonecountry	1
checkngo	1
thebookaddictedgirl	1
aqa	1
ccalliance	1
connoisseurusveg	1
jcrew	1
un	1
kongbakpao	1
tisanunweededgarden	1
hulu	5
lightfortheday	1
optifine	1
1happybirthday	1
watchwrestling	2
13radicalriders14	1
fantasynamegenerators	5
anchorfree	6
nj1015	1
surveillance-video	1
alrseefa	1
sylhetwap24	1
cnn	25
d127	1
aloeplant	1
grubhub	1
fortbendisd	1
newark	1
knowing-jesus	1
merricb	1
smud	1
rideapart	1
mindandmuscle	1
perezhilton	1
medicare	2
grasscity	2
trendinalia	1
hewitt	1
wordreference	2
rss2search	1
diychatroom	1
evine	1
topgambar	1
quartermaester	2
ximage	1
robertodurville	1
tenplay	1
trivago	1
citador	1
logitech	1
bcps	1
chosenrebel	1
ironman	1
bee-man	1
optic	1
time	6
echo	1
playstationnetwork	1
thinkgeek	1
veppocig	1
thehackernews	1
asmart	1
zhihu	2
vonbeau	1
goliath	1
stltoday	1
childdevelopmentinfo	1
simplehelp	1
guitarmasterclass	1
flashback	1
kindgirls	1
jamesallenlibrary	1
traditioninaction	1
firstbankcard	1
csdn	1
kitschycuisine	1
zonlinemovies	1
anaheimrvpark	1
soychile	1
odu	1
lg	1
riotgames	1
desiserials	1
mobilevids	1
shakeshack	1
rethinkinghistory	1
sanbornsinsurance	1
savannahcattery	1
sonicbids	1
fasb	1
littlesistersofthepoor	1
eslstation	1
clickdimensions	1
kohls	7
metro	2
gokartsusa	1
hierarchystructure	1
searchincognito	1
mysanantonio	1
viki	3
camster	2
planetshoes	1
allwomenstalk	1
toyota	2
lvmwd	1
honeymoon-japantour	1
ameli-sante	1
jbox	1
xtensionarcadecabinet	1
conserauae	1
school-ratings	2
uky	1
publicstorage	1
nulik	1
igfap	1
ideal	1
fiercetelecom	1
boyfriendtv	2
mediotiempo	1
hsn	1
asu	1
eftours	1
acura	1
putlocker	18
tahoesail	1
umn	2
creditinfocenter	1
kristineskitchenblog	1
ucsd	13
aber	1
ashemaletube	1
oxidemod	1
blockstring	1
malarkeyroofing	1
dicionarioinformal	1
btio	1
newsok	2
road	1
peachpit	1
fredrickramondlightinglights	1
gay-ville	1
buzzfeed	15
apu	1
pathofexile	1
superbrainyoga	1
sparktecmotorsports	1
upcounsel	1
flooranddecor	1
kohler	1
hiphopvip	1
oneonta	1
questrade	1
projectnexus2	1
berkeleyhumane	1
shopmainplacemall	1
fertilityfriday	1
hbonow	9
tubepatrol	6
apastyle	2
myfrenchlife	1
craftonhills	1
ucdavis	13
hilton	4
senac	1
civilbeat	1
vector	1
thetollroads	3
gopitbull	1
ec21	1
popularmechanics	1
daybreakgames	1
ups	6
freeonlineresearchpapers	1
laspulgas	1
uowm	1
fleshlight	1
downvids	1
allrecipes	29
myhusky	1
cmpmedicalgroup	1
srisd	1
atdmt	1
northerntruthseeker	1
crosswordtracker	2
peopleandsongs	1
sonidosmp3gratis	1
tappan	1
teengirlserotica	1
gardnerjunction	1
ondemandkorea	1
tinyhouselistings	1
lq	1
traegergrills	1
wordnik	1
thecatholicspirit	1
kudoslookup	1
hdmovie14	1
bgrademoviez	1
learnersdictionary	2
out	1
brainly	2
dsw	1
luigisrb	1
quabook	1
nibblebit	1
st	1
bu	1
moderndogmagazine	1
lawguru	1
ucsc	4
speakeasy	2
bleepingcomputer	2
hopster	1
mountainmikes	1
guyscreampie	1
puffitup	1
lowfares	1
pyd	1
thebrickfan	1
ycharts	1
mdquit	1
educosoft	1
ausl	1
brockreport	1
printplaygames	1
nationalfurnituresupply	1
adaa	1
ebookpdfsdownload	1
gablehousebowl	1
mycabalgold	1
cheapbats	2
uwec	1
crystaldelights	1
jarir	1
montanaarmynavy	1
riftgame	1
9greenbox	1
ocmarathon	2
instacart	1
celebriot	1
aria	1
teachpe	1
creditkarma	1
lawa	1
simpliphipower	1
testbench	1
northgatemarkets	1
americanexpress	6
attunedvibrations	1
pilotwear	1
calls	2
instidy	1
cleanpathrecovery	1
ucdsb	1
badoo	1
paccoast	1
bumped	1
realincestvideos	1
biddytarot	1
collegeboard	26
pressdemocrat	1
senate	1
supervideogamebros	1
christschapel	1
allnurses	1
membean	1
cosmopolitan	1
finishline	2
swtor	2
bleacherreport	7
perfumania	1
royal-care-cosmetics	1
mothershipglass	1
helpguide	1
historyvshollywood	1
kaylaitsines	1
qz	1
databaseanswers	1
carodeo	1
livejournal	1
animefillerlist	1
autodesk	3
bbcnbank	1
originsf	1
rationalwiki	1
moviesunlimited	1
cutco	1
boredbutton	1
typing	1
doheny	1
usgamer	2
ooreka	1
cosmicawareness	1
lakesidecafe	1
guidingtech	1
toonova	2
puzzle-maker	1
yespornplease	1
integral-calculator	1
ljg	1
hanmi	1
chegg	19
quotev	2
nudography	2
anntaylor	1
bestforkodi	1
knowyourbike	1
zophar	1
allphotolenses	1
everydayhealth	3
pikore	1
nordstrom	4
genebase	1
familyhandyman	1
speckproducts	1
billet-speed	1
act	1
fuwanovel	1
worldatlas	2
snodownpromotion	1
openhardwaremonitor	1
m4carbine	1
microsoftstore	2
nba	14
mqs	1
scipy	2
fnac	1
watchonlinecartoons	2
bluebookofgunvalues	1
twcenter	3
pbworks	2
builtlean	1
primewire	5
cbssports	4
arthritis-research	1
loweryourspending	1
howlongtobeat	2
vandelft-advokaat	1
revolvy	1
elsegundo	1
telescopio	1
definicion	1
ocregister	2
mojang	2
computerworld	1
fiveguys	1
laweekly	3
spiegel	1
beenverified	1
dairyqueen	1
playbuzz	1
acousticsounds	1
audiokarma	3
goldengatecorgis	1
tahoesouth	1
bronzebushings	2
rbsrhel	1
coasttocoastam	1
mangasaurus	1
snapguide	1
sacramento	2
pornmd	2
nasdaq	1
pho	1
wi	1
frogsleap	1
thecheesecakefactory	2
reviewed	3
first-access-rent-to-own	1
ncaa	1
movoto	1
techradar	4
gutefrage	1
blockshopper	2
battlefield	3
hypnotherapy-directory	1
yogagypsy	1
computerhope	2
snipershide	1
nba-stream	1
nenrei-hayami	1
freehosting	1
nutrisystem	1
qiita	1
pedigreefoundation	1
softarchive	1
centralcomputers	1
swracecars	1
aboutdoggies	1
utexas	1
teslamotors	2
calculator	2
golfdigest	1
macmillanmh	1
mbed	1
tfaoi	1
miwallcorp	1
youarenotsosmart	1
kiwaniskids	1
homedepot	30
soul-riders	1
stapleton-spence	1
comptorrent	1
flashcardmachine	2
globalpost	2
kijiji	1
pcpartpicker	1
uebersetzung	1
7178	1
wildyakfilms	1
lamar	1
mrifresno	1
ipsy	1
simplypsychology	1
celebdirtylaundry	2
newkdrama	1
hamilton	1
picmonkey	1
usps	15
aradanicostumes	1
schoolloop	5
thefullwiki	1
movietubenow	1
thesaurus	18
alcoda	1
thesystemadministrator	1
mercyhousing	1
aiomp3	3
paperrater	1
ulmf	1
redmondpie	1
3dvia	1
refractiveindex	1
carcomplaints	1
wordmagicsoft	1
reverbnation	1
topodesigns	1
jabra	1
pokemondb	3
flvto	1
watchonlinefree	1
yogurt-land	1
omegafilmeshd	1
campussports	1
winelibrary	1
webassign	1
mysubscriptionaddiction	2
unitconversion	2
equinenow	1
tate	1
fullmoviestoday	1
fontpalace	1
boxturtles	1
adventherald	1
legalplans	1
savemygame	1
focushereandnow	1
mentalhelp	1
luc	1
clipconverter	2
byu	2
comuni-italiani	1
maxwellrender	1
acronymfinder	1
vidtomp3	1
bandsintown	1
kidsfootlocker	1
uspresidentialelectionnews	1
leela	1
giraffeconservation	1
stmarypalms	1
accenture	1
matthewsvolvosite	1
gecode	1
sexix	1
koreaboo	2
historytoday	1
redchillies	1
caller	1
sayingsforchurchsigns	1
efficientlearning	1
tune	2
cjponyparts	2
candycoatedteens	1
customwheeloffset	1
filmesonlinegratis	1
francetvinfo	1
coloniallife	1
aclibrary	1
tunersports	1
automobile-catalog	1
arabsexweb	1
pinkbike	1
charlesproxy	1
solarmovie	5
aasf	1
foodnetwork	10
deviantart	21
toptenreviews	1
neckdeep	1
abc7	2
mangafever	1
cmohs	1
belize	1
bhphotovideo	6
nudim	1
urbansitter	1
downloadsx1	1
atavismonline	1
partycity	2
draxe	1
hasbro	1
absolu-modelisme	1
madfitnesssb	1
uclabruins	1
whatdigitalcamera	2
evercoat	1
hbr	4
lifesmith	1
anniemcelwain	1
vakifbank	1
firstraterentals	1
zeldacosplay	2
lolnexus	1
truyensex	1
online-life	1
intuit	5
meatmenstore	1
altegrahealth	1
e-hentai	3
dreamhomesmc	1
desmos	2
freeforums	1
fiercehealthcare	1
fixya	1
gala-ben	1
hsw	1
autoanything	3
tvwbb	1
webster-industries	1
mothersdaycentral	1
moxnews	1
newspapers	2
greene420	1
capcom	1
polyratings	1
schwinnbikes	1
drinkhacker	1
bakersfieldchristian	1
greybox	1
chron	2
eyesofthebeast	1
stablemanagement	1
pretendyoure	1
marioandretti	1
jackthreads	1
studentsagainstdepression	1
hotelscombined	1
baseballamerica	1
netgear	1
potterybarn	1
wannasurf	1
indeed	22
bato	1
frostytech	1
leasticoulddo	1
mmos	3
airfrance	1
lyricsmode	1
emmicorp	1
vitalbmx	1
studymode	1
gomlab	1
spacebattles	1
brdteengal	1
pokecommunity	1
pornbb	2
culturesforhealth	1
windowsreport	2
toysrus	3
liquidaminodiet	1
bose	2
gowrhetia	1
askubuntu	5
nypost	3
steamcommunity	44
fantasyflightgames	1
listenonrepeat	3
thisisbarry	1
machomoda	1
txori	2
physicsforums	6
onlineshoes	1
thoughtcatalog	2
bandainamcogames	1
whitestarhistory	1
accesswireless	1
jockeyclub	1
keyshot	1
owencarpet	1
fileviewpro	1
horizonstructures	1
appletvhacks	1
marthastewart	4
watchersonthewall	1
bethsoft	1
docking	1
indexxx	2
citymapper	1
theroxy	1
dandudley	1
pickthebrain	2
uoa	1
metmuseum	1
1mtb	1
hhclassic	1
heubachlandscapedesign	1
padhc	1
socialparadox	1
gurl	1
slyparkcenter	1
easygoingsurvey	1
wapphackonline	1
jobzed	1
stuff	1
beastiegals	1
containerstore	1
teachfromanywhere	1
houselogic	1
newbalance	1
anime-planet	1
kellysfitnessplus	2
chatrandom	1
torrents4all	1
radioshack	1
erau	1
raileurope-japan	1
yifymovie	1
novell	1
headphonescompared	1
filmku	1
mos	1
digiday	1
salon	2
myfreetextures	1
nialtima	1
hatsunlimited	1
xxxtubelove	1
acehardware	1
coinmarketcap	1
cycletrader	3
teranicouture	1
weddingideasmag	1
parkeronline	1
car	1
skymall	1
mademan	1
fangraphs	1
spankwire	2
berkeleycentral	1
childwelfare	1
summonerswarskyarena	2
materdei	1
411mania	1
boxofficemojo	1
hemmings	2
csgostash	2
frontier	3
cnsnews	1
alcyius	1
csoonline	1
midwayusa	2
pornharmony	2
pct14	1
flyertalk	1
isdownrightnow	1
importavehicle	1
xlxxporn	1
weloveblenders	1
ocgov	1
piggybackyard	1
v4	1
merck-animal-health	1
credit	1
4tests	1
elsiglodetorreon	1
godaddy	3
use-enco	1
skinbase	1
epilepsysociety	1
tommartinswebsite	1
ihatetaxis	1
onthehub	1
ccic-sj	1
supertrapp	1
monkeyedge	1
khanacademy	12
teamspeak	2
backcountry	1
sdrock	1
flamesofwar	1
swinglifestyle	1
autobytel	2
hcstarck	1
simmonds-associates	1
relianceglobalcall	1
jamesbay	1
mhbay	1
bol-chat	1
tickpick	2
gotporn	1
k2nblog	1
with2	1
whatsapphacking	1
hymnal	1
vg247	8
macperformance	1
wyomingpublicmedia	1
uscis	7
iranpaper	1
91danmei	1
beligans	1
stardewvalleywiki	3
petspet	1
zone-telechargement	1
ic-network	1
bowrap	1
visitsedona	1
sgiftcard	1
vivinavi	1
blackdesertfoundry	1
bellhelmets	2
autoblog	4
refinethemind	1
csulb	3
notepad-plus-plus	1
e3rfkora	1
billmillerbbq	1
plantlifeonline	1
redfin	11
recroommasters	1
traumaticbraininjury	1
magiciso	1
planetnatural	1
zamzar	1
yoo7	1
bluehost	1
solvusoft	1
ask	4
twitter	100
tvnihon	1
amway	1
citizenwatch	1
templateof	1
buzzmath	1
flstudiofanatic	1
2pcdn	1
severedisabilitykid	1
ezvid	3
comicbookresources	3
yumasun	1
montereybayinn	1
tomsguide	4
greyhound	3
ko-company	1
boltsfromtheblue	1
freedrama	1
ymcahouston	1
tufts	1
webcam-archiver	1
55places	1
theholocaustexplained	1
oregon420seeds	1
elvariaco	1
riversidebartendingschool	1
girlgeniusonline	1
office	8
alaskaair	5
oregonlive	1
hongkiat	1
disabilitysecrets	1
classiclightweights	1
channelmaster	1
shafersace	1
homerunmeals	1
bleedinggreennation	1
mediaite	3
luxelenses	1
cheatsheet	2
nelnet	1
jamesclear	1
vocabulary	2
infoworld	1
legendsofbasketball	1
javmobile	1
mobilism	1
samsung	1
skillstat	1
cspinet	1
shopyamaha	1
encoreccm	1
tripwireinteractive	1
sur	2
babycenter	1
artofmanliness	1
signsjournal	1
chfainfo	1
ffilms	1
offbooze	1
agar	13
alsa	1
butterflycenter	1
citicards	1
eastonhunting	1
rd	4
unlockninja	1
miniusa	1
valleyfirstcu	1
seeing-stars	1
hotwater	1
pornvxl	1
tcichemicals	1
avis	1
sjusd	1
nippyshare	1
pets4homes	1
www	4
eventful	1
pinyinput	1
ovaistariq	1
sasd	1
acs	3
newbreak	1
newtonrunning	1
martinchevrolet	1
lp	1
caltech	5
warseer	1
dimarzio	1
best-speech-topics	1
nationsonline	1
elizabethan-era	1
rubmaps	1
dnd-spells	2
californiabirthindex	1
lacourt	1
heavy-r	2
ayudadores	1
chacha	5
nbc	2
gamigo	1
lineilovecoffee	1
eveuniversity	1
lasvegasnevada	1
jaguarsanjose	1
elviajerofisgon	1
hearthstonetopdecks	4
ahram	1
cardgames	2
loc	2
xnostars	2
kentucky	1
learningpath	1
downloadshowboxapp	1
focusfanatics	1
stem-works	1
cholotube	1
calguns	3
gtplanet	1
justporno	1
vividseats	1
zetatijuana	1
hovhaness	1
immunocorp	1
sprint	2
lacitycollege	2
slut-videos	1
pearsonranch	1
bizben	1
discover	3
anaheimautomation	1
superuser	7
uga	1
malwaretech	1
animaltailbuttplugs	1
blsindia-usa	1
huntingtonbeachford	1
debraparmley	1
lyricsplayground	1
sacred-texts	1
corpasia	1
fromastoryby	1
customcombatgaming	1
rapidcityjournal	1
patient	1
badminton-information	1
beddinginn	1
choicehearingaids	1
jjill	1
prevention	2
1d4chan	1
religionfacts	1
joeyssong	1
youthsportspsychology	1
sccgov	2
custhelp	2
bwfbadminton	1
houzz	9
segundamano	1
nintendolife	2
soft112	1
odb	1
kickback	1
nwlink	1
broncobillysniles	1
cakecentral	1
scanurl	1
backpage	7
tanocapital	1
pantip	1
when-release	1
animeflavor	2
spine-health	3
experts-exchange	1
mangareader	4
elseviernclexreview	1
3dcart	1
rkdms	1
heraldtribune	1
moneymetals	1
rushintailor	1
humananatomybody	2
systemax	1
openmarket	1
dogtime	1
bloomberg	6
buenastareas	1
techboomers	1
nybooks	1
cctv	1
hnmparish	1
manageengine	1
hamariweb	1
archinect	1
citypages	2
signaturecard	1
instagram	34
die-screaming	1
kgbanswers	2
brownells	1
storify	1
colemanpopupparts	1
dakkadakka	1
pornfromczech	1
orexisf	1
dave-cushman	1
pulitzercenter	1
nextbus	1
richland	1
empr	1
stclair	1
instructure	3
fullmobilemovie	1
myfico	2
cars101	1
searsoutlet	1
adameve	1
filmstreamvk	1
titebond	1
howtocallabroad	1
artintheage	1
milliman	1
mmasilver	1
linustechtips	1
jensenglobal	1
survivalistboards	1
americanfloormats	2
pitchfork	2
rockhall	2
tastekid	1
lightheartgear	1
somelifeblog	1
behindthevoiceactors	1
aclu	1
biquguan	1
cardsagainsthumanity	1
bwallpapers	1
subzero-wolf	1
teslarati	1
astrology	1
isportsweb	1
dominos	4
mobilefun	2
jiemian	1
freepdfconvert	2
indianhiddengems	1
holytrauma	1
popscreen	1
leagueoflegendsstreams	1
vertagear	1
pottermore	2
rmhealthy	1
lonestar	1
labx	1
burbankusd	1
listentoyoutube	1
straightdope	3
cinezen	1
mashable	6
racersdeninc	1
zinkwaphd	1
wiley	3
audiobookdownloadfree	1
atlasscreensupply	1
gymnasticbodies	1
biblestudy	1
ucmerced	1
endofound	1
stylintrucks	1
calvinknights	1
nhattao	1
healthaliciousness	2
solidworks	3
stanford	5
xymogen	1
sshhtt	1
goodwillsocal	1
dillards	1
fanmail	1
destinydb	1
asiapalacemoraga	1
xpcamper	1
saveourwaterrebates	1
croire	1
apachefriends	1
powersearchtool	1
missouribotanicalgarden	1
cindysheehanssoapbox	1
websta	2
silver	1
myhomepay	1
cruisecritic	1
alltrails	2
transunion	1
wikia	208
grannyfucks	1
kconusa	1
food4less	1
moviego	1
arcspace	1
fox40	1
namu	4
kspc	1
weddingpaperdivas	1
noaa	2
peachy18	1
nacionalistaparty	1
levi	2
forebears	1
intelius	5
patchworkpirate	1
forbes	18
commune-avenches	1
consumersearchplace	1
adultfreex	1
gosugamers	1
lyricstranslate	1
ultimatepatio	1
ytimg	2
descansogardens	1
zagat	1
rakuten	2
studystack	1
wakeboardingmag	1
musescore	4
meetfrontier	1
puresweetjoy	1
icracked	1
complaintsboard	1
bittorrent	1
astronomy	1
goctruyen	1
the-future-of-commerce	1
thedenverchannel	1
theoi	1
pornplaying	1
benbest	1
mercadolivre	1
cwtv	1
porn-w	1
coolrayglasstinting	1
portobodega	1
pron	1
linkeova	1
landandfarm	1
vimeo	9
depressiontoolkit	1
quizlet	94
surfsimply	1
nopistons	1
plagscan	1
paychex	1
threadless	1
pcliquidations	1
nationalmap	1
vitaminshoppe	1
plenti	1
collegeplanninghelp	1
index-of-stream	1
mgnetwork	1
grantwatch	1
freakyfreddies	1
lustfortwinks	1
behindthename	2
abt	1
asicsudh	1
pwc	1
alrostamanigroup	1
richestcelebrities	1
thefirstlinelastline	1
amazooka	1
alshellah	1
ericgoldman	1
xbhp	1
homes	1
mangafreak	5
flickr	2
kerncountylibrary	2
interdidactica	1
bioware	1
tedpatrick	1
megaemoji	1
vanguard	2
cox	3
cityhotel-mb	1
orbitz	1
ngfcu	1
domyownpestcontrol	1
chinesehacks	1
csuchico	2
tsingming	1
wheretofarminwow	1
akc	1
zonadivas	1
moviefisher	1
jamesness	1
glassesusa	2
jiskha	1
eurooptic	1
wholesalegmpartsonline	1
stocktongov	1
omo-cat	1
egyptair	1
tgldirect	1
internationalphoneticalphabet	1
anthonymychal	1
pythonlearn	1
omniglot	1
serversmtp	1
animetoon	1
towerrecordsmovie	1
toyota-4runner	1
shouldiblockit	1
unrankedsmurfs	1
nadalnews	1
kleankanteen	1
bankoncit	1
rachellynnsebastian	1
stattrek	2
ypsunnyvale	1
penskelogistics	2
hdking	1
grubstreet	1
ahajournals	1
suspensionconnection	1
megagames	1
openeducation	1
erewhonmarket	1
allergytest	1
suncountry995	1
californiadialysis	1
stylehive	1
uskeep	1
droid-life	1
hearthhead	2
crispme	1
fashionchameleon	1
chinadialogue	1
bigeasybeliever	1
itesm	1
ucoz	1
mizrahi-tefahot	1
mint	1
slidescarnival	1
alibaba	4
watchindianmovie	1
princess	2
arstechnica	2
sexyfuckgames	1
windowsmoviemakers	1
gci	1
mastercleansesecrets	1
milb	1
habbo	1
wpbeginner	1
scp-wiki	1
overtons	1
hubpages	1
zazzle	2
convert2mp3	2
ecrater	1
vpython	1
clairhair	1
freepaper	1
humaniplex	3
niter	1
superskinnyme	1
petsmart	1
bedroomproducersblog	1
foothillgoldline	1
pcsx2	2
onegreenplanet	3
punishtube	1
drivecrosscountry	1
mileskimball	1
fitness19	1
discountcasinogear	1
samsclub	2
roadandtrack	3
systemrequirementslab	2
grouprecipes	1
higginsbeachmaine	1
phonedog	1
sounddevices	1
chewy	3
party-ideas-by-a-pro	1
esportspedia	1
values	1
storelocations411	1
sizes	1
armenian-genocide	1
kiopman	1
myschoolbucks	1
scottgames	1
hanime	4
imagenesgraciosas	1
sandiegocruises	1
dragoart	1
shapingconcepts	1
mellowmeout	1
flightview	1
americansouthwest	1
pornodoido	1
cpmc	1
adultdvdmarketplace	1
aljazeera	1
fourtane	1
gbahacks	1
ted	2
lfsportspark	1
girlsgogames	1
ihop	1
bendonlingerie	1
cuny	1
blingjewelry	1
playstation	7
whitepages	5
hidiaries	1
cover-letter-now	1
tvsubtitles	1
aozorafusion	1
boards	1
writeexpress	1
review-forum	1
duelist101	1
sspca	1
friv	1
examword	1
zappos	6
bankrate	3
equitybridge	1
homesteadingtoday	1
co-optimus	1
lyft	3
joemullich	1
horizonhobby	1
imdb	82
thelocalrealty	1
norcomm	1
maplestage	1
thehun	1
inter-universal	1
sfedit	1
arcgis	2
tzcoaching	1
baleaf	1
frys	6
francisparker	1
thenewdaily	1
dsp	1
nv	1
rayanehamrah	1
jdforum	1
lakersnation	1
dramafever	2
onlinelabels	1
crosswordheaven	1
vivalocal	1
wonderhowto	1
8muses	1
bestbuy	18
nlb	1
tdameritrade	3
socialresearchmethods	1
ed	7
thecustomsabershop	1
varsitytutors	2
samtate	1
macys	12
andymark	1
photozone	1
justsheetmusic	1
geekdrop	1
orientaltrading	2
augi	1
opposingviews	1
thebump	2
flashoffroad	1
e46fanatics	2
piazza	1
st-andrews	1
hashlocker	2
honda	3
whooptee	1
thelovelyplanet	1
sankakucomplex	1
directvdeals	1
hypebeast	1
falundafa	1
lefigaro	1
tubepornclassic	1
45cat	1
cupusa	1
duckhealth	1
sulekha	1
mortalis	1
kmspicoactivator	1
recorderonline	1
viluppo	1
iassa	1
usyd	1
54-40brewing	1
usc	3
collegegrad	1
easybib	8
newcity	1
toms	3
rateyourmusic	2
wwe	3
epicurious	5
firstrowsports	1
roadrunnersports	2
nvidia	6
hairlosshelp	1
fortune	4
downloada	1
alchemycheatsheet	1
apartable	1
porneq	1
ndsu	1
murthy	1
roughguides	1
easynotecards	1
sapo	1
lowes	10
bostononbudget	1
love-fashion	1
popcorntime-online	1
teachwithmovies	1
howmuchisin	1
smh	2
cheatsguru	1
top500	1
ign	14
prothom-alo	1
asio4all	1
adresseip	1
raleys	1
scotusblog	1
artsy	1
lds	1
cinemablend	7
winthrop	1
xn--vipbx-p29a	1
modernhiker	1
economist	1
justlanded	1
battlecalculator	1
naibaat	1
jeepforum	1
trovegame	1
olivet	1
myfreecams	2
uplandlemonfestival	1
jimmymarts	1
icy-veins	7
filmsite	1
shadersmods	1
steamidfinder	1
raghudixit	1
mcleaks	1
rssing	1
theculturetrip	1
blackeaglearrows	1
librarycatalog	1
springcreekapartmenthomes	1
metropcs	2
hotnewhiphop	1
apevia	1
paracas	1
newballpark	1
runeapps	1
indianastrologyhoroscope	1
online-stopwatch	1
allindiaroundup	1
trinityra	1
yolospca	1
seedpeer	1
worksheetsplus	1
spiritualityandpractice	1
latimes	17
visualstudio	2
mtacwla	1
classic-country-song-lyrics	1
eteamz	1
freetibet	1
latintimes	1
allkpop	1
lululemon	1
halopedia	1
doctoroz	1
mtbakervapor	1
allmodern	1
buildyourownnewyork	1
lwxsw	1
portalroms	1
ocfair	1
livestrong	13
starbuckssecretmenu	1
tfwiki	1
hiphopengine	1
thebuttonguy	1
fda	1
sun-sentinel	1
usvetsinc	1
shouselaw	3
cmcsweb	1
nudecelebvideo	2
rpggiftcards	1
willamette	1
obeygiant	1
brasil	1
pornj	1
desertsun	1
allthebestfights	1
thetileapp	1
purecfnm	1
mises	1
0481	1
lesswrong	1
spacemov	2
e-chords	2
karinoyo	1
cision	1
dpat	1
iobit	1
ciggws	1
wpexplorer	1
kasu-min	1
qsen	3
usgs	2
avforums	1
vogue	3
theimpulsivebuy	1
flexpromeals	1
linguee	1
angryorchard	1
ekladata	1
venturausd	1
mothersdaycelebration	1
kenrockwell	1
michaeltoyota	1
panalpina	1
ediblearrangements	1
thewatchfullepisodes	1
slide	1
allposters	1
housevalues	1
guildwars2-crafting	2
pajiba	1
vopium	1
4wd	1
foothill	1
holiday-weather	1
citypopulation	1
itt-tech	2
cia	1
postpartumprogress	1
discovercard	1
foxfield	1
bunyuc	1
radaronline	1
whdh	1
apartmentguide	2
swagbucks	1
bankofamerica	28
outlook	1
sanfermines	1
cbs	2
msuspartans	1
techtimes	2
wildpighuntingguideservice	1
asrock	1
sacbee	1
kigu	1
coastal	1
janyasthaicuisine	1
straighttalk	1
videogameg	1
khov	1
nbcnews	6
dodgers	1
techguy	1
undertale	1
dwell	1
screencast-o-matic	1
theesotericcuriosa	1
pussyspace	2
starcircleacademy	1
korgforums	2
isogossip	1
rei	5
techrepublic	2
privatecelebsvideo	1
upsidedowntext	1
androidguys	1
greenopedia	1
impactfund	1
simpsonsworld	1
woodbrass	1
valleycollege	1
udc	1
countdowntozerotime	1
whatsapp99	1
3dsiso	1
nobutts	1
tomstek	1
riverwalkrvpark	1
tweakguides	1
stm32f4-discovery	1
wildlifeextra	1
glen-l	1
hdmovie2k	1
livingsocial	1
abcteach	1
noozhawk	2
disney	3
tenforums	3
countryoutfitter	1
nintendo	6
jenkatgames	1
evike	2
discounttire	1
dish	2
billfrisell	1
xe	1
jewelrybyjohan	1
pizzahut	3
tangent60	1
koenigsegg	1
car-from-uk	1
theporndude	1
etsy	15
putlockerfree	1
gearpatrol	1
pornxxx	1
tvxat	1
lakako	1
cinepolisusa	1
oddcast	1
tube8	4
dungeoncrawlers	1
u4gm	1
koa	1
arthistoryresources	1
stuarttownend	1
watch-onlinemovies	2
convertcase	1
3movs	1
ebexcalibur	1
btsdiary	1
soompi	2
mefeedia	1
gamerdad	1
mirrorsedge	1
healthline	7
scion	1
anxietyzone	1
bassfan	1
apple	32
downloadha	1
piercecollege	1
asus	4
ofoct	1
mygreatlakes	2
daphnesportraitdesign	1
tamu	3
bevmo	2
vegasinsider	2
geforce	3
coolnessistimeless	1
airgundepot	1
arkansasonline	1
fullertonbicycle	1
adobebluffspta	1
masseurfinder	1
kanyetothe	1
redlobster	1
wine-searcher	3
buffalolib	2
semantic	1
awe-tuning	1
ebay	91
minevast	1
it	1
mangabackup	1
favoritefreezerfoods	1
allmusic	2
simple-remedies	1
astrology-zodiac-signs	1
thefedoralounge	1
globo	1
kat	5
hotrodders	1
naver	3
giantitp	1
itea-usa	1
calendarlabs	1
thehill	2
citi	4
ledstore	1
libreoffice	1
mephim	1
foxnews	6
chevrontexacocards	1
gohacking	1
dol	1
uvic	1
lambgoat	1
scouting	1
cigarboxguitar	1
wikimedia	2
costcotravel	2
moparamerica	1
squaretrade	1
laspilitas	1
jennieo	1
breathecast	3
tamron	1
sandals	1
redditenhancementsuite	1
wyzant	2
mod-minecraft	1
goodhousekeeping	1
nij	2
pornofthekings	1
laborlawtalk	1
jazzguitar	1
whathifi	1
homelight	1
goldengatebridge	2
redhat	1
uptodown	3
desitvbox	1
eyelashgrowth	1
redcross	1
strato	1
blpdx	1
stocktrading	1
ocgoodwill	1
allaboutcircuits	1
yodobashi	1
herb	1
wearever	1
aaronblacklaw	1
myoutdoorbuddy	1
pjrc	1
nfldraftscout	1
carsforsale	2
aum-inc	1
xvidzone	1
liveforbball	1
planetware	1
serebii	2
voxforge	1
ramada	1
lotsofessays	1
acog	1
mapdevelopers	2
moegirl	1
carlsbadca	1
github	9
yellowbridge	1
studyblue	10
csusm	1
pornpics	1
drugs	6
kawaii4girls	1
mozilla	8
theconservativetreehouse	1
smallfootprintfamily	1
premierleague	1
outdoorproshop	1
creditonebank	1
succulentsandsunshine	2
wordsmith	1
hotmail	1
coocox	1
watch2gether	1
tidal	4
nihonomaru	1
hotslogs	1
jamescmccroskey	1
chapman	1
dailynews	1
redlinemotive	1
soundscapemagazine	1
mixrank	1
piktochart	1
moviepublish	1
cbsnews	3
tubeoffline	1
airsoftmegastore	1
pizzamandans	1
shopstyle	1
hentaigasm	2
nami	1
betterment	1
dmm	1
meaning-of-names	1
superpages	1
lego	3
maxfeel	1
freshology	1
sportsnet	1
clublexus	1
realitykings	2
calctool	1
sammydress	1
austinboatforums	1
baskinrobbins	2
helpscout	1
dasautoshippers	1
delish	1
moorlanddevelopment	1
ome	1
barona	1
halfwayanywhere	1
forgeofempires	2
greekmyths-greekmythology	1
families	1
motorcycleclassics	1
deadspin	1
mit	3
realclearpolitics	6
waitwith	1
alivemax	1
roadtovr	1
venturasportfishing	1
behindthebeautifulforevers	1
dvdflick	1
airbnb	7
namateur	1
wqxr	1
erossf	1
innoeventstaffing	1
t-nation	1
purex	1
brockjones	1
mortgagecalculator	1
sram	1
bennettandsharp	1
iheartdogs	1
kul-ku	1
danscomp	1
aqua-calc	1
coursehero	35
silverscreenandroll	1
kmart	5
mythologyteacher	1
rebelmouse	1
deltaco	1
blboystube	1
hitomi	2
marketwatch	2
phim8k	1
sfsu	4
softlay	2
quia	2
mountsinai	1
successfulagingexpo	1
fws	1
fontspace	3
digitalcombatsimulator	1
navy	1
lungs4sherri	1
golden1	2
louisebehiel	1
nrao	1
mangaupdates	1
n2growth	1
gq	2
securityweek	1
ansible	1
phimdata	1
comptia	1
capricamelback	1
philips	1
businessnewsdaily	2
ruanyifeng	1
abovetopsecret	1
smartasset	1
thefitexpo	1
bagusindah	1
netflix	32
lasvegasadvisor	1
picknpull	1
jakubmarian	1
landofthebrave	1
boltmotorbikes	1
irrawaddy	1
malteser-hausnotruf	1
nih	34
everythingkitchens	1
zero2000	1
ghc	1
factoryfive	1
bp	1
lonelyspeck	1
siskiyous	1
maphill	1
uplandsgolfclub	1
hebrew4christians	2
moviefone	4
ulrichmodels	1
maggianos	1
kidzone	1
metroexpresslanes	1
cracked	3
cliparts	1
countryliving	2
adventurerv	1
toronto	1
crunchbase	1
watch-episodes	4
doktercantik	1
petco	2
mamapapabubba	1
webbiography	1
softtech-systems	1
wyattpta	1
firingline	1
allstaterecycle	1
uio	1
word-grabber	1
speedybuttons	1
nme	1
wordperfect	1
redrobin	1
avclub	3
daskeyboard	1
elwiki	1
wired	5
spoilertv	1
english-subtitles	1
mrbikeshop	1
escena	1
fidelity	1
columbia	5
valorportamaulipas	1
gigabyte	1
kinsler	1
ahan	1
earlyamerica	1
nichegamer	1
wwsigns	1
surveypolice	1
cityxxxtube	1
efun	1
synonym	2
themastercleanse	1
sailingventures	1
mpusd	1
dearcupid	1
egexa	1
dottech	1
ecklersnova	1
brenntag	1
cicidesyfidyati	1
yara	1
epson	2
skateminnesota	1
thediybrideblogger	1
animenewsnetwork	2
hatt	1
vente-privee	1
ucr	5
mrn	1
bladeandsoul	2
massageenvy	1
chrisstandring	1
chemicool	1
campingfriend	1
fetlife	1
becauseisaidiwould	1
seafoodhealthfacts	1
lapdonline	1
changingminds	1
life360	1
bruker	2
merriam-webster	16
kcl	1
eminenceorganics	1
yonexusa	1
diabloii	1
catslikeus	1
thrillist	4
arigatomg	1
nbcsports	4
weblio	1
purplelindacrafts	1
paizo	3
petitfute	1
songkick	1
tributes	1
musicmeetsheart	1
750g	1
songfacts	1
nadaguides	1
educaguia	1
gpuboss	1
webmd	23
uberforum	1
tempostorm	1
livermoredowntown	1
stlucianewsonline	1
kfiam640	1
goodtherapy	1
achtuning	1
websummit	1
4icu	1
paytm	1
doriswedding	1
catalinachamber	1
chompchomp	1
oside	1
askey	1
tigerdirect	1
bedheadpjs	1
johnspizza	1
veteranrecruiting	1
adobe	11
groupon	14
everytrail	1
learnerator	3
kenwoodworld	1
legalzoom	1
deliciousobsessions	1
flipkart-vouchers	1
stoa	1
macworld	2
nj	2
smartandfinal	2
lolbuilder	1
teamfortress	3
chiefdelphi	1
iherb	1
theacc	1
cdc	4
crazymonkeygames	1
avsforum	3
epa	1
ihg	2
onerep	1
dreamtheaterforums	1
foodbeast	1
hentai2read	3
portacool	1
castlebrandsinc	1
accellera	1
apartmenttherapy	3
techofheart	1
playlistresearch	1
pdf2jpg	1
blocosonline	1
skyscanner	2
pantower	1
kevinweber-biology	1
straphaelschoolsb	1
audiopiff	1
philosophyforums	1
hpnotebookdrivers	1
media	2
backroomwines	1
indoorplaysandiego	1
bgr	1
studenthousing	1
tvguide	1
metric-conversions	1
miata	2
motorcycle	1
eatbydate	1
sciencekids	1
memegenerator	1
nau	1
ticketmaster	6
paylesscar	1
2k	1
goasiantv	1
lawrysonline	1
soundcloud	10
bristol-cathey	1
watchs	1
dpreview	4
vwofmurrieta	1
sandiegounified	1
siliconera	3
audioberry	1
highsnobiety	1
victoriacruises	1
storedogdog	1
dazeddigital	1
fap	1
riogrande	1
neatdecisions	1
myinterfase	1
tripadvisor	39
ghchs	1
picresize	1
carnegiecouncil	1
digitalpoint	1
speechinminutes	1
1fbusa	1
viator	1
dillonfortetattoo	1
claytonschools	1
grandinroad	1
gishwhes	1
webmasterworld	1
worldstarporn	1
antigodailyjournal	1
squadlocker	1
e621	2
thesandtrap	1
pagancalendar	1
homelife	1
atmpartspro	1
micechat	1
freecontractormatch	1
callofduty	2
tgifridays	1
pictoa	1
adultfriendfinder	1
torrentkim3	1
msnbc	1
bobistheoilguy	2
brokertrain	1
loudwire	1
xxxfuckporn	1
sexloading	1
mcdowellhouse	1
lareviewofbooks	1
thecurseoftudor	1
hulkshare	1
vudu	2
swarthmore	1
howstuffworks	2
1040	1
thesurvivalpodcast	1
flyfrontier	1
wordmusic	1
coldwellbanker	1
risingstorm2	1
airforce	1
timeanddate	10
reversewinesnob	1
mycarousel	1
hellomyrtlebeach	1
cityofsacramento	2
streema	1
utah	2
lfg	1
faxo	1
thehighroad	1
cnet	21
biu	1
surfline	1
fencescreen	1
radaris	2
sanmateoexpo	1
callutheran	1
sfchronicle	1
doctoroat	1
aaa	4
tdf	1
geistglobal	2
wordunscrambler	1
travelguides	1
looksharp	2
popsugar	2
mathwarehouse	2
teinteresa	1
filtersfast	2
thailotteryworld	1
classic-hairstyles	1
rinconrojadirecta	1
body-snatchers	1
hughesnet	1
lakeelsinoremarine	1
diamondresorts	1
hotwheels	1
musee-orangerie	1
the-straight-shooter	1
smitegame	2
csumb	2
laist	1
ipfw	1
celebheights	1
drtahericampaign	1
mako	2
linkedin	38
everywritersresource	1
lapislazulitexts	1
lbc	1
dexpot	1
dangerdog	1
startclass	2
shipworks	1
fueleconomy	1
pickupfuck	1
tailwindfurniture	1
flyfisherman	1
infinityauto	2
magifa	1
sextubechat	1
activebeat	1
kongregate	2
justtires	1
blueletterbible	1
complaintslist	1
psychcentral	2
cryptome	1
digitaldutch	1
massivelyop	1
comediansincarsgettingcoffee	1
courtesycdjroforangecounty	1
altervista	2
yallwest	1
boston	1
workinglikedogs	1
housely	1
truckcampermagazine	1
sweethaven02	1
mitlaunch	1
java	2
gpsocket	1
worldtimebuddy	1
esthershimazu	1
goofygourmet	1
torontofirstaidcpr	1
powtoon	1
elgato	1
i-natacion	1
clsepa	1
medicinenet	8
csgolounge	1
pocketgamer	1
geocaching	1
conejousd	1
fleetweeksf	1
posot	1
rochester	1
countrycallingcodes	1
omega	2
wehoville	1
uhcmilitarywest	1
victoria2wiki	1
crackle	3
ppoa	1
adp	1
virtualdr	1
broadwaybox	1
hoax-slayer	1
joshuagoldstein	1
justinguitar	1
realtytrac	2
uppercutdeluxe	1
cafebonappetit	1
n4bb	1
scscourt	2
enforex	1
bestvpn	2
icmag	1
magicwoksunnyvale	1
peliculasflv	1
askart	1
backcountrygear	1
laptopmag	2
lawyers	1
ustream	4
csnbayarea	2
dhs	1
iptvstream	1
troubledteens	1
shakespeareandcompany	1
themuse	1
umc	1
thekitchn	6
prodigygame	1
etoranj	1
pulte	2
millenniumforums	1
speed-new	1
trustedreviews	4
neh	1
leannemarshall	1
mailchimp	1
kanald	1
usecology	1
povitica	1
engineeringintro	1
htmlcolorcodes	1
cba	1
craigslist	78
viz	1
isaca	1
morningstar	3
justanswer	3
freeones	3
minecraftfive	1
theoriginalsteves	1
diyautotune	1
vodlockerb	2
nd	1
medicinemangallery	1
bodenimages	1
skystreamx	2
lyricsfreak	3
piratebay	1
720pizle	1
gossipcop	1
sierravalleyhome	1
fastenal	1
rentalcars	2
ramforum	1
wacom	1
salliemae	1
spoke	1
twft	1
sportpsychologytoday	1
tappedout	1
paradoxinc	1
lexianggongmu	1
mercurynews	4
uhc	1
youtubeinmp4	1
alteredimagesbdc	1
localnurserycrawl	1
coloring-book	1
affordablehousingonline	2
cigarsinternational	2
gmpartsdepot	1
mpgh	4
whotalking	1
terraminingmc	1
uproxx	1
overviewbible	1
manganet	1
robotevents	1
growweedeasy	1
procon	1
boxrox	1
frugalphillymom	1
domicofh	1
rozetka	1
moddb	7
pornhan	1
coches	1
tosluts	1
seoulbeats	1
cohp	1
gogoanime	10
arzparan	1
netsolutionsindia	1
unique-hydroponics	1
pokemonshowdown	1
velo-orange	1
tustinhyundai	1
xovain	1
fulltvmovies	1
labirintoermetico	1
icelebsdb	1
franklinreport	1
moviestarplanet	1
gradesaver	1
thefuntimesguide	1
fbschedules	1
imechanica	1
outofsightaudio	1
mirror	2
feed-the-beast	1
vicentepeliculas	1
legalmatch	1
keh	1
visitnapavalley	1
heralopecia	1
gamevilusa	1
dashnet	2
theappempire	1
lausd	1
larousse	1
tsm	1
kicksdeals	1
habrahabr	1
elpolloloco	1
cyberbullying	1
intellicast	1
monsterscooterparts	1
gearnuke	1
quemdisse	1
expertlaw	3
filmifullizles	1
gamesradar	3
head-fi	3
egullet	1
naturopatamasdeu	1
ieee	2
sling	3
setlist	2
celemony	1
clubrsx	2
floorelf	1
pojo	1
mrfood	1
childrensplace	1
drwindows	1
americanhumane	1
richmagbooks	1
3ptechies	1
bigwest	1
signingsavvy	1
dartmouth-hitchcock	1
bigbadtoystore	1
androidhive	1
redwoods	1
copradar	1
phonerated	1
norton	2
oggpornlist	2
gmanetwork	2
porntube	1
zybez	2
harley-davidsonforums	1
titipoppo	1
china-airlines	1
techspot	1
zoomtech	1
wheniwork	1
gurupop	1
byutv	1
cbperformance	1
r-bloggers	1
zonaescolar114primarias	1
themavenmomma	1
cornellcollege	1
stancrimetips	1
harcourtsusa	1
dose	1
clarinetcloset	1
emclient	1
crockerartmuseum	1
stardewmods	1
imagefap	1
mythweb	2
20minutos	1
winecoolerdirect	1
amanet	1
howies	1
rhymer	1
wallpaperup	1
squarespace	1
emuparadise	3
battle	32
twimg	1
virgin-atlantic	2
wizard101central	1
formula1	1
historynet	1
anaheim	1
scholarships	1
cchrint	1
makro	1
blackmagicdesign	1
oddee	1
burgerlounge	1
0calc	1
nirvanashop	1
skatteverket	1
sparktx	1
csbsju	1
gta5-mods	1
cccaasports	1
radicalpublishing	1
kodirepositories	1
intmath	1
loverslab	4
theemus	1
antiqueangelchapel	1
norcaljeepers	1
travelandleisure	1
publicnewsservice	1
onhax	1
cc	4
upenn	1
kissanime	10
latina	1
regencerx	1
accountingtools	2
cabelas	1
bannedbook	1
nannygoatsinpanties	1
arabicbible	1
citimortgage	1
sportspyder	1
nasdpts	1
cbc	1
hsbc	1
theprospect	2
cubajet	1
redlegsrides	1
dslreports	2
newsweek	3
efnet	1
devilmtnrun	1
wvu	1
writingexplained	1
cnbc	9
cityofhemet	1
basicmusictheory	1
yoyonews	1
qmuniforms	2
allbusiness	1
andysautosport	1
doujin-moe	1
mintnewsblog	1
carfax	3
barnesandnoble	7
fandango	8
corestandards	1
minecraftsix	2
metagenics	1
dziennikzachodni	1
opencourtresources	1
grimdawn	1
lootcrate	1
kids-fun-science	1
tradesy	1
grammarly	1
thefoxoakland	1
bestofsexpics	1
lagunawoodsvillage	1
locksoflove	1
ppy	1
wikihow	26
wpusd	1
javcen	1
anandtech	4
gearbest	1
sfu	1
gsu	3
calottery	7
state	12
mammachia	1
pearsonschool	1
irs	5
zencollegelife	1
fairmont	1
riverdancelodge	1
watchshippuden	1
tlc	1
minecraftservers	1
fungood	1
paypal-community	2
amwater	1
katabuatpacar	1
theusbornebookstore	1
si	2
antiqueroseemporium	2
thesleuthjournal	1
rehold	2
apkmirror	1
thesurvivaltribe	1
autoinsurancecenter	1
coolrom	1
gmyh	1
popeyes	1
freep	1
namefun	1
thehorse	1
thebloodconnection	1
swisstravelsystem	1
arabsexmovies	1
drumsonsale	1
foodandwine	2
hotpads	2
bengalidictionary	1
microsoft	48
theodysseyonline	1
vipseats	1
nanrenwo	1
floralesque	1
4eastcounty	1
rolandgarros	2
warandgender	1
icelaglace	1
kidzworld	1
nltimes	1
icalendario	1
guyrents	1
motherhood	1
w3snoop	1
practicalecommerce	1
autocheck	1
nickjr	1
expeditiongame	1
drdteam	1
uclahealth	1
care2	2
hdtvshowstorrents	1
moringaparaadelgazar	1
superdog	1
india	1
freemathhelp	1
pcadvisor	3
roadrunner	1
militarymuseum	1
pydio	1
pastapadre	1
blogtotheoldskool	1
busyteacher	1
gtagarage	1
wordpress	45
davis	1
usflag	1
sdsu	8
solar-discounters	1
raredesi	1
aao	1
bestdeals	1
casegorilla	1
journalofaccountancy	1
arioseda	1
today	2
psychologytoday	1
nutrislice	1
pj	1
angelfire	2
enotes	6
banggood	1
1911forum	1
quakeroats	1
19mall	1
hbo	5
history	8
downloadastro	1
lelac	1
ifpri	1
historyculturebybicycle	1
completechildrenshealth	1
warashi-asian-pornstars	1
pornplanner	1
rpg20	1
3gpking	1
giulianosdeli	1
ourmatch	1
gurnick	1
seattlecentral	1
busforsale	1
loopnet	2
scootercitysacramento	1
librosmaravillosos	1
jaguarusa	1
officeofstrategicinfluence	1
mymaturespace	1
theatlantic	5
pacificcup	1
bathandunwind	1
liveleak	2
gamepedia	31
workpop	1
ultrasabers	1
lonelyplanet	4
mercuryinsurance	1
brazzers	2
protuninglab	1
cartoontube	1
mercola	1
zodiac-signs-astrology	1
itpro	1
foreven	1
ramforumz	1
skout	1
smallbusinessdb	1
shi-no-kakaku	1
sanjuan	2
igu	1
teacherease	1
justwatch	2
wunderground	1
sciencenewsline	1
crossref-it	1
metrolinktrains	3
corporatewatch	1
recycofresno	1
uwlax	1
penguinrandomhouse	1
muscleforlife	1
easthotel	1
operationwerewolf	1
drugwatch	1
allaboutbasic	1
caffeineinformer	1
lacoccinelle	1
bin	1
statpower	1
globalhealingcenter	1
inspectmygadget	1
comune	1
aaronssydney	1
shodor	1
baynews9	1
ingramswaterandair	1
diabetesincontrol	1
expedia	9
greatclips	2
architizer	1
fastmaps	2
dell	3
popdust	1
ffbans	1
indiaglitz	1
ninjacourses	1
usxpress	1
op	1
cft	1
design-reuse	1
youporn	13
explodingkittens	1
rome2rio	1
4k	1
freshwatersystems	1
sheknows	2
researchgate	5
booking	4
humoropedia	1
homerecording	1
allthebestpetcare	1
asianart	1
ecumenicalnews	2
onepixelbrush	1
comdata	1
thisisdk	1
gospelcenteredmusings	1
srvhs	1
inkscape	1
xtube	1
veggiegrill	1
trilogylife	1
blackle	1
solvemymath	1
leopardcatamarans	1
marksdailyapple	1
cam4	1
abebooks	1
ringside	1
thespacereporter	1
t-mobile	8
alluc	1
usagym	1
freeunlocks	1
warnerbros	2
nicb	1
mobileread	1
y8	2
reviews-washer-dryer	1
redditlist	1
homestay	1
freezingblue	1
custommade	1
anichart	2
sba	1
pcriver	1
carlsguides	1
beachboardwalk	1
theirishstore	1
sanjoseca	2
directv	2
rhyshaden	1
landlinemag	1
myessayexamples	2
housershoes	1
thingsrated	1
phonetrace	1
fooducate	1
lutron	1
usmle-forums	1
brokensilenze	1
juno	1
armadilloconcepts	1
jav007	1
littlecaesars	2
pmi	1
freecreatives	1
uabiz	1
1und1	1
randomhistory	1
dawgdigs	1
promisechecks	1
typekit	1
dramayou	1
blackd	1
askmrrobot	1
adlucent	2
perfectgame	1
uxmatters	1
upromise	1
oregonstate	3
ratebeer	1
weddingwire	1
cleanipedia	1
fichier-pdf	1
duramaxdiesels	1
hrci	1
islamguiden	1
hannaquevedo	1
mnrdaily	1
winteriscoming	6
sportchalet	1
cleartrip	2
yodersmokers	1
turmericsaffron	1
joshfriedmanguitar	1
gamebase	1
cafepress	1
mypetchicken	1
livemixtapes	1
sdpnoticias	1
bestplaces	1
procompusa	1
csgowild	1
wareable	2
photopills	1
goodreads	10
iheartfaces	1
hoopshype	1
novelupdates	3
guitarprinciples	1
zmovie	1
realsimple	7
3tinyz	1
explorable	1
biology4kids	1
badoink	1
swccd	1
adagioliving	1
findlaw	1
dramaq	1
tvland	1
josephprince	1
homewyse	2
mapmyride	1
apstudynotes	1
isfaq	1
symphonyofscience	1
toltecspirit	1
ncsu	1
sina	3
loveisover	1
indystar	1
xxxtubedot	1
theblankclub	1
brewwiki	1
slantnews	1
ruc	1
proactiv	1
azchords	1
themortgagereports	1
openoffice	2
focusrite	1
gofundme	1
cityofboston	1
gumball3000	1
gamejolt	4
nydailynews	6
findmyfootwear	1
ahaang	1
diddams	1
wetpussygames	1
animalfactguide	1
bengals	1
nukeworker	1
ios9cydia	1
gnc	3
autohotkey	1
43rumors	1
superherohype	1
backstreet-surveillance	1
horsedick	1
primesteakhouses	1
benzworld	1
psyweb	1
umich	3
ca	64
thehumansolution	1
vehiclehistory	2
rootsweb	1
sectionhiker	1
avisynth	1
can-am	1
carrentals	1
dealnews	1
monografias	1
sciencewithtom	1
afoodcentriclife	1
clubxiangqi	1
lafa	1
buildzoom	1
torrentking	1
10best	1
therumpus	1
jetbrains	2
cvs	5
wilshirebank	1
aacc	1
sm3na	2
drillpressselect	1
hometodenver	1
nps	8
worldcurling	1
magatorrentx	1
hgtv	2
dailymotion	12
netizenbuzz	1
millenniumhotels	1
parktool	1
wpxi	1
seasky	1
pogo	1
creativecow	2
sciencebasedmedicine	1
mcdonalds	1
southeasternequipment	1
en-aomori	1
cmt	1
badgeaminit	1
wes	1
myeecu	2
troublefreepool	2
apartments	2
cityvibe	1
remax	2
ebscohost	1
mhvillage	1
americanstandard-us	2
kisspanda	1
smarttech	1
metabomb	1
dmv	1
advancedmaterialdesigns	1
reliefweb	1
donkeyauto	1
biography	3
plumbingforums	1
vwvortex	1
cathaypacific	1
pc	1
coastallandtrustca	1
macenstein	1
camelcamelcamel	1
kasi-time	1
lewen8	1
myfax	1
lampcommunity	1
planetminecraft	3
chilis	1
bmrc	1
3dlat	1
sonicelectronix	1
oldapps	1
mvsubtitles	2
animestigma	3
raisetheminimumwage	1
autismspeaks	1
exeterfinance	1
indiegala	1
thegunglove	1
easports	1
unity3d	7
arduino	1
imgur	17
promos4radio	1
thequesterfiles	1
watch-full-movie-online	2
taskstream	1
livestream	2
in-the-sky	1
st-and	1
hagshouse	1
calculusquestions	1
liriklagu	1
vsco	1
rosalynncarter	1
graycell	1
scj	1
wimpykid	1
dsmtalk	1
myfavouritemagazines	2
nwhm	1
valpo	1
mtc	1
jhu	1
volunteermatch	1
greenhippo	1
rubylane	1
bnscoffee	1
to2014	1
applebees	1
summerdiscovery	1
rainbowshops	1
columbiasciencereview	1
watchseries	3
moen	1
shahvatbaz	1
classicperform	1
superiorgrocers	1
iporntv	1
janeelliott	1
solidxperts	1
sfsuperiorcourt	1
fedoraproject	2
fu-berlin	1
howtogeek	11
robocraftgame	1
adultdvdtalk	1
psmag	2
elite-xpressions	1
tvfanatic	2
sandiegosailingtours	1
redbubble	5
lolping	1
ocde	1
application	1
funko	1
meetup	2
utepspecialevents	1
carmax	2
radiohead	1
ucirvinesports	1
jimmyvasserchevrolet	1
hdmovz	1
dafont	1
furniturecebu	1
iasj	1
teachingandlearninginhighered	1
rentalhouses	1
febb	1
epaper	1
edf	1
kicker	1
northbay	1
hindimoviesonline	1
msu	3
indiaabroad	1
variety	7
bankofthewest	1
gawker	1
universalcitynissan	1
pinger	2
skateboards	1
slitherio	3
imperialglobalexeter	1
federalsoup	1
sltrib	1
thesqueezeinn	1
befunky	1
fileformat	1
woodtavern	1
westword	2
raspberrypi	4
singtaousa	1
york	1
sweetmarias	2
tvlocations	1
anatomy-humanbody	1
tutorvista	2
everesttech	2
iit	1
ktla	3
r2sa	1
letssingit	1
code2learn	1
longhaircommunity	1
unsoed	1
hypable	1
goodolddayscountryshop	1
countrytabs	1
traderjoes	1
howweird	2
ktc	1
purseblog	1
gracevalley	1
brostrick	1
thelawdictionary	1
hiphopstoners	1
mzstatic	1
hiexpress	1
theherbgardener	1
ncar	1
game-debate	1
thefonty	2
tutorialmade	1
regmovies	2
atkingdom	1
ku	1
ebarnett	1
ffxivguild	1
higherpraise	1
cdninstagram	1
pewinternet	1
montereycu	1
expertreviews	1
watchprojectfree	1
military-gifts	1
danacables	1
mydramalist	1
awi	1
awwapp	1
gamebanana	1
elemecuae	1
superherodb	1
laparks	1
weekendsherpa	1
pratikperdemakrowin	1
lexuspart	1
ffnm	1
cinta009	1
banjobrothers	1
stripe	1
atlassian	1
tsssat	1
wildsnow	1
magicalmoonshine	1
aish	1
mulpix	1
asana	1
crabporn	1
rollingstone	5
wikibooks	3
ehow	6
e4hats	1
rvial	1
10ejemplos	1
alc	1
thefreedictionary	9
tollbrothers	1
myspeechclass	1
seahawks	1
s4softwares	1
rockymountainstove	1
convertunits	1
kohi	1
dreamlandjewelry	1
nuvango	1
nike	4
rzrd500	2
blair	2
consumered	2
pods	2
extremetech	1
superbrightleds	1
picpaste	1
historicvirginiacity	1
unco	1
boyztube	1
denon	1
nwaonline	2
hnntube	1
bringfido	1
miniclip	3
advancednutrients	1
fit	1
mylgphones	1
pixabay	1
intagme	1
yandex	1
techinfodepot	1
bitcointalk	1
barbie	1
ovolva	1
wrestling-ppv	1
oxfordjournals	1
times-standard	1
scmp	1
nestacms	1
arborsci	1
womenshealthmag	1
towerhobbies	1
uspatriottactical	1
mixpanel	1
mines	1
mastercleanser	1
backpack	3
dave-black	1
foodpyramid	1
maruyama-us	1
heraldofhiscoming	1
euphoriaporn	1
hostgator	1
hongfaith	1
pentaxforums	1
dreamstime	1
santarosa	1
bogleheads	1
wiktionary	2
historynewsnetwork	2
abstractfonts	1
myfxbook	1
sap	1
phonesplus	1
spankbang	2
firsttoknow	1
technion	1
journeysinclassicfilm	1
thefederalist	1
automateddynamics	2
rxlist	3
excel-easy	1
knowyourmeme	9
sandiegoville	1
radiopaedia	1
erogegames	1
hatena	1
doublefine	1
aldoshoes	1
parkmarino	1
playdota	1
beinamovie	1
harvard	3
awaytogarden	1
thewokhollister	1
worldstarhiphop	5
womens-health-concern	1
usembassy	1
thewatchmoviez	1
ultimatehomeideas	1
sees	4
sourcebmx	1
snhu	1
tobeporn	1
thiscouplespalate	1
ihotelier	1
thepicta	1
hoian-tourism	1
eso-garden	1
aspca	1
countyofsb	1
carecredit	1
airnav	1
daz3d	1
cruisenude	1
saiyanisland	1
umakebuttons	1
craftsy	1
getmorestrength	1
123movies	5
thepointsguy	1
uol	3
photoshop	1
alliedschools	1
dynamex	1
eyekit	1
iconosquare	1
pitchperfectmusic	1
xom68	1
followthemoney	1
adelelike	1
hotschedules	1
tdpri	1
bugguide	1
porseshkadeh	1
resistancevoices	1
springhole	1
globalsignproducts	1
csun	7
100view	1
slither	17
notebookcpufans	1
danitoste	1
funimation	2
springhillnursery	1
stonebridge-apthomes	1
lmu	2
cardinghispano	1
circuscircus	1
chargers	1
gardenwatersaver	1
deepinsidetherabbithole	1
essentialsql	1
qcode	1
giftscatholic	1
nissancommercialvehicles	1
asahi	2
smallpdf	1
dicasdiariasdeportugues	1
photosbykev	1
zillow	35
hbogo	8
wpbf	1
bluethumbponds	1
mtgsalvation	4
rackroomshoes	1
thecoolersoftwares	1
roadmender	1
namethatporn	1
virnow	1
cabelo-masculino	1
optometristsalarybystate	1
hp	3
usefulenglish	1
replacements	1
billdanceoutdoors	1
costco	17
scriptdrive	1
proprofs	1
caranddriver	5
payscale	3
unm	2
walgreens	6
champion	1
thestreet	3
democratsabroad	1
songsterr	1
jrcigars	1
plantedtank	2
magelo	2
beverlycenter	1
knittingpatterncentral	1
mavoo	1
streamknk	1
myapptemplates	1
retrospecbicycles	1
cellaconsulting	1
gsmr	1
thebeijinger	1
libsyn	1
powwowlongbeach	1
datalog	1
heroesnexus	1
monster-wiki	1
imperialbarberproducts	1
aaets	1
web-japan	1
mccc	1
swappa	1
hardcorecams	1
ourcuriousworld	1
tutsplus	1
adultsearch	1
thanksgivingpoint	1
celebritycruises	4
sc-ctsi	1
getalphay	1
zdnet	1
reddit	276
4plebs	1
burtsbeesbaby	1
motherjones	2
satsirikhalsa	1
pearsonmylabandmastering	3
skiheavenly	1
pcaobus	2
gamemag	1
kaiserpermanente	6
lamesarv	1
pinoyrecipe	1
globalsources	1
crossroadstrading	1
sqlite	1
win31	1
ting	1
netfisher	1
hellogiggles	1
abercrombie	1
liholihoyachtclub	1
dreamtrips	1
artscyclery	1
novelicious	2
contabilidad	1
universalstudioshollywood	4
hutshop	1
casebook	1
shrm	1
elex	1
theresumecenter	1
lacoste	1
anysex	1
dawn	1
3sbc	1
optimaforums	1
yogawiz	1
wefullmovieonline	1
pinchofyum	2
innisfreeworld	1
mindtools	1
azlyrics	20
slatecreekapts	1
twitch	16
computerstepbystep	1
bbc	12
blog	1
quill	1
office365	2
dhresource	1
digikala	3
getemoji	1
dlugan	1
blackhairmedia	1
opensubtitles	2
poptropica	1
flysanjose	1
farmers	1
localhandymanpros	1
ufunk	1
usnews	9
consumerreports	8
thedruidsgrove	1
scribd	4
hecklerspray	2
pof	5
vivatube	1
comedy	1
dodhousingnetwork	1
ubergizmo	2
tsdm	1
equityapartments	2
dragonball	1
pandaexpress	1
zibazan	1
is	1
bluelight	1
alwaysmod	1
masterorganicchemistry	1
catherinecoulter	1
convert-my-image	1
jetblue	1
yourdictionary	7
indiewire	1
hotels-rates	1
torcho	1
fcportables	1
themovie4u	1
nakedasianamateurs	1
fordfuneralhomes	1
trafficmonsoon	1
khabaragency	1
ti	1
theblogpress	1
cohnrestaurants	1
sdcl	1
rouletteb	1
cbslocal	4
republican-candidates	1
chasereferafriend	1
123yq	1
dvnf	1
watchfree	3
dieselplace	1
shiseido	1
gstatic	1
metafilter	2
kerrycooks	1
longotoyota	3
xmovies8	2
whitehouseblackmarket	1
163	1
shirleysbagels	1
rossignol	1
releasenet	1
razerzone	2
koggames	1
vw	2
eevblog	1
historical-us-maps	1
redbookmag	1
tenspros	1
sportsauthority	2
tosarang2	1
istillshootfilm	1
schools	1
forever21	1
overclock	3
lifespa	1
unionbank	3
dot429	1
bikebling	1
marvelheroes	1
sona-systems	1
daytrippertours	1
globe	1
audiotag	1
blic	1
seuscraft	1
123teachme	1
eatingatjoes	1
musiciansfriend	2
benhamconstruction	1
honeywell	1
ftbwiki	1
sonyadehartdesign	1
mp3lie	1
union	1
heroes-wow	1
eft	1
lazada	1
traxxas	1
tourneworleans	1
ubc	1
apartmenthomeliving	1
jgram	1
glamsham	1
99only	1
wismec	1
ritchiespecs	1
dathost	1
wordhippo	4
pveducation	1
evite	1
giants	1
myprostatecancercoach	1
universityofcalifornia	2
takelessons	1
canvaslms	1
smc	1
swiresiegel	1
wallgarden	1
jurassic-life	1
italianfamilyfestasj	1
usaa	3
blackdesertonline	6
fancypantsfoodie	1
impericon	1
viperroom	1
mathgoodies	2
nationalbusinessfurniture	1
rivals	1
stream2watch	4
pickupstix	1
gazefree	1
bigsurcalifornia	1
pasug	1
raiders	2
britannica	3
thefappening2015	1
triblive	1
serverharangue	1
bangbrosclips	1
dodge	1
sezimag	1
littlediamondmodels	1
pecc	1
onlinejobapplication	1
diablowiki	1
audacityteam	1
neoseeker	2
ruger	1
spiritofbosnia	1
thelpa	1
travelzoo	2
eddmann	1
discogs	9
hollywoodlife	6
express	4
antionline	1
create	1
cypresscollege	1
brianmoses	1
youjizz	6
doximity	1
artofproblemsolving	1
zoominfo	1
dailyburn	3
explorecaliforniapass	1
houstonpublicmedia	1
sex-animal	1
d20pfsrd	4
pornsvideotube	1
southwestsolutions	1
nu	2
socalgas	2
jetpens	1
msstate	1
fauquierent	1
discoveryventura	1
cheatelites	1
latex-community	1
niagaracycle	1
albertsons	1
caminspector	1
katbiggie	1
gigaom	1
tunein	2
bddatabase	5
thenewstribune	1
junglesvibes1	1
tcgplayer	3
providentcu	1
skullknight	1
asecho	1
swgohcantina	1
iheart	1
myetudes	1
techopedia	1
mieleusa	1
massan	2
investintech	1
neogaf	1
pastebin	2
deere	1
canlidizihd4	1
mmog	1
politifact	2
iyashitour	1
nationalgeographic	2
costhelper	1
mathwords	1
gunlistings	1
naturerepublic	1
imgflip	1
quotesforbros	1
cancer	2
bestsubzerorepair	1
ontheissues	1
destructoid	3
hypoglycemia	1
fitbit	4
narutohq	1
daum	2
casurvival	1
asurion	1
storagetechguide	1
newsarama	2
surfactantsintl	1
folger	1
get-a-wingman	1
thepiratebay	20
sheppardsoftware	1
triobest	1
lotro	2
arabianbusiness	1
jnto	1
pps	1
brusheezy	1
bakabt	1
fulladultclips	1
documentic	1
ohio	1
ocweekly	1
eastmoney	1
speedtest	9
utilitarianism	1
decoist	1
bitly	1
amaninthehouse	1
jazzman	1
wynncraft	2
santa-rosa	1
therichest	1
apartmentfinder	1
ctlawhelp	1
universal	1
zaptel	1
duelyst	1
drugabuse	1
authoritynutrition	4
rvparkreviews	1
bloggingheads	1
newrepublic	1
sharecare	1
startjuno	1
wnd	3
hellyeahitsvegan	1
barronsbooks	2
hiphople	1
mouser	1
asscc	1
yoox	2
escobar-group	1
diigen	1
search	4
innateresponse	1
ultrasurf	1
leakedpasswords	1
topmp3z	1
preventwildfireca	1
asexyservice	1
coderdojosv	1
mozillazine	1
cccm	1
shoppingparkwayplaza	1
cheapinternet	1
berkeley	20
headoverfeels	1
mightytext	1
sme	1
vox	4
guestfriendlyhotels	1
routledge-interactive	1
metservice	1
redzer	1
msjc	1
le	2
phonearena	2
spyderco	1
jamesedition	1
thenest	1
bhcourier	1
smithplanet	1
dovepress	1
asananorthpark	1
roblox	5
mbworld	2
powerexchange	1
thevirtualpiano	1
managementscientist	1
prezi	7
filmbokep69	1
ilovehatephoto	1
lemonmastercleanse	1
wikipedia	795
copdfoundation	1
trucool	1
samuelmerritt	1
hitbox	1
python	1
homeofficestyle	1
scionlife	1
wikifur	1
hallmarkchanneleverywhere	1
nutribullet	1
playstationlifestyle	2
investopedia	10
palmsprings	1
egbo	1
hltv	1
globalgrind	1
epicmafia	1
circleofmoms	1
rumseyauctions	1
assist	1
prometric	2
bornshoes	1
yifysubtitles	2
jet	3
puckermob	1
voyeurweb	2
kickasstorrentsim	3
torrentmobz	1
csgosell	1
garena	2
planetfitness	1
winningpokernetwork	1
whatmobile	1
baseballsavings	1
queermenow	1
sbcc	1
gamepressure	3
blogfa	1
wow	1
agrian	1
nisamerica	1
movieweb	2
webs	1
mothering	1
darkhallmansion	1
google	816
tacticalgear	1
hiphopdx	3
edjoin	2
designergreek	1
mophie	1
verywell	2
finalfantasyxiv	4
boardgamegeek	2
grassrootsmotorsports	1
mordocrosswords	1
sensormatic	1
swimoutlet	3
argentinaprivate	1
famousfootwear	2
science-forums	2
askleo	1
tradeinexpert	1
jukebo	2
journalstar	1
moesoriginalbbq	1
kingoapp	1
supershuttle	2
buscamix	1
vrbo	3
miracosta	1
classicphotos	1
citizenaudit	1
kerbalspaceprogram	1
csgnetwork	1
hku	1
liveexpert	1
rozblog	1
aomarkets	1
informer	1
citrixonline	1
about	18
ruggedones	1
gpo	1
azdhs	1
healthboards	1
hdrezka	1
rogueguitarshop	1
bancodevenezuela	1
techpowerup	1
cinemalek	1
innovadiscs	1
carinsurance	1
federalreserve	1
recreation	1
instructables	11
furballcritters	1
id90travel	1
carnaldish	1
kokean	1
alaskacruisetransfer	1
iptvsatlinks	1
calvinklein	1
freetranslation	1
askmen	4
seoclerk	1
survivopedia	1
marvel	1
theadairgroup	1
mp3lio	1
sfhsa	1
ukulele-tabs	4
yowcow	1
typepad	2
plannedparenthood	1
bridgeviewadvisors	1
longbeach	1
halls	1
hotgas	1
rexwordpuzzle	1
immihelp	2
360doc	1
365xs	1
android-photo-recovery	1
humansofnewyork	1
audiotubes	1
rushisaband	1
mangahop	1
gsmarena	6
xworld	1
badtameezdil	1
hodges-directory	1
360musicng	1
udemy	1
hendersonvillelightning	1
rrune	1
mangatown	1
mychiller	1
prepscholar	4
popfizzpaper	2
nirs	1
jalopnik	3
tukui	2
hinterlandoutfitters	1
propertydo	1
hellocomic	1
jobsnhire	1
care	1
siliconeforscars	1
lifeandleadership	1
sturgeonsmill	1
ratemyserver	1
thenhf	1
iwantoneofthose	1
askdoctork	1
skyzone	1
1000bulbs	2
edwinwattsgolf	1
estately	1
sandiegozoo	1
promocode2016	1
personalfinancewhiz	1
whosdatedwho	1
telesurtv	1
xojane	1
dulfy	1
prodivnet	1
baidu	9
ssbwiki	2
lukejerram	1
gannett-cdn	1
noethics	1
californiaoutdoorsqas	1
springfieldspringfield	1
citibankonline	1
nhl-stream	1
acecase	1
thespreadsheetguru	1
cms	1
allaboutlearningpress	1
ongame	1
treeofsavior	6
teaenterprise	1
salvageparts	1
colorado	5
biblegateway	6
deathpenaltyinfo	1
stormfront	1
reserveamerica	4
makezine	1
poondesign	1
anyporn	1
sagepub	3
mp3clan	1
medhelp	1
firstnationalcc	1
thehulltruth	1
owensvalleyhistory	1
pmcmusic	1
losslessma	1
ravelry	1
finalfeecalculator	1
1tv	1
target	33
sweetwater	4
pso-world	1
smite	1
pasadena	1
military	2
sutterhome	1
hongfire	2
inspectionnews	1
steampunkemporium	1
themenupage	1
myanimelist	16
keepvid	1
hazardcenter	1
viewmenu	1
skype	7
inbody	1
matematikasmpkelas7	1
theppk	1
usabilityetc	1
legionathletics	1
anybunny	3
cartoonsvids	1
fbi	2
sexnoi	1
mangahere	3
mystore411	1
theracketreport	1
visitcalifornia	1
ctzen	1
clashroyaledeckbuilder	1
kohnworkshop	1
dirtydogsandmeow	1
1001fonts	1
disabilityadvisor	1
avenue	1
dogfriendly	1
pollypocket	1
screenrant	4
jav68	3
pmakid	1
dressupgirl	1
natgeomaps	1
cinemaescapist	1
fluentu	3
law360	1
adam4adam	2
ololstcharles	1
worldticketsource	1
theweathernetwork	1
netflixlife	2
safebee	1
niksalehi	1
farecompare	2
chileestuyo	1
schoolwires	1
imeidata	1
runsandiego	1
sho	3
dcuniverseonline	1
tudocelular	1
yaletownnaturopathic	1
climatecentral	1
businessinsider	4
yougrowgirl	1
burbankleader	1
statruwheels	1
tusd	2
lacuerda	1
myvisajobs	1
shoemall	1
rome-explorer	1
rocketnews	1
buckyguns	1
bukkit	5
finnstyle	2
ams	1
unlock-network	1
iranheadphone	1
askmehelpdesk	1
terapeak	1
awesomepasswords	1
snakehoundmachine	1
stubhub	1
haskell	1
unc	1
mediaplex	2
camelbak	1
truckmountforums	1
lifehopeandtruth	1
partsgeek	1
fourwindsgrowers	1
liberty	1
sputnikmusic	1
rpmservicing	1
listverse	1
lockdowel	1
espnplayer	1
at-mobile	1
fextralife	43
palmettoshoresrvresort	1
swordforum	1
visitpa	1
mensfitness	2
bingapis	1
ciudadredonda	1
justpark	1
animetv	1
cython	1
librivox	1
legacyplusins	1
vicon	1
technocrazed	1
blindfilmmaker	1
venturebeat	2
whyfund	1
sunset	1
nytimes	27
thirdway	1
hotspotshield	1
imperfecthomemaking	1
canon-europe	1
wowhead	28
madriverunion	1
wthomaspeltondds	1
kino-live	1
abundantfamily	1
here	1
rap-up	1
ucirvinehealth	1
lemlem	1
arclightcinemas	1
gameplanet	1
xg4ken	3
skylighters	1
energystar	2
mindbodygreen	2
yourstory	1
myhaikuclass	1
gardeningknowhow	6
richeymay	1
etiquettescholar	1
retailmenot	12
roommp3	1
52pk	1
taxtips	1
dollargeneral	1
modem-uk	1
desertfetishauthority	1
mentalfloss	1
spreadkitchen	1
xilclix	1
reachair	1
youtube	1007
testeachersonline	1
mineducacion	1
sothebysrealty	1
trionworlds	1
online-audio-converter	1
kbsgolfshafts	1
bookit	1
scensei	1
habitburger	1
nudevista	4
600cc	1
equestriadaily	2
taize	1
torrenthound	1
pacificstereo	1
shouldiremoveit	2
cips	1
ksa-teachers	1
tp-link	1
mbusa	2
themushroomkingdom	1
bisexualplayground	1
onlineconversion	1
taqat	2
arcadecontrols	1
hawkridgesys	1
nextairing	1
rpg	1
surfcityusa	1
aspirepublicschools	1
semana	1
hbs	1
williamjbowman	1
putlockerr	7
aad	1
haydocyairstream	1
ukuleleunderground	2
epayrollportal	1
cda	1
telegraph	8
blogmytuts	1
cccapply	2
gamestop	7
ebayimg	1
andersenwindows	1
purplerow	1
venere	2
menupages	1
notebookcheck	4
kickstarter	4
bb	1
techmeme	1
livingmyths	1
williams	2
jpost	1
pawneenation	1
rare	1
coasthills	1
forgehd	2
numbers-book	1
verifirst	1
weather	14
met	1
centroid	1
globalair	1
costcoinsider	1
thecalculatorsite	1
wishesgreeting	1
edelmanintelligence	1
760kfmb	1
unlv	1
colintalcroft	1
minecraft	4
totalregistration	1
motel6	1
streamcomplet	2
leagueoflegends	19
metabattle	1
doityourself	1
totaljerkface	1
paragon-re	1
protectsanjose	1
tumpukanpuisi	1
oreillyauto	4
choosephilippines	1
zendesk	3
mobafire	14
seamar	1
summonerswar	1
msp	1
fivethirtyeight	4
penthousehub	1
metrolistmls	1
locu	1
adidas	2
naturalhealthadvisory	1
vintagesynth	1
businessballs	1
steamanalyst	1
calpoly	8
subway	1
porncinema	1
santa-cruz	1
corelogic	1
robbinsbrothers	1
systemexplorer	1
platform9	1
afr	1
jcpenney	7
eveonline	2
surfphotographersunited	2
iontelevision	1
firstladypermanente	1
foreignlegion	1
convergecult	1
openminds	1
travelmath	2
chicoer	1
free-best-hosting	1
zoosbook	1
4chan	8
technoslf	1
ksu	1
crosswordnexus	4
faraim	1
quarterpastnormal	1
rhs	2
radicalfirearms	1
movisootv	2
namegeneratorfun	1
quackenbushlawfirm	1
dicionariodenomesproprios	1
hrblock	1
sector9	1
clubforgrowth	1
ckiiwiki	1
penguin	1
cplusplus	9
monroecc	1
pornswim	1
lowincomehousing	2
keyshiacole	1
aua2016	1
interesting-facts	1
patheos	1
prince	1
golfchannel	2
petsafe	1
sitejabber	1
audiosparx	1
lichcraft	1
sintesenews	1
hollywoodbowltips	1
jwsoundgroup	1
tcsn	1
cgmasters	1
trrp	1
mylifeeveryday	1
mylust	2
gamesas	2
fundlibrary	1
clayton	1
chuckecheese	1
tested	2
anthonythomas	1
inside-r	1
berryessa	1
acfun	1
tit3	1
ontrac	2
mytaxcollector	1
yugiohtopdecks	1
mercari	1
soldiersystems	1
extraconceptions	1
edmunds	6
stuho	1
nhl	4
maxxspy	1
californiaavocadogrowers	1
dorkly	1
allvoices	1
rw-designer	1
brandnew	1
vanillagaming	2
chemteam	1
europa	1
politicususa	1
sportinglife	1
cartalk	1
massgeneral	1
reece	1
eat24hours	2
gta4	1
2010officefurniture	1
tinypussyporn	1
ancestry	3
grainger	1
santee	1
eharmony	3
techtarget	4
secsports	1
recapo	1
howardelectronics	1
epsonl800printer	1
bayoushooter	1
4t	1
thebitbag	1
goldstar	1
mendeley	1
dreamhost	1
dnb	2
mandatory	2
netrunnerdb	1
codegur	1
ontarioca	1
uscamail	1
redline360	1
skylineviewapartmenthomes	1
komunitasfilsafat	1
southwest	10
pepboys	2
warframe	2
spanishcentral	1
collegehumor	2
ohmconnect	1
epiphonewiki	1
united	4
lifland	1
guitarsreport	1
consumersenergy	1
fieldandstream	1
grifolsplasma	1
autobodystore	1
roomster	1
livedoor	2
screamingbee	2
mooseroots	2
mizunousa	1
furaffinity	2
wineladycooks	1
subaru	2
msuextension	1
javatpoint	1
thatsembarrassing	1
nerfplz	1
psychologydiscussion	1
screencrush	1
youtube-mp3	10
metareddit	2
govnews	1
davidshapirolaw	1
2baranfilm	1
polyvore	2
hydroflask	1
doggiewalkbags	1
svo	1
realtor	12
record	2
maybelline	1
nuancemobilelife	1
pcnprinterrepair	1
chipotle	2
iciba	1
spokeo	4
edrawsoft	1
gethuawei	1
anthem	1
careersatchase	1
when	2
hotelpostfuegen	1
torjoman	1
cheatengine	1
sublimedirectory	1
gowatchit	1
thesillysally	1
hopeporn	1
mlive	1
townnews	1
sextvx	1
seo-michael	2
kooora	2
refinery29	1
tankionline	1
buzzbutterflybush	1
01net	1
thisiscolossal	1
hupu	1
worldofsolitaire	2
crateandbarrel	3
niceminecraft	1
missionfed	1
lacity	2
inven	1
ucla	21
hobbylobby	1
zzcartoon	1
regus	1
techonthenet	1
ancient	2
epicspeed	1
pilotsofamerica	1
siu	1
losrios	5
tarptent	1
lacounty	1
lalofts	1
starsunfolded	1
chase	17
chamberswines	1
panjiva	1
fathomevents	1
sutterhealth	1
defenders	2
casualvillain	1
etre	1
health	3
sherwin-williams	1
tv-envivo	1
ranker	1
teamviewer	1
kaybo1	2
zales	1
osh	3
aa	5
grammarbook	2
ttlg	2
moog	1
androidpolice	2
dbzdokkanbattle	1
radacutlery	1
uts	1
publicrecords	2
sleepyti	1
stackoverflow	67
watchseries-online	4
buddhanet	1
toontownrewritten	1
dji	1
manualsdir	1
swfchan	1
minipoodle	1
hardsummer	1
nortonsimon	1
weedmaps	4
origin	3
equalitymagazines	1
nontonbokep	1
mail-archive	1
wpi	1
gap	1
la-xxx	1
videos88	1
flexyourrights	1
chineseinla	1
dmv-written-test	1
barkshop	1
bustymomsvideo	1
techhive	2
healthyfeetstore	1
istorage	1
fatsecret	3
scienceinschool	1
metal-temple	1
biblestudytools	2
pewsocialtrends	1
xlforum	1
hdmovieswatch	1
xivdb	1
uverse	1
globeplbg	1
cheatcodes	1
sreckotech	1
gearslutz	2
storyboardthat	1
hungryhowies	1
laurashoe	1
mksmithchevrolet	1
cricketwireless	1
vaseline	1
skbcases	1
frontlinegaming	1
pacificcrossroads	1
destinationxl	1
hearthpwn	10
tokenposts	1
publicadvocates	1
blogspot	1
footlocker	2
yunnansourcing	1
consolegameswiki	2
premier-league-lives	1
audiforums	2
prospects	1
diffen	1
banksinfo	1
rideicon	1
poshmark	1
sandiegolawlibrary	1
stonetiledepot	1
6pm	2
thermaltakeusa	1
playrustwiki	1
oldgirlsporn	1
unlock-free	1
reactiongifs	1
lynnaemccoy	1
gondolaromance	1
comingsoon	2
g35driver	1
bluebirdgroup	1
daynw	1
ae	3
concordtoyota	1
jimdo	1
rt	1
proedinc	1
zeiss	1
eat-japan	1
mheducation	2
missyusa	1
denverpost	1
adoptadoggie	1
ecstuning	1
naviance	2
breakingmuscle	1
discoverycube	1
americanapparel	3
capturetheflag	1
dpstreaming	1
wheel-size	1
heresyourporno	1
seasonicusa	1
harvardmagazine	1
mlb	14
vine	3
freestylextreme	1
bergdorfgoodman	1
race-mlb	1
investigationdiscovery	1
unhcr	1
u-s-history	1
deadline	2
mauritsonwines	1
stylecaster	2
watchkabaneri	1
angieslist	5
sakura	1
castorage	1
paypal	7
supertopo	1
townhall	2
larian	2
calmclinic	1
worldoftanks	1
exede	1
theredwoods	1
howtoforge	1
bogley	1
hawaii	1
onroto	1
unigo	1
peelink2	1
marcobonzanini	1
pinoy-tv	1
morningledger	1
rowman	1
derrit	1
usseek	1
mvc	1
canyons	2
privateinternetaccess	1
royalsreview	1
pacificsales	1
lord-travel	1
edsource	1
kinja	1
nbcsandiego	3
doctoruke	1
1keydata	1
sylvan	1
chelseagreen	1
vegas	1
elearningbrothers	2
3sk	1
eef	2
nashreney	1
roadnow	1
charitywater	1
todayifoundout	1
piliapp	1
247solitaire	1
moneycrashers	1
destinylfg	1
michaelpage	1
gecapital	1
scssoft	1
sigmabeauty	1
elsevier	1
mtbr	1
behappyzone	1
japanhdv	1
saintthomaschurch	1
theshadowalliance	1
tofutti	1
celcom	1
vegastripping	1
kleientertainment	1
ilovetustin	1
fuesd	1
ashleyfurniturehomestore	2
safecu	1
visitasilomar	1
csueastbay	1
plantea	1
oilincar	1
hdfuckporn	1
redtube	9
unitedutilities	1
wsu	1
royalpurpleindustrial	1
nudeasianstube	1
oyp	1
alphacoders	1
411	1
pornmaturetube	1
drugstore	2
tutorialspoint	3
brooksrunning	1
videobokepsex	1
capitolcorridor	1
sandia	1
sharelatex	1
thetoptens	2
golyon	1
marinij	1
omix-ada	1
premiumsupersite	1
dev-point	5
live	19
nytix	1
liligo	1
sycuan	1
archmemory	2
amateur-threesomes	1
lehigh	1
craveonline	1
tuwien	1
latintubeporn	1
la-screenwriter	1
heavengames	1
diadiemanuong	1
babylon-software	2
youporngay	1
watchmelearn	1
roobeno	1
sandiego	4
ltn	1
greenriver	1
chaturbate	6
anatomyzone	1
pdffiller	1
vui	1
rightdiagnosis	2
nickyrottens	1
xsplit	1
cisco	1
csgostakes	1
giftcards	1
crimereports	1
lessonplanet	1
bugmenot	1
sce	3
archdaily	1
leatherup	1
ucsf	1
mugglezhazha	1
figsantamonica	1
pbskids	2
tubetamil	1
calledtoservevietnam	1
princeton	2
diebold	1
navajo-nsn	1
xhamster	15
california-junkyards	1
fanpop	1
wsj	11
yuksekovahaber	1
tirerack	3
nocookie	4
coj	1
beersmith	1
abfas	1
gamefaqs	32
beautifulolderwomen	1
pagodahawaii	1
enjukuracing	1
televisa	1
serenesforest	3
burningman	1
directindustry	1
blogsizzle	1
nccwebsite	1
wisconsinhistory	1
northwestmajors	1
silvergames	1
uber	2
thecontour	1
nursingworld	2
esam	1
udel	1
collegeinfogeek	1
gulfcoastnewstoday	1
gameskinny	1
pixlr	1
freebieshark	1
skylinecollege	1
vk	4
getcreditcardnumbers	1
overclockers	3
90forlifestyle	1
pbs	2
rasadownload	1
eporner	1
powerstroke	1
missiontour	1
topspeed	1
bedbathandbeyond	2
cram	2
art	1
polaris	1
rotowire	1
cars	2
eyeworksatlanta	1
imfdb	1
onlineprofitjobs	1
petercetera	1
aliexpress	3
i-am-bored	1
wikivet	1
traveloka	1
enstarz	1
copperknob	1
oxxo	1
recknews	1
ddmap	1
okayplayer	1
lyngsogarden	1
dummies	8
sloperama	1
sciencemuseum	1
savetheinternet	1
pureformulas	1
japancrate	1
ptable	1
nick	1
lobelfinancial	1
nsw-family	1
resumegenius	1
fifa	1
antjacks-femalepossession-mindcontrol	1
calibex	1
racionrestaurant	1
gingersoftware	1
mitula	1
cityofalhambra	1
findmeglutenfree	1
ephpod	1
totalwar	1
theassimilationlab	1
millenaire	1
localsofbrazil	1
dlcboot	1
cpq	1
jobaps	1
forbiddenknowledgetv	1
chevrolet	2
georgeing	1
worldcat	1
lanebryant	1
javatechig	1
windows-commandline	1
centerpointmurrieta	1
sandiegouniontribune	2
digital-photography-school	2
opticsplanet	2
everytownresearch	1
yuku	1
sexmenu	1
renttherunway	1
unicornbooty	1
corporateperks	1
advancedbackgroundchecks	1
nature	4
blackhawk	1
douban	2
guitarworld	2
madcatz	1
1up	1
kettlerusa	1
travelocity	1
supercheats	2
hofstra	1
foxcreekleather	1
spineuniverse	1
campbellskitchen	1
saccounty	1
furniturefashiondesign	1
aldistorejobs	1
2ddl	1
realself	3
androidpit	3
checkyourmath	1
fimfiction	1
mobile01	1
cpp	5
ged	1
supercoloring	1
sewelldirect	1
tubefilter	1
slikgraphics	1
holadoctor	1
nrdc	1
torrentfreak	2
arborday	2
zerochan	1
docslide	1
pixnet	1
xxxvidenevs	1
bodybuilding	14
yogaanytime	1
hollywoodtake	3
happywheelsaz	1
mobli	1
concordnh	1
iplocation	1
metalinjection	1
guhsd	1
ajmadison	1
dailymotionfullmovie	1
food	3
keyt	1
whatismyip	1
esnipe	1
megaessays	2
nationstarmtg	1
tworiverssoccer	1
nasl	1
surfermag	1
globalgiving	1
descargatelocorp	1
websitedown	1
se7ensins	1
watchanimemovie	1
ml	1
fastunlocker	1
analog	1
brighthub	1
kotaku	7
orijen	1
typingtest	1
hondapartsnow	1
laffgaff	1
bimmerforums	2
android	4
arcatapool	1
oracle	3
maxim	1
zoopla	1
teacherstestprep	1
howtoedu	1
algebra	2
mangago	1
medizzine	2
classicducati	1
volcenter	1
collegeconfidential	8
cartoonnetwork	3
theisozone	2
nomorobo	1
looper	1
dixie	1
gamerant	1
joann	5
lalymom	1
theappraisaliq	1
u18chan	1
adeccousa	1
virginia	3
emalls	1
coastjewelryandmore	1
kth	1
creatorsedge	1
searchlock	4
tuxtorrent	1
mazdaroadster	1
opcmia	1
staples	6
truman	1
androidmtk	1
yesmagazine	1
jeld-wen	1
chaffey	2
rent	3
newjesuswallpapers	1
simplestudies	1
exceleyecare	1
xfinity	11
moneysense	1
framesdirect	1
trustpilot	1
7kyr	1
chemistscorner	1
lls	1
wish	1
runitonce	1
tcadmin	1
ikshow	1
spike	1
josephkimoms	1
searchcentralflhomesforsale	1
vcahospitals	1
academia	5
awarablogs	1
athletic	1
smash	2
usm	1
smart-torrent	1
veeder	1
farnet	1
rap4ever	1
sparktrust	1
gaysafimdehomens2	1
lotro-wiki	2
socalledfantasyexperts	1
northcountycu	1
uline	1
4crawler	1
bensbikes	1
ou	1
govx	1
gizmodo	3
lustomic	1
refx	1
movie2k	1
kwucoyotes	1
onlinemovies	1
prosextube	1
targetpcinc	1
adorama	1
coachwooden	1
nolo	3
knowledge4africa	1
mucinex	1
automationdirect	1
ultraedit	1
kptmovies	1
potterybarnkids	1
skyhawks	1
garnierusa	1
emirates	1
payetteforward	1
ulta	1
newsnow	1
w3schools	8
scribesoft	1
villapacificapartments	1
diabetesdaily	1
citationmachine	7
paytrust	1
mac-torrent-download	1
sourcemaking	1
passeidireto	1
onceuponachef	2
eastbayspca	1
hairclub	1
self	2
moneysavingexpert	1
remembering-your-keyboard-shortcuts	1
lazoo	1
teamfourstar	2
giantbomb	1
nikibiagochiryo	1
jstor	1
testobject	1
logomakr	1
dollarrupee	1
speedymetals	1
cincinnati	1
cs231n	1
eatthis	2
watchonlinesfree	1
toyotanation	2
boxerforums	1
uniquely-thai	1
chowhound	4
wmberg	1
alamo	1
bryantauto	1
curbed	1
picjoke	1
wmicentral	1
camcc	1
manthesis	1
nbcbayarea	2
hollisterco	1
clinton-county	1
jamaicanhurricane	1
peafowl-breeders	1
androidauthority	4
brilliantearth	1
cabrillo	1
danwilsonsoftware	1
slickdeals	3
ok	2
slrlounge	1
lasallehs	1
imakeswords	1
trueswingers	1
usatoday	15
compucalitv	1
rsc	1
notonthehighstreet	1
lazytubeporn	1
bestfreecsgowebsites	1
socratic	1
monasteryroad	1
renown	1
deckmagazine	1
foreignpolicy	1
securitymagazine	1
coolmath-games	6
shopyourway	1
vice	2
revues	1
frogtoon	1
davidwygant	1
techxplore	1
hollywoodreporter	2
wowdb	2
stearnswharf	1
xxxbunker	2
nationalreview	1
bls	4
xda-developers	2
perfectgirls	3
primagames	2
extraspace	1
box10	1
theopedia	1
vpngate	1
harborcompliance	1
theantimedia	1
marquette	1
bernardalba-ines	1
longecity	1
celebjihad	1
officedepot	3
wholesaleforeveryone	1
laschools	1
yesasia	1
merckmanuals	3
955klos	1
dressupwho	1
trailerpartsdepot	1
thenextweb	1
schutzhundvillage	1
personalcreations	1
brainyquote	5
trello	1
mp3juices	3
lovesensa	1
wordcounttools	1
bettersleep	1
seriouseats	2
yugatech	1
tvsupernatural	1
biblicalintegrity	1
familydoctor	1
futhead	1
gillette	1
hclips	1
kinkfriendly	1
enterprise	1
saveur	2
ecotechwater	1
circuitsgallery	1
pollenlibrary	1
xfce	2
vapourdays	1
npsinternationalchennai	1
adyen	1
minecraftskins	3
igta5	1
allthingsnewinteriors	1
atwiki	1
clubcruzvolleyball	1
shopfoodex	1
sandatlas	1
dannmar	1
turnitin	1
napaonline	3
volpinprops	1
cruisin	1
fox	1
ex-astris-scientia	1
claz	1
c-span	4
momjunction	1
hoi4wiki	1
decathlon	1
musojapan	1
sourceforge	4
classiccarclubmanhattan	1
scu	1
washingtonpost	8
usccc	1
actontoyota	1
dailymail	18
kieuvuanhtu	1
oncentral	1
101apps	1
colapublib	1
hotelguides	1
dengarden	1
netzero	1
letsunlockiphone	1
demon-tweeks	1
passivepromotion	1
androidcentral	5
alternativeto	1
everipedia	1
scirra	2
medsleuth	1
ccprep	1
libertymutualgroup	1
theoceancleanup	1
flysfo	1
greatautohelp	1
speed-daddy	1
superbetter	1
stuffstonerslike	1
positivepsychologynews	1
cornell	6
d3server	1
seawolfliving	1
findthehome	2
fullcoll	1
planetf1	1
northernbrewer	1
surrenderat20	3
bigcartel	2
championselect	5
ashleyfurniture	1
undertowgames	1
steelseries	1
virginamerica	2
eater	4
plex	2
broadwayworld	1
monstersofjizz	1
pagesix	1
marriott	2
heroesfire	2
similarpages	1
muenster	1
charter	1
pdfbazaar	1
piratestorm	1
ibuildbbqsmokers	1
pinknpretty	1
zoo-videos	1
b4k	1
ibm	1
researchprostatecancer	1
recipe	1
realmeye	2
btwin	1
hallofdomains	1
homesteadandgardens	1
sunsetvistarealty	1
mikuexpo	2
newyorker	2
crochetconcupiscence	1
ilovefreethings	1
stackexchange	37
prestigebux	1
iheartraves	1
die	1
usajobs	1
census	3
goughlui	1
eldoradohillsbowmen	1
sportsmediawatch	1
va	1
giphy	2
zoosk	1
travelchannel	1
myvidster	2
youqueen	1
farfesh	1
premiumfreesex	1
names-surnames	1
wine	2
purdue	12
myperfectresume	1
gopro	2
maturitascafe	1
nile	1
nextlevelapparel	1
webstaurantstore	3
fbl	1
cityhotel	1
livenation	3
mathworks	3
cockatrice	1
epicdome	1
piesandpints	1
ubs	1
kitguru	1
netdna-cdn	1
geteasysolution	1
hotwire	1
6play	1
monocounty	1
itproportal	1
fontsgeek	1
usfca	1
reversecelllookups	1
end-times-prophecy	1
horseandhound	2
freshdesignweb	1
multichannel	1
pdx	2
newhorse	1
airlinequality	2
god-tv	1
gameboymacro	1
freemake	1
discovermagazine	1
calpg	1
otslabvam	1
careerealism	1
mangafox	2
indiegogo	1
commnet	1
thegearpage	1
whowhatwear	1
moorchebook	1
avast	3
purplemath	2
sonycreativesoftware	1
aampmaps	1
sixflags	1
jamesredford	1
allianceunited	1
meditationsinatrament	1
ioffer	1
ourtime	2
spectracom	1
burpee	1
chicagopublicart	1
fool	1
experience	1
fliphtml5	1
hrw	1
yamahamotorsports	1
ktm-parts	1
atkinscurling	1
clippercard	1
ero-video	1
cinemark	1
lacphoto	1
josbank	1
phim3s	1
2p	1
sobelathome	1
dropbox	6
talktomeinkorean	1
kitchen-universe	1
247spades	1
hungry	1
timewarnercable	10
nfl	8
sdnhm	1
jacksonsquareaviation	1
osornofernanda	1
wisdom-square	1
glendalenewspress	2
cwseed	1
wccftech	3
cupcakeproject	1
kbb	8
americantactical	1
lonehand	1
thefappening	1
bulbagarden	14
virtualpbx	1
drugs-forum	2
allsexclips	1
mathisbrothers	1
fanfiction	3
dogfoodadvisor	1
productionplanning	1
baltimoresun	1
erenterplan	1
sjvc	1
mcstories	1
metacritic	4
dallasobserver	1
itsmorefunhere	1
af	1
bloodpressureuk	1
emojipedia	1
santabarbaraca	1
photo	2
vpnreactor	1
csus	5
eglifesciences	1
100candles	1
spydialer	1
sanmateoemergencyvet	1
remington	1
zocdoc	2
vaynermedia	1
pelicanbeachbelize	1
subtitlesource	1
thenation	1
wholesalesolar	2
nordicagolf	1
vodlocker	2
guerrilla-group	1
blackboard	4
smitefire	1
salsmath	1
gfemonkey	1
filehippo	2
kodi	1
moz	1
city-data	3
quartzpage	1
betterfap	1
percentagetodecimal	1
csgox14	1
webmath	1
huckleberrywoodchuck	1
caloriecount	1
cgtrader	1
build-muscle-101	1
timmcgraw	1
indiana	1
snap-spy	1
xanimeporn	2
buydiscoverpass	1
flaticon	1
westsiderentals	1
webtruyen	1
geckoandfly	1
rubyonrails	1
cheap-phones	1
gopoly	1
rctech	1
civfanatics	3
gettimewarnercable	1
archives	1
tinybuddha	1
cottagegroveyamahamotorsports	1
verizonwireless	11
printroot	1
days	1
carstuffshow	1
kp	1
reefcentral	1
samsmithworld	1
wordcounter	2
thepetitionsite	1
either	2
lhnchurch	1
goggles4u	1
spinxo	1
acornponds	1
providenceumc	1
cenotessacactun	1
calstatela	1
wilsoncombat	1
mangafree	1
rottentomatoes	13
streamsex	1
nicolyrics	1
chancetheater	1
popsci	2
califa	1
growyouthful	1
methodracewheels	1
capital-seafood	1
kshowonline	1
canceradvocacy	1
