kidshealth	1
sparkpeople	2
dressyoursofa	3
recolorado	4
sing365	5
la-xxx	6
scholastic	7
mit	8
kitchenstewardship	9
reportlandsurvey	10
timbuk2	11
pokemondb	12
championselect	13
watchhentaistream	14
jimmyjohns	15
mapquest	17
pistolsfiringblog	18
gamestop	19
aurorasentinel	20
onemorelevel	21
rehabs	22
zam	23
visionperuanatv	24
blackboard	25
dinglisch	27
excel-easy	28
fontsinuse	29
historycolorado	30
bostonmarket	31
bluehost	32
gottabemobile	33
health	34
etrade	35
ncaa	36
sleekmakeup	37
allrecipes	43
wattongroup	44
uberti	45
watchfree	46
nhlplayoffsbracket	47
bestsportstreaming	48
churchstaffing	51
hostgeni	52
timeanddate	53
abc-usa	54
purdue	58
bignudeboobs	59
peerlesstyreco	60
theknot	61
americanbanker	62
hentai2read	63
american-furniture-warehouse	64
skiloveland	65
sync-droid	66
megashare	67
niche	68
kraftrecipes	69
aurorak12	70
6pm	71
landflip	72
colorado-family-law	73
sunmountain	74
weather	83
enciclopediapr	84
thehill	85
joyfuljourneyhotsprings	86
greenwoodcr	87
garciniacambogia100pure	88
everydollar	90
ptinr	91
bestbuy	95
okeeffescompany	96
cakesaroundtown	97
cdc	98
about	102
houseofnames	103
udemy	104
recmar	105
armslist	106
dartsearch	108
wikipedia	217
usu	218
msn	219
lcdtvbuyingguide	220
sonor	221
midwestgardentips	222
archives	223
yale	224
gmap-pedometer	225
collegeinvest	226
empowher	227
coloradospinetherapy	228
thinkcentral	229
androidcommunity	230
hunterfloor	231
myrecipes	232
angelfire	233
liveatviridian	234
chase	235
discounttiredirect	236
ccaurora	237
pathofexile	238
zenogroup	239
deadspin	241
telltalegames	242
csualumni	243
t5d5	244
genealogy	245
celebfamily	246
cnn	252
rprogramming	253
ehow	254
hm	255
thurrott	256
dreammerchantdenver	257
nicebooks	258
reloadingunlimited	259
movietickets	260
familytravelcolorado	261
ubreakifix	262
finerminds	263
sterlingdula	264
topgungsps	265
theonion	266
xfinity	268
ugiftideas	269
pornhub	275
steuernolmclaren	276
johnnycarson	277
zybez	278
theurbandaily	279
shereno	280
bootz	281
leafscience	282
prolinetrailersales	283
olivegarden	284
who	285
hbd	286
kanzenshuu	287
rentals	288
ubi	289
share-image	290
springer	291
douglascountylibraries	293
jmst	294
flatironstuning	295
apartmenttherapy	297
botach	298
downloadcollection	299
whamburgers	300
hitomi	300
marthastewart	301
superiortitanium	302
eyecare-gilbert	303
mikeholt	304
ieee	305
warbyparker	306
d20srd	307
worthington-biochem	308
imgchili	309
85ideas	310
eddiebauer	311
yummly	312
lendingtree	313
chewy	314
inchcalculator	315
eurogirlsescort	316
sparknotes	317
dukechronicle	318
personalexcellence	319
github	321
culture	322
eastsidekosherdeli	323
retailmenot	324
flickr	325
tripadvisor	331
crwflags	332
marypopeosborne	333
inmateaid	334
menupix	335
cb2	335
reddit	373
showboxappdownloads	374
apartmentfinder	375
neiu	376
musiciansfriend	377
tune	378
rolls-roycemotorcars	379
stovebolt	380
compellingtruth	381
southernliving	382
acehardware	383
lifevsjiujitsu	384
hentaibox	384
opencart	385
tumblr	393
cc	396
reverso	397
ktmforum	398
harmonymanagement	399
prokitesusa	400
estately	400
joann	402
java-forums	403
thegrommet	404
songfacts	405
businessinsider	406
conclase	407
thebookdesigner	408
canon	409
healthtap	410
uccs	411
xcelenergy	414
mapmash	415
wellsfargo	418
clarkmhc	419
coursehero	422
89	424
shopyourway	425
peta	426
jeffco	427
budget	428
gamepedia	431
obamacarefacts	432
teespy	433
cheapoair	434
jbrulee	435
finalgear	436
poetrysoup	437
electricinsurance	438
cheyennecomiccon	439
manualslib	440
inequalityforall	441
foxsportsgo	442
nchsa	443
wingatehotels	444
kissanime	445
opera	446
vri	447
menswearhouse	448
geekwire	448
openstudy	449
naughtyamerica	450
auto	451
furniturerow	452
stapletondenver	453
jpost	454
thebodyshop-usa	455
apastyle	456
dkhardware	457
ehealthforum	458
newegg	459
tworiverscsl	460
waystospell	461
space-propulsion	462
history	465
calendardate	466
walmart	469
vbgov	470
logotypemaker	471
hbonow	474
office	477
trovegame	478
smbc-comics	479
zillow	485
cbs	487
xsteeltargets	488
homebrewersassociation	488
bbc	489
lmctruck	490
uniformlaws	491
wikia	516
bidspotter	517
blood	518
thepiratebay	520
dsw	521
lovetoknow	523
charlotterusse	524
imgur	525
jupiterscientific	526
eudict	527
swedishhospital	528
slideplayer	529
goldmine-elec-products	530
overstock	532
adamslumber	533
autobytel	534
eksperten	535
sintra-portugal	536
rssing	537
people	538
acucol	539
autodesk	541
nvid01	542
twitter	548
fold3	549
culturesforhealth	550
amtglobal	552
emmyonline	553
subscene	554
nocookie	555
cgriversidelodge	556
uwo	557
sportsauthority	558
saltyhomes	559
fox5atlanta	560
quizlet	563
jimsformalwear	564
dbtselfhelp	565
tractorsupply	566
howtogeek	567
dpmclimbing	568
coloradotech	569
aol	571
colourbox	572
xkcd	572
flogamateur	573
kleientertainment	574
nintendo	575
aiga	576
medhelp	577
rtd-denver	579
wowhead	583
weld-re1	584
wordreference	585
etsy	592
att	593
mdnpi	594
waterforpeople	595
purpleginger2englewood	596
fullsail	597
visordown	598
lcef	599
plantarfasciitisresource	600
jcpenney	602
nitrorcx	603
deviantart	609
navigation	610
eltallerdelectronica	611
bofile	612
onlinemetals	613
danongonline	614
thinkgeek	615
nols	616
astra-lite	617
unco	619
nikonusa	620
retrorenovation	621
californiaclosets	622
vitals	623
thefreedictionary	625
vizio	626
ikea	628
arapahoegov	629
shoebuy	630
pueblozoo	631
apple	636
abbeybiketools	637
regent	638
merriam-webster	640
salary	642
bonanza	643
hyatt	644
snagajob	645
smith-wesson	646
hebrew4christians	647
uktv	648
gaia	649
idebate	650
ign	653
stthomasmore	654
slickdeals	655
weldre4	656
webmd	659
poringa	660
nps	662
iheartreykjavik	663
csmorediggers	664
tvguide	665
localjobster	666
tigermedical	667
pho38	668
solecollector	669
denverartmuseum	670
clutcharena	671
stream2watch	672
adriancherry	673
ssfcu	675
zendesk	676
x2d	677
newsweek	678
smokingmeatforums	679
sankakucomplex	680
electricempireusa	681
ashleyfurniturehomestore	682
skype	683
worldbank	684
harborfreight	686
icloud	687
panztcg	688
pnc	689
wokanodenver	690
mobafire	692
playretrogames	693
germanroots	693
dropbox	696
pcworld	700
sosmath	701
ancient-greece	702
natural-homeremedies-for-life	703
erroticahunter	704
yourghoststories	705
rasamalaysia	706
thearcppr	707
esri	709
hbowatch	710
contentexchange	711
zamzar	712
hikingdenver	712
selectblinds	713
agame	714
coloradoadventurepoint	714
genius	716
allelectronics	716
rovicorp	717
petmenders	718
guitarhabits	719
lifehacker	720
wheatridgeinternalmedicine	721
bestdesignoptions	722
brother	723
securityevaluators	724
giantbomb	725
notey	726
hanes	727
theverge	728
battleborn	729
khanacademy	730
cymax	730
waldriplaw	731
csmonitor	732
uncommongoods	733
euthanasia	734
gjaffordableauto	735
blizzpro	736
java2s	737
rtdna	738
usc	739
wolfcreekrun	740
sitepoint	741
rubylane	742
wsj	747
spiders	748
unlocator	749
usajobs	750
groupon	754
foter	755
samsunggalaxynote6i	756
leagueoflegends	758
cofirstaid	758
tiko3d	759
usnews	763
gestalten	764
mozilla	768
hwtears	769
experienceproject	770
coderanch	771
pacificdomes	772
senioranswers	773
df7s0hkt8o8r9	774
mundimago	775
rotary5440	776
duramag	777
tubepatrol	778
motosport	779
flavorwire	779
theflightdeal	780
aspirecig	781
secsports	782
pioneerelectronics	783
chron	785
barclaycardus	786
emojipedia	787
animefansftw	788
wowza	789
halowaypoint	791
yeticoolers	792
rrcc	794
backpage	795
amd	796
prezi	800
anthonyspizzaandpasta	801
familyeducation	802
beau-coup	803
centurylink	804
davematthewsband	804
utah	805
nhcdrescuecolorado	806
medicalsupplydepot	807
realtor	809
digitaltrends	811
verticalacademyworkout	812
cinemablend	813
sharecare	815
imdb	827
innerfidelity	828
porterfield-brakes	829
massdrop	830
kenmore	831
berumenlaw	832
barnesandnoble	833
kinnegarbrewing	834
dineondemandonline	835
accuweather	838
fathomevents	839
cityoflafayette	840
marghalit	841
michaels	842
streetdirectory	843
instantwatcher	844
verizonwireless	847
backeastbarandgrill	848
biblegateway	849
pcadvisor	850
blogfa	850
oldcurrencyvalues	851
putlocker	852
orientaltrading	853
unitedpharmacies	854
leitesculinaria	855
cooksmarts	856
playmonopoly	857
47brand	858
communitynewspapergroup	859
luckyvitamin	860
speedymetals	861
punoftheday	862
clickforward	863
newbelgium	864
eventful	866
cortera	867
herb	868
livestream	869
davidyurman	870
engineerjobs	871
t-mobile	872
theguardian	875
bbcamerica	876
cactusgrilleloveland	877
nocleansinging	878
wonderwall	879
jeffersondentalclinics	880
live	886
wyoroad	887
dmv	888
watchseries	889
pof	890
assembledancewear	891
ck12	892
easybib	893
citibank	894
rockstargames	895
pinterest	902
overdrive	903
pcmag	904
ninersnation	905
tip	906
loverslab	907
rccrawler	908
jeffersonrealestateinc	909
bobsmarket	910
lionsclubs	911
informer	912
complaintsboard	913
reneheredia	914
luckybuckyclothing	915
gomolo	916
maxpreps	918
gamefaqs	925
weatherguard	926
readhentaimanga	926
rantpolitical	927
extratorrent	928
fakku	929
pokemonreborn	930
all-free-download	931
youthink	932
ca	933
buzzfile	934
hentaihaven	935
amazoncategories	936
webstaurantstore	937
simpletire	938
sherwin-williams	940
talonro	941
shutterfly	942
popcorn-time	944
cbo	945
abg-communications	946
rottentomatoes	947
phonedog	948
computerhope	949
target	953
univ-bpclermont	954
pokemonshowdown	955
softpedia	956
hp	957
superuser	959
dominos	960
thefastandthefabulous	961
ackrell	962
collegeboard	964
projectfreetv	965
thermwood	966
newsnow	967
cord	968
purgatoryresort	969
elderscrollsonline	970
foodnetwork	976
rotoworld	977
iflyworld	978
livestrong	979
eastbay	980
mhsoftware	981
madcowrocketry	982
xhamster	983
fudgegraphics	983
gear4music	984
flyfrontier	986
hondapartsnow	987
umiperformance	988
rednovels	989
americanexpress	990
cormacmccarthy	990
surecall	990
trustedreviews	991
dinarrecaps	992
cmfnow	993
lodgemfg	994
thecatsite	995
aspentimes	996
tentonhammer	997
whattoexpect	998
hipstersofthecoast	999
jim	1000
hentai	1001
minipa	1002
enkivillage	1003
x10host	1004
go	1009
amway	1010
botanicgardens	1011
farmersalmanac	1012
gracecomm	1013
css-tricks	1014
gvsu	1015
originalstormtrooper	1016
getdirtydirtbikes	1017
nutrition	1017
vipmaturetubes	1018
denverlibrary	1019
procharger	1020
regmovies	1021
mtgarfieldgreenhouse	1022
cureyourowncancer	1023
google	1137
myetudes	1138
nodemcu	1139
lynda	1140
denverpost	1144
hotwire	1145
volt	1146
zenmonkeystudios	1147
ubalt	1148
phschool	1149
oreillyauto	1150
fabric	1151
abtbank	1152
lego	1153
scriptfodder	1154
avistahospital	1155
goalterra	1156
donmai	1157
tockdom	1158
penfed	1159
icy-veins	1160
modcloth	1161
thebriarwoodinn	1162
time	1163
hardsummer	1164
motoringabout	1165
htcvive	1166
amfibi	1167
planapple	1168
idsoftware	1169
ehowenespanol	1170
slither	1174
reebok	1175
sonomavalleyhigh	1176
firstinspires	1177
overdriveraceway	1178
defenceforchildren	1179
mayoclinic	1181
la-z-boy	1182
fextralife	1189
homedepot	1195
yande	1196
stackoverflow	1203
coolmath	1204
houzz	1206
repeaterstore	1206
apartmentlist	1207
zydecocruiser	1208
search	1209
weboost	1209
kentuckyderby	1210
hakenmusic	1211
sims4hairs	1211
uchealth	1212
dailywire	1213
marriott	1214
statisticshowto	1216
bu	1217
merckmanuals	1217
revzilla	1218
frommers	1219
hoovers	1220
journalstar	1222
nyu	1223
yonsei	1224
hondasuv	1225
ffit	1226
petersons	1227
giftcardgranny	1228
mathworks	1229
teamliquid	1230
asstr	1231
tapanddough	1232
big-list-of-resume-writers	1233
paheal	1235
ascd	1236
vivint	1237
idxbroker	1238
nih	1243
thirdgen	1243
animoto	1244
linkedin	1245
azlyrics	1252
ultimateclassicrock	1253
freesamplepacks	1254
hipforums	1255
enneagraminstitute	1256
starbucks	1257
heavy	1257
optionsxpress	1258
cabag	1259
sfgate	1261
facebook	1296
trsretire	1297
mycelebrityandi	1298
cbssports	1299
nature	1300
fullertonheritage	1301
siriusxm	1302
cnet	1304
usmagazine	1305
wallstreetoasis	1306
colorburned	1306
tynker	1307
jesuspeopleforanimals	1308
jmu	1309
igeeksblog	1310
ourbabynamer	1311
zedge	1312
mes	1313
act	1314
hoopshype	1315
tcpermaculture	1316
yam	1317
apartments	1318
eatright	1318
expresstoll	1319
westside66	1320
costco	1321
newsok	1321
archiveofourown	1322
mothering	1323
my	1324
imgsrc	1325
jpcycles	1326
pubfilm	1327
persona5	1328
thesims3	1329
caranddriver	1330
pizzahut	1331
textmagic	1332
appreciationofbootednewswomen	1333
hkpro	1334
zonazeroes	1335
sfrealtors	1336
wilsoncombat	1337
arwviewer	1338
mediaite	1339
gerbergear	1340
gompffh	1341
veluxusa	1342
tweetpuppy	1343
andthenwesaved	1343
nerdist	1344
bimmerforums	1345
milf-gangbang-reality-sex-2013	1346
royalgorgetravel	1347
weatherspark	1348
what-when-how	1349
extremetech	1349
surplusammo	1350
14ers	1351
thefuntimesguide	1352
wirerealm	1353
epson	1354
chaffeecounty	1355
bankofthewest	1358
damedelux	1358
downforeveryoneorjustme	1359
numismaster	1360
prevention	1361
elijahlist	1362
asu	1363
imedeen	1364
military	1365
rgpcops	1366
allaboutbirds	1367
vegrecipesofindia	1368
akfiles	1369
yoyogames	1370
alorica	1371
usps	1373
oil-testimonials	1374
teamunify	1375
usatoday	1376
bhldn	1377
211ct	1378
dreamhorse	1379
rambler	1380
dvderotik	1381
thecatchandthehatch	1382
gpacalculator	1383
netflix	1385
rudraksham	1386
cotrip	1390
travelpod	1391
healthline	1393
kshowonline	1394
dukebasketballreport	1395
bellazon	1396
similarweb	1397
cars	1399
minecraft	1400
rvtrader	1401
searchlock	1403
gasbuddy	1404
unl	1405
howtodoinjava	1406
fireflycn	1407
daily-journal	1408
yuku	1409
washingtontimes	1410
fbschedules	1413
lonetreefp	1414
whitehouse	1415
southwest	1418
cleanfoodcrush	1419
kerbalspaceprogram	1420
freepik	1421
flickrhivemind	1422
nhl	1424
bbb	1424
knowyourmobile	1425
viator	1425
telerama	1426
boots	1427
irs	1428
ranacaregroup	1429
schwab	1432
nfl	1435
advrider	1436
salesforce	1437
freespeech	1438
japanpowered	1439
stumbleupon	1440
asus	1441
quixoticpaperie	1442
theisozone	1442
kegerator	1442
hearitfirst	1443
containerstore	1444
clubcorp	1445
amazon	1485
berkeyfilters	1486
solariumhostel	1487
qnalist	1488
neb	1489
ancient-origins	1490
luddite-tek	1490
yahoo	1506
theconnectschool	1507
realclearpolitics	1509
thetruthaboutguns	1510
uchicago	1511
harvard	1512
wonderhowto	1513
9news	1518
dailymail	1520
compare99	1521
legalzoom	1522
uscis	1522
nexusmods	1523
80stopgames	1524
gkicmanado	1525
mangafox	1526
sacnr	1527
physics	1528
smitegame	1528
visitftcollins	1529
knowingthebible	1530
meaning-of-names	1531
quicktopic	1532
ask	1533
foodandwine	1534
easyclosets	1535
grasscity	1536
411	1537
chegg	1539
sephora	1540
orthopaedics	1541
coloradoflyfishingreports	1542
farmvilletask	1543
therideshareguy	1544
jesterstheatre	1545
topps	1546
datpiff	1547
erowid	1548
forsalebyowner	1549
solodescarga	1550
mountain-forecast	1551
almanac	1552
jazzmuseuminharlem	1553
donshobbyshop	1554
indiewire	1555
mhdgc	1556
shinerswashandlube	1557
kehblog	1558
modaco	1559
pcms	1560
americaslibrary	1561
bitcoincasinokings	1562
hbogo	1565
ourhouseplants	1566
food	1568
angieslist	1569
soundcloud	1571
sears	1573
collegehillshonda	1574
priceline	1576
shoresapts	1577
overeasycolorado	1578
pulcinellapizeria	1579
eat24hours	1580
tjx	1581
addictivehunting	1582
plex	1583
vikings	1584
esohead	1585
spicyhouselongmont	1586
soulcraft	1587
wattpad	1588
gamespot	1590
frontrange	1591
ghacks	1592
suicidology	1593
vipkid	1594
pics-about-space	1594
army	1595
mobileread	1595
dayspring	1596
truepenisgrowth	1596
nvidia	1598
comusicteachers	1599
vistaeyecareco	1600
utksurgery	1601
mlb	1603
a2ch	1604
hawksmotorsports	1604
slideshare	1605
hydra-glide	1605
brownells	1606
fyvor	1607
jared	1608
bosch-home	1609
megapanda	1609
gardenweb	1610
grandhall	1611
revenue	1612
colorado	1617
fitlivingfoodies	1618
takedownshop	1619
teamviewer	1620
smartdraw	1621
constantcontact	1622
mosriteforum	1623
ytimg	1624
iboats	1626
cbslocal	1627
scientificamerican	1628
thesaurus	1632
christiantimes	1633
survivalcache	1634
coloradolottery	1635
productinnovationsonline	1636
stevemadden	1637
sctimes	1638
statefarm	1639
albertsons	1640
sonicelectronix	1641
basaltcpa	1642
financedegreecenter	1642
campbellskitchen	1643
epicurious	1647
3dgameprogramming	1648
tubechum	1649
yellowstoneangler	1650
goldhog	1651
motoringbox	1652
officedepot	1653
variety	1655
gibson	1656
homeadvisor	1657
ubuntuforums	1658
fabricempire	1659
theabsolutesound	1661
ricksicecream	1662
speedtest	1663
otticanet	1664
sippingnpaintinghampden	1665
findmyfootwear	1666
swarthmore	1666
elle	1667
norecipes	1668
tesmar	1669
seniorplanet	1670
scholarshipcare	1671
bullheadcity	1672
spokeo	1674
imeidata	1675
readwrite	1675
backcountry	1676
personaldefenseworld	1677
honeywell	1678
entrepreneur	1679
arideinluxury	1680
lyricsmania	1681
rangerpowersports	1682
mediasmartphilly	1683
beliefnet	1683
dillards	1684
belamionline	1685
audubon	1686
nola	1687
brookdale	1688
zozi	1688
arstechnica	1689
kpcosmeticservices	1690
spanishdict	1692
afwonline	1694
celebitchy	1695
maverik	1696
listenonrepeat	1697
grokbase	1698
vulture	1699
videolan	1700
investopedia	1702
lockpicking101	1703
teamspeak	1704
gotimeforce2	1705
microsoftonline	1706
teclabsinc	1706
ninewest	1707
comparecards	1708
gamersnexus	1708
youporn	1711
greenchef	1712
crest	1713
yourchords	1714
comenity	1715
sevenforums	1715
colostate	1720
androidcentral	1722
undertow	1723
lostwonderhut	1724
reddingms	1724
houseofblues	1725
humana	1726
solasalonstudios	1727
authoritynutrition	1728
homes	1729
shelsilverstein	1730
academia	1731
tutor-homework	1732
findmyringsize	1733
tolcocorporation	1734
goodreads	1736
penis-enlargement	1736
ciranet	1737
potterybarn	1738
efirstbank	1740
japanesestyle	1741
macys	1743
colourpop	1744
airportparkingreservations	1745
explorable	1746
mathsisfun	1747
safeinvestmenthomeinspections	1748
bab	1749
pryor	1750
united	1754
createmytattoo	1755
smithoptics	1756
slitherio	1757
mywedding	1757
oldhousejournal	1758
oceanlakes	1759
askleo	1760
stylecaster	1761
vectorspacesystems	1762
careerbuilder	1763
datel	1764
nasa	1764
onlyhot	1765
livecareer	1766
buildzoom	1767
fdazar	1768
ppcc	1771
trulia	1774
romanian-escorts	1774
fanfiction	1776
walgreens	1777
classiczcars	1778
libreoffice	1779
westwood	1780
ebay	1794
vitacost	1795
webcamtoy	1796
interlacementsyarns	1797
reserveamerica	1799
huffingtonpost	1801
canigivemydog	1802
candidature-ciell	1803
xvideos	1812
rockymountainhikingtrails	1813
vinaudit	1813
dailyanarchist	1813
nato	1814
env	1815
rubbersheetroll	1816
ducksters	1817
clevelandart	1818
burbankca	1819
insidegameofwar	1820
gjktm	1821
ilpi	1822
chelagarto	1823
everycaller	1824
overclock	1824
opentable	1825
realtytrac	1826
veteransunited	1827
jten	1828
tubesandmore	1829
mail	1830
firstinterstatebank	1831
gofundme	1832
mrskin	1834
grubhub	1835
divine-girls	1835
ashgi	1836
more-skinnyusedcars	1837
pubsector	1838
vipergirls	1838
icbi	1839
cableinternetbyzip	1840
megamatureporn	1840
ipadmusic	1841
collegenet	1842
thecoloradomarathon	1843
sciencedaily	1844
instagram	1846
thenakedscientists	1847
2007rshelp	1848
chaseblackstone	1849
iun	1850
wildernessmedicine	1850
i-ready	1852
cliffsnotes	1853
eciov	1854
rmcbsa	1855
hrpdealer	1856
oberlin	1857
pandora	1859
isixsigma	1860
lionheartherbs	1861
theculturetrip	1862
dwarffortresswiki	1863
slate	1863
tauday	1864
continentalmotors	1865
gia	1866
hearthis	1867
ptcas	1867
jccal	1868
macxdvd	1869
evga	1870
navient	1871
trailsandtarmac	1872
thedailybeast	1874
runescape	1875
bpdfamily	1876
safesecurity	1877
hypestat	1878
popcorntime	1878
liceremovalsanmateo	1878
beeroftomorrow	1878
playstation	1880
oracle	1881
computing	1881
billofrightsinstitute	1882
hulu	1883
unrealengine	1884
songkick	1885
findlaw	1886
corbeau	1887
legacy	1889
thepennyhoarder	1889
eathunter	1890
unm	1891
cagesideseats	1893
tulsaworld	1893
decalgirl	1894
cvs	1895
always-review	1896
uni-konstanz	1897
patientsrightscouncil	1898
wsucssa	1899
androidpit	1900
quickanddirtytips	1901
zappos	1901
wordpress	1907
planetdestiny	1908
bestride	1908
collegedata	1909
metalsucks	1910
flexiblesurvival	1911
usda	1912
beautyandtips	1913
principal	1914
wiktionary	1915
miami-airport	1916
hloom	1917
spivack	1918
steamid	1919
a-affordabledisposal	1920
ucdenver	1926
minimodeli	1927
mediafire	1928
making-beaded-jewelry	1929
pmdeals	1930
surrey	1930
kshb	1931
elegantthemes	1932
craigslist	1952
tracyaviary	1953
instructables	1955
testufo	1956
dell	1957
gearinstitute	1958
lowes	1960
xxxbdsmfilms	1961
battle	1967
coupons	1969
guildwars2guru	1971
cycletrader	1972
ultimatesubaru	1973
samsung	1974
aba	1975
thepioneerwoman	1976
chiefsplanet	1976
physicsforums	1976
plagiarismtoday	1976
hdsa	1977
hotel340	1977
dhgate	1978
watchman	1979
helpfulgardener	1980
legacygallery	1981
psychologytoday	1981
navy	1982
jenx67	1983
jasonyesser	1984
batmanstream	1984
bouldersportsrecycler	1985
roamingbuffalobbq	1986
macrobasics	1987
piratecity	1988
kawasaki	1989
sofitel	1990
neighborcity	1991
jedablue	1992
softonic	1994
gamersheroes	1995
pluralsight	1995
shockingmovies	1996
xg4ken	1998
smartdatacollective	1999
quora	2001
newbrazzers	2002
independentcommerce	2003
alliantcreditunion	2004
researchgate	2006
videosdeincesto	2007
jegs	2007
snopes	2008
easybodyfit	2009
watchprojectfree	2010
anythinklibraries	2011
yellowpages	2014
simpleheadlicesolutions	2014
discountmotorsonline	2015
monster	2016
beefmagazine	2017
nhentai	2018
micasaverde	2019
newmediarockstars	2020
eham	2021
indeed	2024
iccms	2025
psy475	2026
fandango	2030
gmx	2031
girlsontop	2031
wayfair	2031
techtimes	2032
heart	2032
msu	2033
dailydot	2034
cwtv	2035
stackexchange	2043
spot-hogg	2044
foursquare	2045
fastenal	2046
victoriassecret	2047
coloproperty	2048
wikihow	2052
bestcompany	2052
miniclip	2053
pokedit	2054
vine	2055
szct	2056
signs	2057
buy-tickets	2058
studenthousingcu	2058
slaba	2059
tomshardware	2062
panduit	2063
fedex	2064
fitbit	2065
avery	2066
awakeningpeople	2067
circaoldhouses	2068
rosalindcreasy	2068
smartdns	2068
plasticsurgery	2069
deadline	2070
thingsremembered	2071
everfest	2072
storyboardthat	2073
qrz	2074
hackedonlinegames	2075
holeclub	2076
lifelinesupport	2077
covergirl	2078
dickssportinggoods	2079
cadaopenroad	2080
uch	2081
collider	2081
nypost	2084
tracfone	2085
liquor	2086
moneycrashers	2087
twitch	2088
resumegenius	2089
moneynation	2090
gamehouse	2091
k1speed	2092
forbes	2094
redtube	2096
blackthen	2097
doloreswater	2098
supraalloys	2099
samsclub	2101
rollingstone	2102
randallmfg	2103
karaoketexty	2104
dailycaller	2105
grasshopper3d	2106
morticom	2107
youngwriters	2108
matures-naked	2109
coloradospringsutilities	2110
diagcab	2111
edmunds	2112
kaplank12	2113
knsprecisioninc	2114
fixya	2116
ehealthinsurance	2117
litcharts	2118
midwayusa	2119
iamthemakeupjunkie	2120
carbonite	2121
directv	2122
virtualnerd	2123
epicescapegame	2124
valuegolf	2125
d20pfsrd	2126
ancestry	2127
shmoop	2129
hawkperformance	2130
allakhazam	2130
geforce	2131
becker	2132
brusheezy	2132
setonbooks	2133
jet	2134
yelp	2139
redrocksonline	2141
digital-photography-school	2142
citizensbankpagosa	2143
kent	2144
noaa	2145
rentalleaseagreement	2146
vg247	2147
pikespeakartfest	2148
drsfostersmith	2149
agoodmovietowatch	2149
zylom	2150
alpharubicon	2151
nakedmomtube	2151
historynet	2152
howlongtobeat	2154
techtarget	2155
lowbrowcustoms	2155
eia	2157
thattree	2158
ctmecontracts	2160
verywell	2161
mightyskins	2162
kayak	2163
vk	2164
hntb	2165
phillyvoice	2166
amr	2167
animasbiological	2168
state	2169
consumeraffairs	2170
campingworldofdenver	2171
jrpass	2172
popeyes	2173
newarchery	2174
newsmax	2175
bhphotovideo	2176
youtube	2323
kenonionknives	2324
bodybuilding	2325
urbandictionary	2328
mathplayground	2329
britannica	2330
powercrunch	2331
flatroofsolutions	2332
dictionary	2333
steamcommunity	2339
laxmagazine	2340
isotopes	2341
xanimeporn	2342
bizjournals	2343
armsvault	2344
clpccd	2345
furaffinity	2346
liu	2346
yamaha-motor	2347
airnewzealand	2348
mobcup	2349
testo-bistro	2350
ting	2351
sigsauer	2352
crooksandliars	2353
steelseries	2354
waysidechapelsedona	2355
buzzfeed	2356
microsoft	2362
shopgoodwill	2363
bciburke	2364
idigitaltimes	2365
nydailynews	2366
justinbiebermusic	2367
tacobell	2368
liliputing	2369
