officeally	1
vices	1
intrepidmuseum	1
tripod	1
montclair	2
wustl	1
stream2watch	1
go	5
gramfeed	1
foxnews	2
bmwusa	1
racked	1
healthyfeetstore	1
katieskanoes	1
cnet	3
livejournal	1
spotify	1
biblestudytools	1
terapeak	1
gunjap	1
almadany	1
scouting	1
yahoo	27
easynews	1
wikimedia	1
sweden	1
westeros	2
miriamhospital	1
recroommasters	1
unc	1
facilfazer	1
hoffmanauto	1
shakeologyclub	1
storyboardthat	1
strokeassociation	1
ford	1
ppcsecure	1
noodletools	1
americangirl	1
wordpress	3
newsone	1
w3schools	6
thesimsresource	2
complex	2
ninjakiwi	1
solvusoft	1
theverge	1
topstuds	1
greenwichtime	1
macmillandictionary	1
westminstercollege	1
twitter	8
registercitizen	1
hearthpwn	1
downdetector	1
panorama	1
aaa	1
amwheelchair	1
mta	2
heavy	1
stevemichelotti	1
psychologytoday	1
goosegear	1
consolegameswiki	1
cre8tivez	1
backcountryedge	1
urbanmusichq	1
hubpages	2
enotes	1
ideaflask	1
killdisk	1
tomsguide	2
manchestercc	1
rk3de	1
history	1
kozoom	1
mortsahlofficial	1
giantbomb	1
d20pfsrd	1
9gag	1
filmibeat	1
starstable	1
zipcode	1
ls1tech	1
barcroft	1
darientimes	1
physicaltherapist	1
mbta	1
homeunion	1
crosswindsyouth	1
csra	1
goodyear	1
itorian	1
fritzthebrave	1
yooying	1
intershoe	1
pcworld	1
pikore	1
eatthis	1
cottonon	1
thepennrelays	1
dollartree	1
atwar-game	1
rnr-marine	1
chowhound	1
cityofmiddletown	1
lohud	1
twirpx	1
sidereel	1
barstoolsports	1
ruspeach	1
nytimes	1
systemrequirementslab	1
online-tech-tips	1
samsclub	1
gog	1
dogsbite	1
linkedin	2
wowhead	1
tcgplayer	1
loopnet	1
saferproducts	1
ct-mls	1
enworld	1
nba	2
kaplanuniversity	1
serebii	1
realjock	1
faucetdirect	1
driversedguru	1
kongregate	1
statista	1
swimmingpool	1
cbssports	1
usatoday	1
prepaidreviews	1
gamespot	1
christmassantaclaus	1
aayct	1
mxsimulator	1
gamepedia	5
ehow	1
paheal	1
psychcentral	1
maker	1
imsa	1
mlb	1
rawstory	1
nmradigital	1
lonelyplanet	1
patioliving	1
flightview	1
odir	1
townoflitchfield	1
comediansincarsgettingcoffee	1
drugs	1
twinsdaily	1
mercola	1
retailmenot	2
mozilla	2
fiveguys	1
overnightprints	1
hootech	1
agar	1
businessdictionary	1
shopyourway	1
cancer	1
wowchat	1
kiplinger	1
boston	1
chordify	1
roadsideamerica	1
fitbit	1
stannacademy	1
tickperformance	1
omeglegirls	1
extendoffice	1
deadline	1
streetinsider	1
nexusmods	3
nisd	1
girlsgogames	1
revlo	1
vanillavisa	1
tech4learning	1
thegrio	1
whitepages	2
java	1
bls	1
wunderground	1
teamandroid	1
newgrounds	1
wtsp	1
youtube	88
oxforddictionaries	2
dreamincode	1
invaligia	1
hawaii	1
epsxe	1
myheritage	1
newegg	1
eventnext	1
herbalvaporizer	1
couponcabin	1
elitedaily	1
clarkcountynv	1
wixie	1
springfield	1
margaretatwood	1
njit	1
marquette	2
pandora	1
cloudflare	1
clairescornercopia	1
esatjournals	1
catesoljournal	1
simon	1
cargurus	1
sporcle	1
imdb	10
torrenthound	1
internjobs	1
fulladultclips	1
trulia	3
masonicworld	1
techradar	1
expedia	1
renfe	1
officialtennisrules	1
paycom	1
dallasnews	1
finehomebuilding	1
fastmaps	1
dell	1
courant	3
hartfordmarathon	1
espnfc	2
almanac	1
thenextweb	1
heavy-r	1
personalcreations	1
mbusa	1
keelertavernmuseum	1
unknowncheats	1
geetmanjusha	1
db	1
astro	1
towerhobbies	1
nbc	1
summitpost	1
brainyquote	1
ct	2
tastebytaste	1
crazygames	1
strongtie	1
brslaw	1
whfoods	1
drugabuse	2
muni	1
takemeback	1
bbrfoundation	1
superfeet	1
duden	1
constantcontact	1
news12	1
accuweather	2
homedepot	4
quickcandles	1
deadspin	1
askvg	1
cdkeys	1
thefreshmarket	1
thetruthaboutguns	1
zomato	1
naturalremediesforkidneystones	1
frosthollowpub	1
aarongleeman	1
macys	1
bain	1
mit	1
enterprise	1
ustream	1
cascadedesigns	1
orientaltrading	1
uptownfloors	1
lolking	1
armorgames	1
jafra	1
thumbzilla	2
kidshealth	1
opposingviews	1
cooksillustrated	1
nascar	1
search	1
ridgid	1
ndrugs	1
pyramydair	1
gradientlair	1
superuser	1
digitaltrends	1
poki	1
wischik	1
beeandthistleinn	1
thekitchn	1
agame	1
shutterfly	1
honda	1
numark	1
trustedreviews	1
ibuypower	1
vizio	1
tutireceptek	1
findwhocallsyou	1
aquaticbath	1
michaels	2
shmoop	1
dcvi	1
lifehacker	1
airsoftextreme	1
wikiporno	1
abebooks	1
worldstarhiphop	1
craigslist	9
bridgeportedu	1
rira	1
cartoonpornvideos	1
videogamesawesome	1
usps	2
gwct	1
ctdefenselawyer	1
buzzle	1
memberscu	1
italianside	1
weather	4
ew	1
pay-equity	1
thesaurus	6
evebeauregard	1
kmart	1
justanswer	1
wheatonhonda	1
lindapoitevin	1
backupreview	1
freemahjong	1
ugcleague	1
usc	1
easybib	1
scanof	1
washingtonpost	2
timothysykes	1
pigeonsandplanes	1
websteronline	1
wwe	3
gonoodle	1
officeholidays	1
411	1
evernote	1
leagueoflegends	1
animaljamworld	1
doityourself	1
netscout	1
androidcentral	1
brooksrunning	1
popinabox	1
top10base	1
123movies	1
easternct	1
nickscrusade	1
danielfarjoun	1
houzz	1
camvoice	1
tewarehouse	1
motogp	1
fontspace	1
lowes	1
swansonvitamins	1
stack	1
live	3
ctripitlacrosse	1
wikipedia	65
mobafire	1
xmodsource	1
uloop	1
angela	1
freejav	1
pelispedia	1
snopes	1
sacredstitches	1
sha	1
python	1
ampedairsoft	1
gottabemobile	1
amazon	24
edpsoccer	1
ign	5
radiocarbon	1
mcleodracing	1
ncsy	1
investopedia	1
johnrobertpowers	1
thedailyquarterly	1
techsupportforum	1
scirp	1
slither	3
iccsafe	1
artsy	1
floridashowcaseproperties	1
cinemablend	2
vb-helper	1
bodybeastworkoutfree	1
mauijim	1
funimation	1
unionsavings	1
boundless	2
cnn	4
tunxis	1
xnxx	4
p-i-quote-book	1
elal	1
aota	1
udlap	1
jcpenney	1
championselect	1
shoebuy	1
nih	2
kidsfootlocker	1
weddingwire	1
startupinstitute	1
uuni	1
travelmath	1
yummyindiankitchen	1
homebrewersassociation	1
marriott	1
gotsoccer	1
duluthtrading	1
unomaha	1
heroesfire	1
tumblr	7
zillow	5
iphonefaq	1
mode	1
fairfieldcountylook	1
unflags	1
keydifferences	1
shapeways	1
shopbop	1
gadowskiwitold	1
quinnipiacbobcats	1
toonamiaftermath	1
goal	1
goodsearch	1
arizona	1
hobbylinc	1
banksvilledesignerfabrics	1
instagram	3
google	54
slism	1
eu4wiki	1
crunchbase	1
namethatporn	1
wsj	1
diablofans	1
thumbtack	1
nocookie	2
equilar	1
logitech	1
legacy	1
wingchunpedia	1
hp	1
adriandingleschemistrypages	1
cellphonecases	1
rantgizmo	1
sikorskycu	1
gamefaqs	2
veritaswines	1
deviantart	2
toptenreviews	1
lids	1
thesource	1
jav24	1
mirror	1
latimes	1
ukha	1
applitrack	1
cobbhillshoes	1
camwhores	1
wotreplays	1
free-anatomy-quiz	1
sportstoday	1
speakingofstories	1
goodreads	2
newhavenindependent	1
mikeatkinson	1
urbanoutfitters	1
skarbnicazyczen	1
virtualbox	1
searsoutlet	1
atechjourney	1
animatedsoftware	1
skilltrainingcomplete	1
coca-colacompany	1
interia	1
kb6nu	1
rolex	1
stackexchange	2
madatech	1
findthecompany	1
realsimple	1
mypuppywireless	1
allmodern	1
partycity	1
jazzmenmusicandgallery	1
whitememorialcc	1
rivier	1
thecreaturehub	1
okcaller	1
tomshardware	4
csgnetwork	2
mortgagereliefproject	1
downloadpangu	1
ghacks	1
bestreviews	1
familysearch	1
sfgate	2
etrailer	1
ssa	1
ctaudubon	1
famousbirthdays	1
shorpy	1
virtualpiano	1
thegranitegroup	1
ccsu	2
247sports	1
behindthevoiceactors	1
about	2
googleusercontent	1
jezarinn	1
dudesnude	1
ftvmagic	1
watchmoviefull	1
minitab	1
usdirectexpress	1
ieee	1
middletownpress	1
lavasoft	1
dominos	1
cttransit	1
applevis	1
setlist	1
firstniagara	1
7-zip	1
thehindu	1
autoanything	1
pollstar	1
soduso	1
gofundme	1
bridgeport	1
capitalone	1
nydailynews	2
endoftheamericandream	1
ubuntu	1
reddit	24
repairpal	1
astrologyzone	1
bestwildernesscamps	1
moviepilot	1
funkyfoodshop	1
psu	1
biologycorner	1
mypoints	1
edmunds	1
coinvalues	1
couchtuner	1
instructables	1
nhl	2
iafd	1
polishhearts	1
pearsonmylabandmastering	3
nbadraft	1
funnygames	1
spacemov	1
chess	1
related	1
mashable	1
fg	1
wiley	1
norton	1
shellandbones	1
gnc	1
socialmedia-class	1
tracfoneforum	1
indeed	1
chemteam	1
jeepcurrentoffers	1
powerball	2
reuters	1
soundtouch	1
verizon	1
avonassessor	1
typepad	1
dirtmountainbike	1
esmatube	1
chess-game-strategies	1
thegrommet	1
hitekracing	1
elliptigo	1
lyricsmode	1
wellsfargodealerservices	1
tagged	1
paizo	1
mrssiren	1
thegearpage	1
ediblearrangements	1
babehub	1
consumatori	1
att	1
quora	1
musicmp3	1
rit	1
sandyskitchenadventures	1
baseball-reference	1
webmd	3
sevenforums	2
digikey	1
westportct	1
whole30	1
proflowers	1
sixflags	1
tempostorm	1
cvs	1
grandcanyonlodges	1
drscholls	1
europeanurology	1
sbo	1
entrepreneur	1
windirstat	1
nypost	2
uconnhuskies	1
megamillions	1
buzzfeed	3
skysports	1
decks	1
steamcommunity	6
azlyrics	2
whatsonnetflix	1
antiquetractorsrus	1
chat-avenue	1
yelp	3
cruisecritic	1
cityofnewhaven	1
opticalcortex	1
bankofamerica	3
always-review	1
adriatiks	1
goodybeads	1
dailymotion	1
office365	1
battle	3
wikia	14
quickmeme	1
visitlakegeorge	1
virgin-atlantic	1
travelchinaguide	1
united	1
taldepot	2
groupon	2
marthastewart	1
greenbuildingadvisor	1
theridgefieldpress	1
periodictable	1
heddels	1
bethsoft	1
nakedapartments	1
bizwits	1
themattwalshblog	1
minecraftexe	1
deardoctor	1
ctpost	2
apartmentratings	1
tulane	1
medici	1
ctbaseballacademy	1
oyez	1
universetoday	1
golfwrx	1
usnews	1
consumerreports	1
hqtube	1
moviequotedb	1
scribd	1
estately	1
tubepatrol	1
excaliburcrossbow	1
forbes	2
ivycorp	1
nbcnews	1
americanstandard-us	1
sportsmansguide	1
lordandtaylor	2
cobras	1
cdc	1
worldmarket	1
pof	1
loverslab	1
furaffinity	1
ucdavis	2
hilton	1
yoyogames	1
malwarebytes	1
walmart	4
incestflix	1
log-in	1
collinsgrouprealty	2
necatdealer	1
epa	1
glastonbury-ct	1
happywheelsaz	1
ihg	1
nfl	2
seminarprojects	1
dandwiki	1
thetechgame	1
auanet	1
mirandavineyard	1
thewatchseries	1
advanceautoparts	1
dulfy	1
catan	1
youtube-mp3	2
theknot	1
wccftech	1
rubyribbon	1
mapquest	1
bing	2
sears	1
ehobbyasia	1
narvii	1
food	1
baidu	1
aol	3
justia	1
ups	1
mlssoccer	1
greenend	1
cabelas	1
aftertheinjury	1
kbb	1
jirka	1
bulbagarden	3
allrecipes	3
rabbittvgo	1
polyvore	1
imgburn	1
bphope	1
tracfonereviewer	1
guildwars2	1
commencefitness	1
smartmobilephonesolutions	1
aec	1
uri-golomb	1
faketeams	1
realtor	2
bar-80	1
yourdictionary	1
consumercellular	1
k-bid	1
nscale	1
cnbc	1
nucanoe	1
media	1
umaine	1
boxofficescoop	1
streeteasy	1
wisc	1
optimum	2
uconn	12
duluthnewstribune	1
rankingsandreviews	1
legermainhotels	1
honeydewdonuts	1
ijsr	1
bestbackpackblower	1
unity3d	3
accountingcoach	1
imgur	2
huffingtonpost	2
disney	1
metric-conversions	1
metacritic	1
draftexpress	1
ninjakitchen	1
jupiterscientific	1
doujin-moe	1
quizlet	3
adventurecreator	1
facebook	28
twittercommunity	1
colorado	1
intego	1
fandango	3
oracle	1
pcmag	1
steampowered	1
cookbook-r	1
memegenerator	1
sephora	1
ticketmaster	1
csus	1
tractorsupply	1
hdporns4u	1
mangago	1
unfollowgram	1
yale	4
learnersdictionary	1
downloadmedicalebook	1
brainly	1
indonesiamatters	1
acumedico	1
soundcloud	1
target	3
gstatic	1
dpreview	1
dsw	1
pizzahut	1
healthyminimarket	1
branders	1
memesvault	1
secretlakedogtraining	1
shadetreecanopies	1
blackboard	1
wesleyan	1
wikihow	3
highsnobiety	1
slate	3
homedecorators	1
annamalicesissyselfhypnosis	1
algebralab	1
kodi	2
peoplespharmacy	1
virginia	2
drafthistory	1
weebly	1
state	2
vw	1
searchlock	1
myanimelist	1
bioware	1
tube8	1
aytrat	1
irs	1
skype	1
obitsforlife	1
tripadvisor	7
sportsauthority	1
staples	1
hunterdouglas	1
statueoflibertytickets	1
dartsearch	1
pinterest	4
overclock	1
nosalty	1
costumesupercenter	1
freaktorrents	1
iwoman	1
fairfieldschools	1
papajohns	1
theselfsufficientliving	1
asianwiki	1
apple	3
enkivillage	2
sprzedajemy	1
ultimate-guitar	3
penbaypilot	1
xvideos	11
callawayapparel	1
davidsbridal	1
nutritionalsupplementscenter	1
scottrobertsweb	1
jarbex	1
myrecipes	1
trome	1
dictionary	2
microcenter	1
arongranberg	1
adultdvdtalk	1
trainsetsonly	2
creditkarma	2
ibew702	1
xfinity	2
tasteofhome	2
employeeconnection	1
panda	1
aa	1
copacabana2009	1
10mosttoday	1
keystonearches	1
backcountry	1
dahlia	1
mannysilvermangallery	1
americanexpress	1
mayoclinic	1
allergybuyersclub	1
verizonwireless	1
pornhub	4
binkybunny	1
gamefabrique	1
rylko	1
victoriarowell	1
stackoverflow	6
foxsports	2
radiohead	1
amomwithalessonplan	1
collegeboard	2
microsoft	5
raveis	1
dathost	1
techsupportalert	1
yorku	1
thebarn-bridgeport	1
felinediabetes	1
ctwine	1
lexicalwordfinder	2
bobstores	1
luxuretv	1
vg247	1
dmedicina	1
boxrec	1
ebay	13
ttu	1
rollins	1
ikea	1
alleydog	1
howstuffworks	1
cosmopolitan	1
businessinsider	2
msu	1
lovepanky	1
gap	1
bleacherreport	1
livio	2
popgourmetpopcorn	1
dpdough	1
wellsfargo	2
people	1
disneyweddings	1
americanmeadows	1
cultural-china	1
catholictv	1
lacuerda	1
stardewvalleywiki	1
findagrave	1
timeanddate	1
popms	1
pier1	1
