gunsandammo	1
johnmedeiros	1
gamefaqs	3
onlycubcadets	1
dailyddt	1
usquidditch	1
eastcoastgardencenter	1
tcelectronic	1
citi	1
walmart	1
go	3
ucdavis	1
rosaceagroup	1
rcdop	1
bodybuilding	1
wgu	1
gekso	1
jeroldhaas	1
crafting-guide	1
loc	1
time	1
youporn	2
volkskrant	1
pokemon20	1
jasnapaka	1
biblestudytools	1
rome2rio	1
advanceautoparts	1
jeffreestarcosmetics	1
wiktionary	1
yahoo	5
accuweather	1
ajmadison	1
sussexacademy	1
stubhub	1
westeros	1
mapquest	1
sparkfun	1
food	1
fidelity	1
udel	1
shoppingchina	1
scsdelco	1
bulbagarden	2
emathhelp	1
bluelight	1
stackexchange	1
allrecipes	1
uncc	1
wordpress	1
thoroughlyreviewed	1
vacationsmadeeasy	1
guidingtech	1
uccs	1
androidlooks	1
csgnetwork	1
genecards	1
harringtonraceway	1
fanfiction	1
geekbuying	1
giftypedia	1
roanoke	1
thebureauinvestigates	1
sfgate	1
purdue	1
aafp	1
torrentbay	1
loveofchristchurch	1
plpnetwork	1
hbo	1
africanholocaust	1
porn	1
mye6b	1
westownmovies	1
wcpss	1
kickstarter	1
huffingtonpost	1
allstate	1
americachoicerv	1
bimmerforums	1
rvt	1
gpny2016	1
inspiredtaste	1
mo	1
closeoutbats	1
quizlet	4
facebook	8
oracle	2
michaelkors	1
wolframalpha	1
nap	1
mmorpg-life	1
craigslist	1
redhat	1
desmos	1
goldencorral	2
kohls	2
pinimg	1
ticketmaster	1
xfinityprepaid	1
pimco	1
youngliving	1
unitedrv	1
coursehero	1
realtruck	1
boxofficemojo	1
upi	1
ubuntu	1
vsco	1
chowhound	1
coloradopotguide	1
campingworld	1
target	1
cbn	1
unit5	1
waitressthemusical	1
sidereel	1
philly	1
venturebeat	1
casitatraveltrailers	1
symbolab	1
miamioh	1
blackboard	1
chron	1
calvarychurch	1
wowhead	2
instantpeoplefinder	1
stheadline	1
beachbody	1
slate	1
seniorcare	1
outrightgeekery	1
tutorialspoint	1
taxilimo	1
eventhubs	1
androidcentral	1
adelaide	1
custhelp	1
teachhub	1
wiley	1
ebates	1
netgear	2
searchlock	2
mountsinai	1
myanimelist	1
indeed	1
xg4ken	1
newcombspring	1
lowes	1
jsonline	1
tripadvisor	1
soft112	1
verizon	2
actuall	1
mathplanet	1
wikipedia	8
gamepedia	1
mathsisfun	1
ehow	2
x-rates	1
techspot	1
mlb	1
pinterest	2
storagereview	1
chase	1
obshtnost	1
fooducate	1
saferwholesale	1
marinsm	1
sexpornimg	1
papajohns	1
amazon	2
dci	1
covercity	1
1800contacts	1
yourerie	1
xxxindianfilms	1
tubekitty	1
ultimate-guitar	2
tv-envivo	1
xvideos	2
gaytube	1
missingmoney	1
quora	1
premierleague	1
fondations	1
si	1
webmd	3
quiksilver	1
sevenforums	1
spotrac	1
azurilland	1
teamspeak	1
adlucent	1
askubuntu	1
paypal	1
porch	1
dermnetnz	1
cnn	1
wunderground	1
uwm	1
ps3trophies	1
jcpenney	1
remotesremotes	2
youtube	20
nih	1
azlyrics	2
stiripesurse	1
denofgeek	1
nps	1
yelp	2
saveonkitchens	1
pornhub	2
answering-islam	1
directsports	1
thecellguide	1
delaware	1
billboard	1
lipseys	1
bankofamerica	1
thepiratebay	1
nextavenue	1
bbc	1
streamfare	1
teachers	1
battle	1
tilemarketofde	1
cambridge	1
wikia	3
snbforums	1
asnjournals	1
icy-veins	1
collegeboard	1
microsoft	2
ncw	1
elpais	1
gamepressure	1
imdb	3
chanel	1
mfrural	1
tumblr	1
irangf	1
ufc	1
medialytics	1
homeadvisor	1
ebay	2
hbogo	1
propay	1
allhiphop	1
kfc	1
herna	1
mtgtop8	1
nhra	1
a10	1
casualgirlgamer	1
xhamster	3
wellsfargo	2
instagram	2
google	15
escapistmagazine	1
kat	1
volunteerdelaware	1
disboards	1
cyclingnews	1
qoo10	1
pier1	1
