teslamotors	1
gamefaqs	1
childneurologysociety	1
deviantart	2
watch	1
wwelatinoenvivo	1
mrsfields	1
go	4
techdows	1
ourbirthroots	1
nsnam	1
adyn	1
bodybuilding	1
norwaydc	1
costco	1
warbyparker	1
nyko	1
miamiherald	1
kayak	2
1001recepti	1
nordstromrack	1
llewellyn	1
biography	1
ramzirihani	1
slicejack	1
spotify	1
goodreads	3
serverfault	1
bwiairport	1
air	1
theknot	1
thestreet	1
artnet	1
gobroomecounty	1
yahoo	1
footballscoop	1
petergreenberg	1
scienceofrelationships	1
sears	1
koofers	1
anime-planet	1
back2college	1
fidelity	1
avanal	1
zerohedge	1
mit	1
creditboards	1
gosection8	1
colehaan	2
georgetown	3
heinzfoodservice	1
bulbagarden	1
radioshack	1
fistintheair	1
freewallpaperfullhd	1
wordpress	2
gwu	2
thesimsresource	1
pepfar	2
fedex	1
usingenglish	1
creately	1
themuse	1
tjx	1
twitter	5
livestrong	1
vita-volunteers	1
hearthpwn	1
pbs	1
thekitchn	1
comcast	1
theonyxpath	2
american	1
conectate	1
realtor	1
internships	1
airbnb	2
tcpipguide	1
psychologytoday	1
crosswordtracker	2
speed-new	1
asa-dc	1
justjared	1
uwaterloo	1
drgrantmullen	1
hypebeast	1
intothelabyrinth	1
huffingtonpost	3
spencersonline	1
bookfinder4u	1
milenio	1
whistleout	1
snowwowl	1
simplyhired	1
phncdn	1
fandango	2
watergarden	1
neighborhoodscout	2
craigslist	1
slipstreamdc	1
yourporn	1
vintagevideos	1
washingtontimes	2
sling	2
ew	1
weather	4
growershouse	1
cookinglight	1
restoreamusclecar	1
whitewolfarchive	1
oversports	1
foxporns	1
thesaurus	1
redtube	1
unitarium	1
jocogov	1
capitalone	2
recordexchangeofmd	1
soundcloud	1
usc	1
reddit	5
aamc	2
overstock	1
northeastern	1
smartrecruiters	1
internatura	1
redditlist	1
playstationtrophies	1
warball	1
psu	1
edreams	1
edmunds	1
epicurious	1
nytimes	1
babbel	1
vapordna	1
roir-usa	1
linkedin	2
wowhead	1
case	1
howardforums	1
roblox	1
asusdriversdownload	1
bu	1
dixie	1
regulations	1
shemalepicstranny	1
nba	1
studentdoctor	2
aelius	1
podbay	1
radiolab	1
pokemondb	1
silversport	1
thomasvmikemillerjrpa	1
gallaudet	1
vetstreet	1
myanimelist	1
catch35	1
theatlantic	1
motophotokenwood	1
personalityjunkie	1
rollingstone	1
factmonster	1
powerball	1
tripadvisor	3
neverendingvoyage	1
verizon	2
sportsauthority	1
wikipedia	23
fashiontap	1
hcz	1
menshealth	1
wmata	1
cardgamesolitaire	1
iwank	1
wildbird	1
amazon	7
gunsamerica	1
moviesub	1
stanford	2
nasa	1
fountaingatespa	1
xvideos	1
investopedia	1
watchwrestling	1
att	1
monografias	1
crankbrothers	1
frankwilczek	1
hollywoodreporter	1
365worldstorerx	1
theguardian	1
baseball-reference	1
creditkarma	1
guestservices	1
cloudconvert	1
xfinity	1
vertix	1
premereautodetail	1
aa	1
themidtowngroup	1
drsebiscellfood	1
emsa	1
royalroadl	1
archives	1
carstory	1
acronymfinder	1
themichaelteam	1
chaturbate	1
spartoo	1
bplans	1
nypost	1
buzzfeed	1
youtube	13
nih	1
abaa	1
zoro	1
verizonwireless	1
pornhub	1
unionmarketdc	1
cisco	3
21cmuseumhotels	1
rdgwoodwinds	1
worldstarcandy	1
battle	1
burlingtoncoatfactory	1
wikia	3
cement	1
epic	1
cbsnews	1
nudevista	1
opentable	1
ymcabroome	2
tmz	1
bankrate	1
united	1
ableton	1
theanglocatholic	1
worldtimezone	1
imdb	2
urbandictionary	1
zillow	1
vg247	1
trulia	1
youx	1
fleetsafety	1
cua	1
ebay	1
joegibbsracing	1
acronis	1
aarp	1
cfake	1
expedia	1
ooyuz	1
usip	1
cnsu	1
bedandbreakfast	1
moviesntvlive	1
gizmodo	1
tablelegs	1
iwannawatch	1
variety	1
0catch	1
instagram	2
google	27
dc	1
signaturehardware	1
super8denver	1
usnews	2
mipatente	1
paradisebiryanipointeva	1
car-seat	1
condusiv	1
christianbook	1
glassdoor	1
