press451	1
dolldivine	1
thenoncraftycrafter	1
parkstoyotaofdeland	1
balancingbrainchemistry	1
stream2watch	2
citi	3
go	34
foxnews	5
tampaculligan	1
poolcenter	1
commodityinsights	1
eveonlineships	1
emrap	1
britannica	1
omnilife	1
ehealthforum	2
bea	2
orangecountyfl	1
driversupport	1
pdftemplates	1
dodge	1
disneyscreencaps	1
tastefullysimple	1
yahoo	119
hallmarkecards	1
gmx	1
coupons	3
wikimedia	1
voegol	1
diegorivera	1
backtothebooknutrition	1
khatrimazamovie	1
bhv	1
waveguide	1
tiltingthescales	1
catavino	1
find-near-me	1
neoseeker	2
ioby	1
audacityteam	1
ford	1
fhcp	1
civicforums	1
afaithfulwitness	1
myloancare	1
jennieo	1
batteryjunction	1
girl	1
mymusicroad	1
howtocleanstuff	1
eonline	1
panamacityrealestate	1
travelzoo	1
advocate	1
discogs	2
kfbikes	1
lovetoknow	2
hollywoodlife	2
symbols-n-emoticons	1
express	1
gasturbineworld	1
jaguars	2
sas	1
ucfcodingbootcamp	1
photographylife	1
nhentai	1
pbernert	1
paulandlizdavies	1
freewebarcade	1
alcatrazislandtickets	1
wondershare	4
goodhousekeeping	1
elliman	1
ausgar	1
tumodalista	1
juegos	1
suntrust	2
thyca	1
fullterrain	2
gentsbarberspa	1
zoominfo	2
itptires	1
posemethod	1
ebizautos	1
bungie	1
mahuffersfl	1
therockcocks	1
cheaptickets	1
atlanta-airport	1
ha	1
simplyrecipes	1
d20pfsrd	2
the-new-lagoon	1
directoalpaladar	2
hearthstonetopdeck	1
kwsuspensions	1
psta	1
dandabike	1
ourhappyhardcore	1
propertyshark	1
everfest	1
infobae	1
acumenmedicalservices	1
uptodown	1
spcollege	2
yamaha	1
shopwildthings	1
zip2tax	1
cyberlights	1
thewindowsclub	2
jellystone-caledonia	1
mymanga	1
firstpremier	1
libertyfight	1
coffeeimporters	1
acheiusa	1
tuitionoptions	1
meltontackle	1
hitradioorion	1
tunein	1
123helpme	1
sidereel	2
bddatabase	1
dappered	1
aldonshvac	1
thesquirrelboard	1
bioninja	1
junglesvibes1	1
escuelabiblica	1
lynda	1
utmost	2
gog	1
fetishtube	1
sciencedirect	1
saberz	1
tcgplayer	1
palmbayflorida	1
voiq	1
craftsman	1
ropiteau	1
citruspa	1
andyroid	1
maxipelis	1
iaai	1
emeraldcoastrealestatephotography	1
carsforsale	2
thecollegematchmaker	1
weddingmuseum	1
zapmeta	1
whitexxxtube	1
iheart	2
ala	1
techopedia	1
unience	1
figment	1
gimp	1
usf	10
smallworlds	1
pluggedin	1
dunhamwilcox	1
wordplays	2
bape	1
microfasteners	1
8thcivic	1
gamespot	3
dardenrealestate	1
gmatclub	1
realitytea	1
stellarhacks	1
universia	1
csx	1
github	2
probuilds	2
starbucks	5
mangamint	1
studyblue	7
thefreshquotes	1
ldschurchtemples	1
acenet	1
nationalgeographic	4
ericsson	1
thenude	1
theintercept	1
rustafied	1
seattletimes	1
makeuseof	3
studyguidezone	1
mangak	1
pornpics	1
drugs	5
advocacy4oromia	1
cancer	1
mozilla	4
piccadillyrecords	1
largehdtube	2
garysmithfords	1
windowscentral	1
manta	2
aphotoeditor	1
extendoffice	1
gutenberg	1
getyourcaller	1
fitbit	1
hhgregg	1
bkstr	1
radiocoapatv	1
siriusxm	1
rolls-royce	1
dramacool	1
wirelesshack	1
bestmealsonline	1
floridahospital	3
nicolesdesigns	1
acmh	1
driving-directions-maps	1
explorelearning	1
hotmail	3
janrichardsonguidedreading	1
the-net-worth	1
twpornstars	1
readingplus	1
comicbookrealm	1
uniqlo	1
rarlab	1
twoplayergames	1
wattpad	1
mugshots	1
uwf	2
olla	1
teacherspayteachers	2
amazonadviser	1
textnow	1
grasshopper3d	1
mic	1
thepiratebay	8
onlyusedtrucks	1
setthetableblog	1
floridacommunitybank	2
purinaone	1
twomaidstampa	1
idausa	1
minecraftforum	5
pacsun	1
cbsnews	2
opentable	1
myfloridacfo	1
ets	1
msn	5
kylesconverter	1
ftc	1
xxx	1
pbclibrary	1
uship	1
directly	1
memecenter	1
heart	1
ethiotube	1
coventrytelegraph	1
piskelapp	1
bakabt	1
autoline	1
trulia	16
meaning-of-names	1
peoplesgas	1
floridafutonbeds	1
sherwoodpethealth	1
artistshelpingchildren	1
speedtest	5
biblehub	5
taxi69	1
850wftl	1
duraobikes	1
vinylboatwrap	1
humancond	1
hotels	2
befuck	1
greenfertility	1
quicktransportsolutions	1
omocat-shop	1
youzeek	1
arthritis	2
lexus	1
therichest	1
supercoolrobots	1
ct	1
aquipelis	2
cinesunidos	1
lordsrecovery	1
mynews13	1
binding101	1
cheatcc	1
tabletpcreview	1
delish	1
drweil	1
allexperts	1
karsiyakaresimkursu	1
cherokee	1
forgeofempires	1
touringplans	1
roblox-hack	1
discountautoparts	1
authoritynutrition	1
videolan	1
hotntubes	1
teen	1
thepioneerwoman	2
drugabuse	1
cyberpayonline	1
thecubeserver	1
americanbar	4
viviun	1
icd9data	1
deadspin	2
sportingnews	1
yvrshoots	1
merlinmotorsport	1
googledrive	1
mit	3
realclearpolitics	3
gettyimages	2
shoespie	1
ehowenespanol	1
lockheedmartin	1
zynga	1
pastemagazine	1
usgwarchives	1
newschannel10	1
doyoureyelashesgrowback	1
pointbaptist	1
campingstbasile	1
miaminewtimes	3
ledtronics	1
aeropostal	1
wikitree	1
eb	1
naturebox	1
rsmap	1
investmentwatchblog	1
theantimba	1
ksignals	1
droidforums	1
comcast	2
bbb	1
airbnb	2
renewableenergyworld	2
cpap	1
hostmonster	1
readingrockets	1
wallstreetdaily	1
eagle	2
autosox	1
thesixsides	1
panasonic	1
net10wireless	1
theglobeandmail	1
qvc	2
spores101	1
orkin	2
materialdesignblog	1
esciudad	1
hightechforum	1
eyeem	1
bundle	1
centerstageticketing	1
ryder	1
nepatriotsdraft	1
dubailuxuryhomesforsale	1
nippyfile	1
whatsyourgrief	1
vox	2
vuzs	1
justrenttoown	1
rossrealestatelaw	1
horseforum	1
cannondale	1
mcfarlandsshoerepair	1
pinimg	1
wanderu	1
bocaagency	1
softwareswin	1
alabama	1
ew	5
peco-japan	1
partypro	1
dragontreebonsai	1
coursehero	23
teatroporno	1
code-industry	1
porngatherer	1
searchenginejournal	1
phonearena	1
kmart	1
justfab	1
caraotadigital	1
orangecountybar	1
simplytrinicooking	1
pasco	1
diningchannel	1
amtrak	3
serbestiyet	1
watchfreemovies	1
vegrecipesofindia	1
childrenwithdiabetes	1
panicbuttonpook	1
newplayexchange	1
comenity	1
iolo	1
headshopfinder	1
saabscene	1
america	1
bluestacks	1
apa	2
carbonitex	1
worldgolf	1
devoredesign	1
engineersupply	1
masterlock	1
patrixpiano	1
file-extensions	1
animaljamworld	1
roblox	7
weedemandreap	1
lens	1
fastcompany	1
dectar	1
vidaesperanzayverdad	1
danielsmithpaint	1
handfastings	1
filterbuy	1
llbean	1
by	1
quickanddirtytips	1
century21	1
vminnovations	1
mardi	1
file	3
rockauto	2
sbnation	2
quia	2
prezi	10
rentpayment	1
standrewrcc	1
coldwellbankerhomes	4
bradsdeals	1
wyia	1
plbg	1
iwmf	1
sageframe	1
orlandowaxspa	1
olous	1
yachtworld	1
materialup	1
inyopools	2
wikipedia	355
rushmypassport	1
criminaldatabase	1
allaboutalgae	1
thedailydigi	1
wrestlezone	1
tze	1
machobuck	1
snopes	4
videoszoofilia	1
gq	2
rogerhub	1
raptureforums	1
poringa	1
usedhitchcockfurniture	1
qacocio	1
seakingsfemfight	1
hulu	8
manualzz	1
businessnewsdaily	1
brp	1
idphoto4you	1
printablecouponsblog	1
investopedia	4
view-comic	1
slidebean	1
allfreecrochetafghanpatterns	1
hltv	2
frontiermotorsinc	1
germainlincolnofnaples	1
watchwrestling	3
egrips	1
homemade-gifts-made-easy	1
pelicanparts	1
techsupportforum	2
hdfilmizlebe	1
tackletour	1
fantasynamegenerators	1
mychandlerschools	1
move	1
lightingforrealestatephotography	1
torrentz	1
netflix	20
practicecnatest	1
anchorfree	1
talgov	2
yifysubtitles	2
mathworksheets4kids	1
boundless	2
jet	2
cnn	8
pietrosontheocean	1
gaiaonline	1
bms	1
symantec	1
dll-files	1
kanjizone	1
watchcartoonsonline	2
nih	12
kickasstorrentsim	1
allelectronics	1
pronouncekiwi	1
projectwedding	1
episodate	1
stressreliefpig	1
bp	2
lamor	1
eastcoastcreativeblog	1
grasscity	2
smokecartel	1
hewitt	1
yolasite	1
wordreference	2
pokemmo	1
seriesenmega	1
drbaileyskincare	1
gulfcoast	1
usa-cannabis-seeds	1
gaymas	1
beebom	2
geometrydash	1
howitshouldhaveended	1
engineeringtoolbox	1
tumblr	27
ibguides	1
medialytics	1
codediesel	1
deseretnews	1
tolweb	1
sexable	1
touchdolls	1
idigitaltimes	1
areavibes	1
bollywoodhungama	1
steelguitarforum	1
quartermaester	1
classlink	1
phantompilots	1
workable	1
acclarisbenefits	1
barclaycardus	1
earthstongue	1
movieweb	1
dosbox	1
crunchbase	1
google	379
watchismo	1
watch-episodes	1
mygospelbookstore	1
trivago	1
petco	1
manantialmiami	1
logitech	1
kamapisachifake	1
legacy	2
callawaygolfpreowned	1
cpaptalk	1
theteenboy	1
arthistoryblogger	1
webtegrity	1
techhaven	1
lubetube	1
browardcenter	1
theringer	1
icloud	2
gwinnett	1
localtides	1
everyjobforme	1
verywell	1
twinkl	1
cordcuttersnews	1
theenclavedelraybeach	1
online-convert	1
venus	1
boardgamegeek	1
freepik	1
revelsystems	3
time	3
swimoutlet	1
kigo	1
chicagotribune	1
70mack	1
avclub	1
wix	3
getmusicbee	1
science-forums	8
poochto5k	1
oztorah	1
wired	2
buenanueva	1
britishairways	1
themagicschoolbus	1
hearitfirst	1
woodtv	1
askalanaquestion	1
thebestdayever	1
zhihu	1
hairymomspussy	1
hex-rays	2
kingoapp	1
seriesytv	1
adtpulse	1
fidelity	3
carmike	1
brevardcounty	2
1000hentai	1
columbia	1
fwbmc	1
realmshelps	1
floridainternetcars	1
wetseal	1
fema	4
petsupermarket	1
getavast	1
vrbo	1
dhl	1
anaesthesiamcq	1
kerbalspaceprogram	3
movieinsider	1
cruiselawnews	1
creately	1
pearsonvue	1
4399	1
csgnetwork	1
hudsonsfurniture	1
broward	3
easy2diy	1
bible	1
synonym	2
sfgate	5
lg	1
searchengineland	1
citgo	1
hightail	1
arizonasports	1
realestatephotographers	1
pcpop	1
kidsdiscover	1
informer	1
seedworldusa	1
sareptiles	1
freekong	1
about	14
googleusercontent	3
cheap-r	1
thecraftsmanblog	1
osha	3
sunbiz	2
hqcodeshop	1
todayshomeowner	1
artic	1
improvephotography	1
lazydelivery	1
kohls	2
healthboards	1
searchincognito	1
calvaryftl	1
clasificadospr	1
ntu	1
fa-mag	1
animenewsnetwork	2
elotouch	1
videograbby	1
fordf150	2
shemaleblogs	1
mnn	1
17track	1
miami-airport	1
animalliberationfrontline	1
husqvarnaviking	1
uceusa	1
casadellibro	1
appracticeexams	1
staceyromberg	1
saint-petersburg-florida-taxi	1
pbstation	1
connecticare	1
moviepilot	1
peta	1
instructables	6
hcmc-tn	1
image-line	1
vector4free	1
changingminds	1
beachbody	1
bibntux	1
collarspace	1
stmath	1
pch	5
merriam-webster	6
askmen	2
news	1
ericdress	1
longwoodgardens	1
myfloridaira	1
marvel	1
offerupnow	3
carcarekiosk	1
fmcna	1
mp3lio	2
consumerhealthdigest	2
hsn	3
canadiangeographic	1
vrtrading	1
fishing-nc	1
sharksider	1
typepad	1
thrillist	4
nbcsports	1
safelinkwireless	1
saunalahti	1
universalstudios	2
whatshewilldo	1
putlocker	7
schoolsin	1
republicwireless	1
ratemyprofessors	5
songkick	1
gartic	1
portorangecounseling	1
fitfreak	1
peliculasaudiolatino	1
peperonity	1
arlanascorner	1
cueflash	1
derivative-calculator	1
ucsd	1
songfacts	2
hcl	1
alromany	1
enginefactory	1
bhsafjrotc	1
justhungry	1
abc-charters	1
canalporno	2
blogmines	1
adt	1
nadaguides	2
internetworldstats	1
iglesiareformada	1
webmd	16
thebestvaporizer	1
buscandocasa	1
bankingmyway	1
lacrossetribune	1
smallbizviewpoints	1
nperspective	1
govplanet	1
rushisaband	1
fl	1
projectfreetv	2
correios	1
superhonda	1
hugohides	1
saabcentral	1
movie-32	1
trustify	1
buzzfeed	4
welcometorockvillefestival	1
spirit	2
bidstart	1
pinellascounty	1
penpublishing	1
textcraft	1
westchasewow	1
candlepowerforums	1
pathofexile	2
areesecelticastrology	1
gotonight	1
fourseasons	1
expresspros	1
scrap	1
french-baskets	1
ticketsatwork	1
spaanjaars	1
ariannaeditrice	1
kizi2games	1
tampafirefightersmuseum	1
cambridge	1
rocketlawyer	1
towertheatermiami	1
americanstudentloanconsolidators	1
bali-property-indonesia	1
prepscholar	2
wowment	1
elpais	2
chemguide	1
adobe	7
groupon	13
biketime	1
guyanachronicle	1
didtheyreadit	1
co8	1
hinterlandoutfitters	1
autotoys	1
thefiringline	3
nakedapartments	1
propublica	1
dkrcommunications	1
supersod	1
bankcheckingsavings	2
olderjj	1
apartmentratings	1
survivalfrog	1
legalzoom	1
strong4life	1
supercook	1
santafetile	1
nalupro	1
tesol	1
earthlink	1
washingtonmonthly	1
oneacross	1
macworld	1
nj	4
barleymowbrewingco	1
800notes	1
ernet	1
indifferentlanguages	1
livesoccertv	1
teamfortress	1
medievalcollectibles	1
estately	1
mooc-list	1
friesenpress	1
tubepatrol	5
superdownloads	1
iherb	1
ofeminin	1
construyehogar	1
apastyle	1
lolskinshop	1
cdc	1
californiachickengrill-gainesville	1
posmiami	1
elconfidencial	1
promocode2016	1
armaniexchange	1
kennedyspacecenter	1
hilton	4
bisd303	2
xgenstudios	1
xbox	3
uthriftclothing	1
justjaredjr	1
efilecabinet	1
kayak	7
visitlaramie	1
ihg	2
youravon	2
allenwestrepublic	1
popularmechanics	2
shape	1
astropix	1
thewatchseries	1
rojadirecta	1
amphitheatretampa	1
advanceautoparts	7
dulfy	2
buggiesgonewild	1
peeranswer	2
lowendmac	1
fldoe	1
royalcaribbean	1
tripoli	1
smartshow-software	1
nbcchicago	1
lumaonpark	1
ups	1
capterra	2
designerdraperyhardware	1
plantation	1
aol	23
clearch	1
petition2congress	1
couponsherpa	2
shoesizers	1
fleshlight	1
subscene	1
ssbwiki	1
pdf2jpg	1
attinternetservice	1
codeproject	2
allrecipes	13
sfccn	1
comodo	1
tubeland	1
wga	1
jcafe24	1
hondaaccordforum	1
gtaforums	1
classactionconnect	1
neffheadwear	1
reversephonelookup	1
visualstudio	1
sandpiperbeacon	1
winecountrygiftbaskets	2
tjx	1
binarytranslator	1
businessesgrow	1
nrpfl	1
mp3skull	1
thechive	1
fscmocs	1
fashiongum	1
myprepaid	1
catanuniverse	1
wahackforo	1
yervantphotography	1
webcrow	1
tomatogrowers	1
rockymountainatvmc	1
radio	1
forsalebyowner	1
cms	2
flyelectric	1
allasker	1
crosswordtracker	3
streeteasy	1
carparts	1
stewartschultz	1
wisc	2
hortonworks	1
dollymarket	1
lockerdome	1
houseofwatches	1
cic	1
flightsim	1
losjuegosdelmagonico	1
netmng	2
rvt	1
tvguide	2
metric-conversions	1
autopartswarehouse	4
whistleout	1
facebook	217
biblegateway	4
birthmoviesdeath	1
sleepez	1
fsu	7
reserveamerica	1
traegergrills	1
wolframalpha	2
pcmag	6
phillystutorials	1
native-art-in-canada	1
cellularcountry	1
steampowered	10
memegenerator	1
mkvcinemas	1
sagepub	1
ticketmaster	4
allaboutbeer	1
cookinglight	2
medhelp	3
hdmovie14	1
ccso	1
house	2
sykes	1
adventisthealth	1
uaccollier	1
jemoticons	1
catholicfreeshipping	1
postablet	1
neimanmarcus	2
seaworldparks	2
brainly	6
keysnet	1
boobpedia	1
soundcloud	3
iberporno	1
collectorsweekly	1
target	21
southamerica	1
unilever	1
davidwalsh	1
dsw	1
dpreview	1
backforseconds	1
tronical	1
navigraph	1
collectorsfirearms	1
sweetwater	2
powershow	1
thetinylife	1
nimbleboatworks	1
techiosworld	1
rrsignatureclub	1
orlandolegal	1
siliconera	1
winonasearchgroup	1
highsnobiety	1
costar	1
jmlalonde	1
torontosun	1
liebelib	1
cerdas	1
basspro	2
archive	2
myspace	1
freedomhealth	1
gardenandgun	1
peoplespharmacy	1
bleepingcomputer	1
greenmedinfo	1
teleread	1
weebly	4
styloko	1
aba	1
lifeprint	1
chabad	5
myanimelist	5
damagedcars	1
viewmenu	1
skype	5
openstudy	19
steadystrength	1
meridenk12	1
guidescroll	1
tripadvisor	21
bestmastersdegrees	1
bromeliads	1
claytonhomes	1
healthyslowcooking	1
mathplanet	1
animeseason	1
drf	1
picresize	1
crazyhotseeds	1
engrade	2
johnmayer	1
theartofshaving	1
pinterest	28
portaportal	1
onecinegallerys	1
deeringestate	1
nramuseum	1
viator	1
animeland	1
freealphabetstencils	1
sa-mp	1
omegle	1
anybunny	1
mrcy	1
instacart	2
crestor	1
fbi	1
enkivillage	1
learnfromguru	1
theadvocates	1
yourshipstore	1
picbackman	1
aria	1
pregnantchicken	1
dictionary	6
freehoroscopesastrology	1
bwin	1
redmp3	1
correctionalofficer	1
hayneedle	1
fauxdirect	1
creditkarma	4
uvntrack	3
hypestat	1
arena	1
e621	1
plushbeds	1
lingeriefreesex	1
anfp	1
4681f	1
simplemobile	1
aetna	1
wolfram	1
kpopviral	2
americanexpress	3
educ	1
sarvin	1
runescape	1
masterstudies	1
beautynewsnyc	1
virtualrealityreporter	1
bodymeasurements	1
starbase118	1
calculatorsoup	1
menupix	1
lardbucket	1
umarexusa	1
squareup	1
screenrant	1
preceptaustin	1
ancientfaces	1
adultfriendfinder	1
truckmodcentral	1
mrnorms	1
msnbc	2
biddytarot	1
collegeboard	10
rebates	1
tmz	1
onlinestatbook	1
tirekingdom	2
scdownloader	1
yeahchemistry	1
sassycats	1
armstrongonewire	1
examine	1
freefileconvert	1
wdwinfo	1
ellequebec	1
hulkshare	3
msrenewal	1
reallygoodstuff	1
usgbc	1
sex	2
howstuffworks	2
unrealengine	1
linerworld	1
kristincoach	1
cosmopolitan	1
bitrock	1
womansday	2
businessinsider	5
microsoftonline	1
parentherald	3
tvaddons	1
bleacherreport	2
appcrawlr	1
people	1
spiritualityhealth	1
wdc	1
findagrave	1
timeanddate	3
fisglobal	1
sandysansingchevrolet	1
teamliquid	1
ecollege	3
playithub	1
recetatartadechocolate	1
hanys	1
wctv	2
visihow	1
ssas	1
bukkit	1
empflix	1
noticias24	1
raen	1
fostergrant	1
floridaspharmacy	1
dangermousesite	1
cnet	13
universalorlando	2
asos	1
besthf	1
dvf	1
animefillerlist	1
minecraft101	1
gerencie	1
autodesk	2
hubspot	1
lifehack	1
bannedporntube	1
artnet	1
clean-pool-and-spa	1
nutrition-and-you	1
fermanmazdaofbrandon	1
terapeak	1
asagaoacademy	1
stubhub	2
nameberry	1
punknews	1
westeros	1
brotherhoodofthering	1
yibada	1
surfline	1
tvline	1
swingtowns	1
afterdawn	1
enchantedlearning	1
gardenweb	1
mediaplex	4
usgamer	2
stonebusiness	1
americangirl	1
moneyunder30	1
doheny	1
ereplacementparts	1
tiaonline	1
tinyhouseblog	1
hightimes	2
thermatek	1
partsgeek	2
bumeran	1
dorousa	1
greensboro	1
wigtypes	1
matrox	1
downdetector	1
travel	1
clarin	1
opus	1
kizphonics	1
pnc	1
wordunscrambler	1
listverse	1
thatsthem	1
bk	1
gogocartoon	1
netsuite	1
popsugar	1
smartshoot	1
daytonacruisers	1
bsi	1
filtersfast	1
xxxfuckmom	1
sexaraby	1
fextralife	27
linuxmint	1
inc	1
chegg	13
quotev	1
homesicktexan	1
mensfitness	1
breakingbadline	1
successfulmeetings	1
fishing-florida	1
bucsnation	1
nap	1
floridabar	1
toptal	1
tvandnav2go	1
eve-central	1
whatsapp	2
hungryforchange	1
tripugo	1
thesmackdownhotel	1
rcsb	1
celestecorp	1
freegan	1
clan	1
lawnchat	1
navyfederal	1
everydayhealth	2
pikore	1
archeagegame	1
airproducts	1
dollartree	1
nordstrom	3
amainhobbies	1
saicopvp	1
zeebaas	1
smitegame	1
pornogratisdiario	1
joerandazzos	1
philly	1
telme2	1
dbzf	1
sunset	1
nytimes	6
hotspotshield	2
natsoopah	1
crcna	1
linkedin	8
wowhead	8
makerbot	1
wa	3
gustavus	1
m4carbine	1
hi	1
deplanos	1
yougodo	1
nba	3
nhk	1
dayztv	1
tbo	3
galleryofguns	1
jvctournaments	1
gifttree	1
watchonlinecartoons	1
barclaysus	2
greenturtle	1
fnac	1
lemlem	1
employflorida	1
jpay	1
8lpdesign	1
sportsbettingdime	1
xg4ken	3
franklinsports	1
kongregate	1
driveaccord	1
gatewayclubapts	1
cbssports	1
jaxhealth	1
rcmamakeup	1
newamericamedia	1
fpl	3
batman-news	1
spicytrannyporn	1
citigroup	1
ammoseek	1
cyberfriends	1
tbrnet	1
x-rates	1
thismatter	1
npr	1
yell	1
poolrx	1
delta	2
bestvalueschools	1
stirileprotv	1
bluemountain	1
jmfamily	1
franchisehelp	1
northamericanmotoring	1
thegardenerseden	1
mojang	1
gardeningknowhow	1
learn-english-today	1
areadinesslearningacademy	1
shinola	1
mainstreetartsfest	1
lastsecond	1
partselect	1
retailmenot	11
floridagunclassifieds	1
fiveguys	1
passionforsavings	1
wellingtonregional	1
lwconline	1
pichunter	1
everspace-game	1
cabinsofgatlinburg	1
brad21	1
lcarsdeveloper	1
mentalfloss	1
americanlithonors2010-2011	2
pubfilmno1	1
deedclaim	1
poponthepop	1
asanet	1
yourcharlotteschools	1
vacationstogo	3
playbuzz	1
flintcentral1963	1
mathplayground	1
jacksonvillezoo	1
java	1
ansbacher	1
woodworkingtalk	1
gpawisconsin	1
sonnysbbq	1
tydy	1
ivtcorporation	1
youtube	549
audiokarma	1
autonationnissanclearwater	1
aboutcodes	1
automatedbuildings	1
medicinenet	3
ovguide	1
geocaching	1
adn	1
lumberliquidators	1
albion-swords	1
screenwriting	1
owasp	1
365psd	1
hrewheels	1
cmestraining	1
funnyordie	1
bellevuecollege	1
theallis	1
nudevista	1
whalewisdom	1
iberia	1
nasdaq	1
webtoons	1
cargurus	2
wi	1
thecheesecakefactory	1
politico	1
luzcolonenfermeria	1
first-access-rent-to-own	1
ncaa	1
wayfair	10
movoto	1
petehatesmusic	1
techradar	5
black-desert	1
battlefield	1
antennasdirect	1
shouldiremoveit	1
crackle	1
allakhazam	1
taringa	2
computerhope	1
a10	1
poeticfrenchbulldogs	1
visitorlando	1
todoandroid	1
mathportal	1
iwannawatch	1
offthegridnews	1
tp-link	1
enterprisenetworkingplanet	1
chainreactioncycles	1
virtualsheetmusic	1
nba-stream	1
army	1
nutrisystem	1
rhapsody	1
juegospsp1link	1
orange-520	1
acbands	1
easystreetrealty-orlando	1
pelis24	3
marginalrevolution	1
cpsp	1
lulus	1
aboutdoggies	1
avnet	1
leadferret	1
nationalmssociety	1
calculator	2
searchrvexchange	1
tradeskillmaster	1
safeeggs	1
psychtreatment	1
ninthcircuit	1
offthekuff	1
boombah	1
cnpq	1
parents	1
golfsmith	1
rediff	1
myshoehospital	1
asa	1
sew4home	1
disqus	1
bottledwyoming	1
wtmx	1
saabworld	1
obd-codes	1
bestbullysticks	1
putlockerr	2
aflamporn	1
autozone	2
returnofkings	1
aad	1
todo-backup	1
engineering	1
homedepot	21
starfall	1
hirschfeldcos	1
askart	1
appstate	1
ducksters	2
creampietubeporn	1
shopfrontrangevillage	1
heritagemfg	1
boostmobile	1
girlsofdesire	1
graduationgown	1
phoenix	1
greatis	1
sunsigns	1
karaokesonglistcreator	1
nationalenquirer	1
ustream	1
bettycrocker	3
legion	1
tetrisfriends	2
bbylearningnetwork	1
flashcardmachine	5
cu-portland	2
carsquare	1
cda	1
globalpost	1
telegraph	2
matadornetwork	1
palmbeachhighschoolbaseball	1
ioncamera	1
themuse	1
pcpartpicker	1
thekitchn	7
ifirstrowus	1
mysticstamp	2
seacoastbank	2
gamestop	1
agame	2
shutterfly	4
laserspineinstitute	1
lamar	2
thecatsite	1
obamacarefacts	1
poets	1
reebok	1
leugardens	1
justjared	1
trustedreviews	1
lakemaryprep	1
williams-sonoma	2
megustalapapeleria	1
southernliving	2
hentai-foundry	1
mysitemyway	1
infoplease	2
beatport	1
notebookcheck	1
shopify	1
kickstarter	1
gmailsignin	1
javseen	1
peanutallergy	1
celebdirtylaundry	1
bahamas	1
cuballama	1
picmonkey	1
popcorn-time	1
gal-gadot	1
esquire	1
craigslist	64
coloringpin	1
amsa	1
moviessexarab	1
accessdance	1
usps	9
orangeparkmall	1
dotnetperls	1
totalgymdirect	1
weather	8
portofinoinnanaheim	1
jamsworldshop	1
thesaurus	3
camgirls-videos	1
juegosdragonballz	1
flagler	1
prosveta	1
justanswer	5
southerncompany	1
charismamag	1
embassy-finder	1
pickguards	1
gdbus	1
paperrater	1
forrent	1
babynames	1
genealogytrails	1
floraproactiv	1
senpaigamer	1
redmondpie	1
iequine	1
futabarc	1
trueachievements	1
minecraft	1
modthesims	1
model-railroad-hobbyist	1
salamanderdesigns	1
toppornsites	1
megashare	3
leagueoflegends	18
koubekcenter	1
doityourself	1
totaljerkface	1
thickassglass	1
maglite	1
zenfolio	1
timeshighereducation	1
showboxapkdownload	1
kleinfeldbridal	1
innerbody	3
genius	4
joblo	1
canstockphoto	1
sunoticiero	1
edgeleather	1
wacom	1
jerryevansfuneralhome	1
himeutsugi	1
brighthouse	10
thailbsex	1
hitandrunreward	1
musicnotes	1
rentalcars	1
oreillyauto	2
johnpapa	1
uaex	1
patreon	2
firstmice	1
swansonvitamins	1
firstguitar	1
videobloob	1
pwctoday	1
confessionsofablogvixen	1
sbac	1
quorumfcu	1
familyfriendpoems	1
yellowpages	9
mobafire	10
governorsballmusicfestival	1
appsychology	1
codemiles	1
planetxnews	1
surfsidepools	1
change	1
hotfrog	1
batteriesinaflash	1
equinenow	1
fivethirtyeight	2
xn----7sbbaaeya4cnm8bt	1
penthousehub	1
medicis	1
hauntedamericatours	1
blanketwarehouse	1
planet-9	1
cruisesonly	1
calpoly	1
subway	1
techsmith	1
reflexmath	1
pornorabitt	1
espoma	1
matureshock	1
jacksonvillesuperads	1
txlottery	1
kayakcafe	1
swgemu	1
cruisingworld	1
cruiseplanners	1
channelnewsasia	1
odinsa	1
multitaskertools	1
municode	1
privateci	1
technitrader	1
cheaperthandirt	1
quibblo	1
emedicinehealth	2
florida-flyers	1
aquapoxy	1
mathforum	1
exchangeserverpro	1
vmware	1
casebriefsummary	1
celebritynetworth	2
jcpenney	5
geopostcodes	1
eveonline	1
guinnessworldrecords	1
fatwallet	1
redflagdeals	2
twenga	1
isitdownrightnow	1
usssa	1
guideguide	1
uspresidentialelectionnews	1
skinsandfinscharters	1
accenture	1
rocksnubs	1
moddb	1
sexix	1
naplesnews	1
tama	1
utorrent	1
verseriesynovelas	2
yp	1
molekulproducts	1
rolexblog	1
crunch	1
katespade	1
orlandocitysc	1
crowneplaza	1
onlinecreditcenter6	1
cohp	1
monroelee	1
4chan	2
gogoanime	5
filezilla-project	1
tacobell	2
alleycatcustoms	1
loyaldrivers	1
filmesonlinegratis	1
bellacollina	1
fplmaps	1
gon	1
disabilityrightsca	1
omicrono	1
spinrilla	1
taylormadegolfpreowned	1
governmentjobs	1
volkswagendefect	1
homeadvisor	3
naturalnews	2
granburyrs	1
fashionista	1
annamariaparadise	1
compare99	4
kikki-k	1
easycalculation	1
radicalfirearms	1
justapinch	1
aleks	1
golddustdresses	1
sciencecenterofpinellas	1
divinesalon	1
rpheaven	1
arlo	1
golfbags	1
1025wfla	1
aviewoncities	1
xxxdessert	1
alansfactoryoutlet	1
megabloks	1
gradesaver	1
class-central	1
2sao	1
diablofans	2
ducatiusa	1
zurb	1
manualslib	5
renters	1
peavey	1
billcurrieford	1
poise	1
usg	1
solarmovie	2
palmettostatearmory	1
fbschedules	1
fortmyersbeach	1
upornia	1
pagebreeze	1
foodnetwork	15
deviantart	10
toptenreviews	2
midtowncomics	1
college-girls	1
imore	1
cplusplus	2
gobackpacking	1
wannaberacer	1
alaska	2
mirror	1
mp3glu	1
lowincomehousing	1
hmhco	1
princessmovies	1
projectfree-tv	1
taxcollect	1
mysislovesme	1
drukpa-canaria	1
mod-buildcraft	1
prehealthadvising	1
budsbuysguns	1
fpnotebook	1
bulkresizephotos	1
guardianpharmacyflorida	1
roelkelaw	1
themepunch	1
uniatlantico	1
beallsflorida	2
study	5
bhphotovideo	3
smallenginesuppliers	1
xdtalk	1
telescope	1
bwss	1
downloadsx1	1
seatguru	1
umuc	1
listasliterarias	1
in	1
partycity	1
actufoot06	1
creditunionsonline	1
gamerescape	2
aventuraluxuryrentacar	1
tomshardware	10
herpes	1
lowmileageparts	1
scrapbookexpo	1
bestprice	1
priceline	2
dignitymemorial	1
lenel	1
internships	1
allegiantair	3
comicsandgames	1
bestreviews	1
hbr	1
bnamericas	1
warthunder	1
shemalemodelstube	1
oberlin	1
micro-supply	1
flyingjizz	1
anniescatalog	1
dentaleconomics	1
yourimc	1
hobbyzone	1
gearnuke	1
porn	3
raco	1
d20crit	1
vitals	1
intuit	5
kooboo	1
e-hentai	3
thecocktailproject	1
acsedu	1
enjin	1
cubaenmiami	1
minitab	1
templeterrace	1
glogster	1
bleutrade	1
onewed	1
eanswers	1
fixya	3
6abc	1
browardhealth	1
wbaduk	1
ngap	1
unitedstateszipcodes	1
file-minecraft	1
ultraxshop	1
drtuber	1
wowway	1
pharmacytimes	1
elearners	1
petcarerx	1
edmunds	9
nhl	4
wiiudaily	1
floridajobs	1
docs-engine	1
alliedelec	1
greybox	2
chron	3
stitcheryprojects	1
tide	1
hearthstoneplayers	1
magiccards	1
chipola	1
pestcontrolcorner	1
innovateus	1
crackserialpro	1
lightningvapes	1
videoskaseros	1
caldwelllaw	1
proexcom	1
bigbadtoystore	1
schwarzkopf	1
hookerwikileaks	1
test-guide	1
studydroid	1
yipit	1
prspharmacyservices	1
netgear	2
ace	1
wapwon	1
jobs	1
norton	1
copycatrecipeguide	1
sharplinepaintingcompany	1
chemteam	3
indeed	8
primeline	1
onehourtranslation	1
engineersgarage	1
tonymacx86	1
sau41	1
lakeshoreclubapartments	1
onlythebestfirearms	1
healthyplace	1
cornerstone	1
myflfamilies	1
pcpao	3
techspot	3
prestonhood	1
riverpoolsandspas	1
ncl	1
alloycars	1
blurbusters	1
getty	1
goodwillcfl	1
tagged	1
foreclosure	1
mom	1
vitalbmx	1
ancestry	2
xanadugallery	1
rpgmakerweb	1
experienceproject	1
elvcom	1
chromadex	1
techtarget	1
dragonballtime	3
muffwiggler	1
harley-davidson	1
libguides	1
since1011	1
twinkest	1
freemovz	1
brainprotips	1
windowsreport	1
bayoushooter	1
toysrus	1
golfcrandon	1
cs4-saddlebags	1
recovery-android	2
bose	1
miamicashregister	1
gravesrc	1
cauupon	1
autotrader	4
aovivonatv	1
treasurecoastconnector	1
thekrazycouponlady	2
workplacefairness	1
g2a	3
imagefap	3
vehiclesvin	1
nypost	2
ajc	1
friv5online	1
totaline	1
mandatory	1
steamcommunity	16
halleonard	1
boattrader	1
ricesigns	1
bustle	1
thoughtcatalog	3
rosenlied	1
ip2location	1
digitalcameraworld	1
melaniemartinezmusic	1
healthychildren	1
rfactorcentral	1
myfloridalaw	1
enota	1
finra	1
southwest	3
squarespace	1
emuparadise	5
battle	16
ilovepdf	1
pepboys	4
seasidepropertiesgroup	1
labcorp	1
tampafurniture	1
thetech	1
united	2
ual	1
whatmmorpg	1
opensource	1
fayettemower	1
marthastewart	2
regentsprep	1
bethsoft	1
themidaslegacy	1
bollycine	1
formula1	1
joebark	1
patronenwinkel	1
gamersheroes	1
carlaspasta	1
jonnegroni	1
hdfilmsaati	1
deardoctor	1
secureserver	1
lawyeredu	1
hoursinfo	1
kaplancleantech	1
gbtimes	1
beautsoup	1
pymovie	1
apgfcu	1
skatteverket	1
pepperkorn	1
schizophrenia	1
agrisupply	1
foboko	1
hqtube	1
wmich	2
xmovies1	1
losipartshouse	1
steamrollerstudios	1
clarkson	1
pgatour	1
wiibrew	1
loverslab	1
thinkcrafts	1
topshelf	1
gijobs	1
yoyogames	1
mrskin	1
maryqueenoftheuniverse	1
365-login	1
casasparticulares	1
safonatt	1
nbamaniacs	1
fabric	1
selu	1
ticketnetwork	1
containerstore	1
bythesearesorts	1
cc	1
job-applications	1
oishiijacksonville	1
upenn	2
orabrush	1
youtube-mp3	4
theknot	2
alohatube	1
lovesflowersny	1
ocala	1
familydollar	2
newbalance	1
scalpremedies	1
boomerangtags	1
tv	1
sepscience	1
glock	1
kissanime	1
moving	1
tvonlinelimbo	1
shaukatkhanum	1
ferguson	1
m2sys	1
scamwarners	1
happywheelsez	1
gardenguides	1
rotary	1
makepassportphoto	1
csgojackpot	1
escortphonelookup	1
nextdoorbuddies	1
dslreports	3
newsweek	1
9minecraft	1
fedex	5
wazoodle	1
laphil	1
youngmusiccompany	1
thewoksoflife	1
galaxyhostfree	1
wilkinsonpc	1
e-zrentacar	1
realtor	15
worldwidelearn	1
selsunblue	1
consumercellular	2
r-world	1
cnbc	1
gifs-animados	1
paparazziaccessories	1
lifeder	1
nola	1
spokeo	2
newcars	1
fiu	4
usmagazine	1
lufthansa	1
rankingsandreviews	1
torn	1
when	1
musee-orsay	1
americanfunds	2
andysautosport	1
thedemonologist	1
carfax	1
ciudadano2cero	1
barnesandnoble	3
defymedical	1
easyphone4all	1
fandango	6
floridastateparks	1
jamartech	1
fotospornomaduras	1
lexilogos	1
tractorsupply	1
cincinnatichildrens	1
muthead	1
teachtci	1
boxofficemojo	2
makeupandbeauty	1
mlive	3
rvautoparts	1
netidnow	1
sextvx	1
seo-michael	1
noticierodigital	1
frontier	2
salonhogar	1
refinery29	1
chillertv	1
bmthofficial	1
mirage	1
clerk-17th-flcourts	1
ptsallnudedenver	1
alcyius	2
owensoundsuntimes	1
d20srd	1
ccm	2
decorativefabricsdirect	1
csoonline	1
ezserverwiki	1
tiradtoss	1
nesaporn	3
virtualpostmail	1
worldofsolitaire	1
wikihow	15
allseasonsrv	1
mixcrack	1
cyberlink	1
fhsaa	1
thegreatescaperoom	1
slate	2
anandtech	2
rockpapershotgun	1
opcionempleo	1
discpersonalitytesting	1
colourpop	1
moviestvnetwork	1
ucla	1
siliconindia	1
lasmejoreswebsporno	1
state	14
hobbylobby	2
customcameracollection	1
univision	1
thecardswedrew	1
dolphin-emu	1
irs	1
ancient	1
runnersworld	1
blueapron	1
ahrinet	1
wdam	1
konapublishing	1
woodland	1
nassau	1
whoeasy	1
shipwire	1
reptilesncritters	1
rrpicturearchives	1
procanadadrugs	1
verseoftheday	1
godaddy	4
saguenay	1
chase	7
vlacs	1
partstree	1
scpraceparts	1
wrestlinginc	3
comeforgames	1
mother4game	1
buckinghamfarmsonline	1
revistabusqueda	1
health	1
sherwin-williams	2
ultimate-guitar	8
kirklands	1
xvideos	61
ranker	2
gnosis	1
teamviewer	2
unf	3
torrentcd	2
floridanaturalhealthcare	1
trome	1
pipeburn	1
zales	1
ekwb	1
kaybo1	1
literarydevices	1
instantcheckmate	1
apkmirror	1
lawhelp	1
khanacademy	4
megafilmesonline	1
aa	4
taurususa	1
bailbondcity	1
sparkpeople	1
firstincest	1
freckleface	1
onelinefun	1
swinglifestyle	1
mayoclinic	4
nissanusa	1
coolrom	1
katmarsoftware	1
caagearup	1
leavingcertenglish	1
freep	1
all4shooters	1
autobytel	1
couchtunerd	1
factsforlifeglobal	1
flcourts	1
calcoastcu	1
checkthefines	1
clearwaterhdc	1
chamberbloomington	1
renweb	1
darrenjbennett	1
floridasafetycouncil	1
studiofow	1
cqdx	1
adoreme	1
funnsunclearwater	2
stackoverflow	14
emudesc	1
pernicious-anaemia-society	1
jacksonveterinarypractice	1
mkdowney	1
firetvblog	1
foxsports	2
salvationarmyusa	1
mustangdepot	1
citypass	1
gotporn	1
chemeddl	1
ourstoriedhome	1
myipaddress	1
foodandwine	3
bmgmodels	1
thechicagogarage	1
alltheanalysts	1
intexcorp	1
partitionwizard	1
bigdiscountrv	1
rfi	1
microsoft	26
rainbowstation	1
independent	3
thedogtor	1
hudl	1
musor	1
bigsummergolf	1
floridasupercon	1
carbonite	1
tallahassee	2
barkpost	1
origin	1
veomisseriesfavoritas	1
carlotto	1
hon	1
vg247	3
geckoforums	1
quantum	1
thoughtfortoday	1
gru	1
greenval	1
sportsfest	1
random	1
porkcruise	1
underrail	1
learnthat	1
thegreathere	1
gap	1
uscis	2
therepublic	1
microchip	1
nickjr	1
attsavings	1
stardewvalleywiki	1
theverge	4
keonhacai	1
ar15	1
ltcconline	1
cvshealth	1
worldbank	2
tripod	3
cfbstats	1
the-sage	1
crappydads	1
nordstromrack	2
virginhotels	1
fatsecret	1
funnelbrain	1
spotify	1
biblestudytools	3
happyfeet	1
freemathhelp	1
pcadvisor	3
simpletruths	1
floridahikes	1
dir	1
onlinevideoconverter	1
redfin	3
1080plus	1
b1	1
tssoutfitters	1
mypalmbeachpost	1
gearslutz	1
annmariegianni	1
hungryhowies	2
speedlinesolutions	1
sandyford	1
a-glance-at-psychology	1
nezlobudnya	1
grcc	1
urbanbodyjewelry	1
bumble	1
babesource	1
cricketwireless	3
wordpress	17
firststreetonline	1
davis	1
boots	1
complex	2
kfapfakes	1
rvtrader	1
jacksonville	1
rismedia	1
planetnatural	1
macmillandictionary	1
emaildiscussions	1
radgametools	1
rud	1
flhsmv	3
orcz	1
charliesdinerjax	1
twitter	36
hearthpwn	2
internetprovidersbyzip	1
thebouqs	1
fiestaazteca	1
blogspot	1
footlocker	1
skypeipresolver	1
psychologytoday	3
today	2
haveigotbowelcancer	1
ink361	2
academicapparel	1
lizardjuice	1
mdjunction	1
garrysmod	4
spanishdict	3
hbo	3
elevatorsource	1
allpeliculas	1
sampleletterhq	1
tomsguide	4
lyrical-nonsense	1
history	1
greyhound	1
diffen	1
mattressandfurnituresupercenter	1
invisousa	1
peliculaschingonas	1
shortmoney	1
flooringmarket	1
bestwalkingshoes4men	1
rikomagic	1
doversaddlery	1
findaphd	1
gaf	1
seiya-saiga	1
watch32movies	1
boltsfromtheblue	1
easyjet	1
educarchile	1
mytribevolleyball	1
nerdwallet	2
geeetech	1
nautiljon	1
b-reddy	1
kizi	1
cloudwards	1
lemonde	1
thermaltakeusa	1
8notes	1
topmastersinhealthcare	1
lingeriediva	1
pinktruth	1
55places	1
thesavvybackpacker	1
geni	2
ryanair	1
bridgeteaching	1
electro-optix	1
top10best2016	1
todoexcel	1
amateurphotographer	1
ae	1
jimdo	1
multimedios	1
rt	2
superiortrails	1
office	7
indykoa	1
pascosheriff	1
cmu	2
getthatprosound	1
highsierra	1
loopnet	4
collegehunkshaulingjunk	1
extraholidays	1
mediashout	1
oregonlive	2
wegoshop	1
marysbridal	1
foodservicedirect	1
softonic	9
belk	1
hayward-pool	1
mheducation	4
healthwyze	1
fustorrent	1
addictivetips	1
denverpost	1
mypornsnap	1
deepseachallenge	1
24-horas	1
userbenchmark	1
wanhaousa	1
theatlantic	1
cheddars	1
liveleak	1
freshfromflorida	1
cheatsheet	3
gsbank	1
pertronix	1
islandreal	1
gamepedia	5
vocabulary	1
thenardvark	1
ipligence	1
rawstory	1
watchmojo	1
mlb	4
luckysupermarkets	1
samsung	3
espressoparts	1
wearandcheer	1
indiatimes	1
strategywiki	1
cspinet	1
bhg	2
vine	1
learntarot	1
lonelyplanet	1
davechilds	1
queerty	1
brazzers	2
dakota-durango	1
247games	1
iclarified	1
babycenter	2
aaronbornfleth	1
xxxzoofilia	1
ache	1
coastalsystemsint	1
agar	1
kiplinger	1
ebony	1
dance-colleges	1
heartland	1
hidden-street	1
venicedivecenter	1
gainesvilleplace	1
dolphincarpet	1
citicards	1
rd	1
deadline	2
bbvacontinental	1
hktdc	1
stylecaster	1
stfx	1
minecraftmods	1
lpsg	1
dallascityhall	2
angieslist	2
myfitnesspal	3
glidemagazine	1
clickbank	1
rankandstyle	1
cblproperties	1
vmathlive	1
eatmytackle	1
paypal	2
buddytv	1
everymac	2
arrests	1
townhall	1
cuatro	1
wunderground	1
cmuse	1
gradschools	1
remotes	1
worldoftanks	1
trfiregrill	1
acestream	1
muzyabra	1
cartoonforkids	1
crabbybillsirb	1
lyrics	1
myregion	1
hawaii	1
eventful	1
hifixxx	1
floridasecurities	1
tokyotrad	1
ocpafl	1
appliancefactoryparts	1
loveroms	1
bustyteengallery	1
watchcartoonslive	4
isrwintersprings	1
laf1	1
wakeupnow	1
auto-quality	2
oakley	2
acs	1
budsgunshop	3
6farskids	1
pandora	7
bnb	1
antiessays	1
filmaffinity	1
simon	2
ameblo	1
ntier	1
abcpizza	1
worldtimezone	1
amctheatres	2
kfvs12	1
findpeoplesearch	1
vivaelmenu	1
avasflowers	1
duke	1
valenciacollege	3
baynews9	9
ypmelbournetitusville	1
northgeorgiamountainrealty	1
voeazul	1
nationsonline	1
birthdaydirect	1
expedia	6
wfla	1
hardknocksinc	1
maketecheasier	1
rubmaps	1
fastmaps	1
dell	3
angelgrayphotography	1
diabetes	1
consumerhealthchoices	1
stillen	1
bugspray	1
joyofbaking	1
escapistmagazine	1
amiami	1
chacha	1
tampacatcrusaders	1
printablegrocerycoupons	1
mytwl	1
foxmovies	1
nbc	1
biografiasyvidas	1
riotpixels	1
letraseningles	2
lake	1
eveuniversity	3
williamconcrete	1
mikeshermanpestcontrol	1
lawnix	1
religionnews	1
loc	1
tenmarks	1
youporn	8
officer	1
themaneland	1
thedailymeal	1
learningpath	1
usmle-easy	1
rtve	1
flipkey	1
wuxiaworld	1
accuweather	1
calguns	1
psychologia	1
vecteezy	1
discountmarinesource	1
foodandnutrition	1
investing	1
justporno	3
koofers	1
exotic-erotics	1
visitstpeteclearwater	3
abc	1
allacronyms	1
vividseats	1
zomato	2
coloradansforcoloradans	1
ascendtech	1
sprint	1
budget	2
monster	5
cheviotproducts	1
teacherweb	1
starcasm	1
nttdataltc	1
cancerfightingstrategies	1
researchgate	1
destinylfg	1
pornocasero	1
booking	2
plantphysiol	1
cougargaming	1
bigfishgames	1
banfield	1
kidshealth	1
mtv	1
nascar	4
audiworld	1
harryanddavid	2
discover	1
sgammo	1
break	1
artstation	2
firstcommercecu	1
superuser	5
sparknotes	3
digitaltrends	4
primeserioussteak	1
casper	1
endocrineweb	1
ownedcore	2
redtag	1
cooks	2
experiencekissimmee	1
kiaofmerrittisland	1
libanswers	1
tutelevisionenvivo	1
theelephantpants	1
capcom-unity	1
medscape	2
fundrise	1
barbershoptags	1
depaul	1
hackedarcadegames	1
minhasinscricoes	1
equifax	1
marksdailyapple	1
dakaractu	1
simplyhired	2
cam4	1
classifiedads	1
abebooks	1
mmorpg-life	1
t-mobile	3
mba	1
hccfl	1
fodors	2
truecar	4
alluc	1
flonga	1
jisho	1
edenproject	1
patient	2
pennydellpuzzles	1
rentalleaseagreement	1
wileyplus	1
freeunlocks	1
realtystore	1
mediahelpingmedia	1
redtube	6
tk20	1
actualincesttube	1
swflautos	1
1d4chan	1
thepirategathering	1
y8	2
zavvi	1
1xxx	1
askmefast	1
laughingplace	2
reednissan	2
custommade	1
voepassaredo	1
dontpayfull	1
studentleadershipacademyvenice	1
allmenus	3
curseforge	1
factoryoutletstore	1
loyola	1
sunpass	3
hitfilm	1
waverealtytampabay	1
drugstore	1
cuinsight	1
nasioc	1
misterpeliculas	1
tutorialspoint	2
okeechobee	1
pentairpool	1
marca	1
passatworld	1
century21global	1
youthhealthmag	1
tcpalm	3
mp3-juices	1
houzz	2
holidaybuilders	1
thereportertimes	2
hausofgloi	1
cruisedeals	1
pornvidesohilp	1
thetoptens	2
allenmitchum	1
directv	1
hardx	1
moustaches	1
live	13
nickhotel	1
toptenz	1
gardeninginstitute	1
vagaro	1
vipergirls	2
timemaps	1
soundsnap	1
tracfone	1
iflscience	1
backpage	5
carid	1
canpages	1
tbnasia	1
pugrescueofflorida	1
cardgamesolitaire	1
topix	1
lowryparkzoo	1
bcbsfl	1
vanar	1
amazon	143
caribbeancinemas	1
epic4health	1
usurnsonline	1
who	1
ufopaedia	1
rileyguide	1
opengameart	1
phonak	1
heavengames	1
massdrop	1
brainstormbrewery	1
fscj	3
appletonmuseum	1
advocare	1
calendario-365	1
myway	1
bod	1
rsholom	1
warosu	1
adlucent	1
aberdeennews	1
fivestarcu	1
chaturbate	4
growthis	1
lamoodbighats	1
browning	1
sunfishclass	1
hawthornevillageapartments	1
snapfiles	1
bloomberg	3
wirral	1
armaholic	2
backpackers	1
brothermusic	1
weddingwire	1
criminaldefenseattorneytampa	1
hgvclub	1
cisco	1
elegantplus	1
moddingway	1
billboard	3
leeschools	1
oglaf	1
theaccawards	1
personalitypage	1
weidmann-diagnostics	1
whiskeyrocksreview	1
boatdiesel	1
minube	1
drsfostersmith	1
wallpaperscraft	1
bugmenot	1
hcmarketplace	1
prepsportswear	1
ccm-ct	1
mygym	1
hdpornolina	1
firstmiddleburg	1
smartcruiser	1
buccaneers	1
f-22raptor	1
millan	1
pcfallon	1
photobucket	1
getgogrocer	1
kawasaki	1
mouseplanet	2
winteriscoming	1
duke-energy	1
foodnetworkgossip	1
dogvacay	1
dsync	1
amshq	1
aetv	1
viscopedia	1
pbskids	1
croteam	1
knotstandard	1
homeworkmarket	1
princeton	1
mylabsplus	1
goodsearch	4
descargarpopcorntime	1
games	1
xhamster	10
instagram	11
fanpop	3
younghollywood	1
truevalue	1
wsj	4
brownells	1
adweek	1
thumbtack	1
nocookie	3
adventureisland	1
mobissimo	1
coj	1
golfgalaxy	1
whowins	1
freegovernmentcellphones	1
factorio	1
tableseide	1
gamefaqs	22
videosdegaysx	1
bestmalevideos	1
cafepress	1
tampaelectric	1
sokanu	1
eputlocker	1
crunchyroll	3
ua	1
bestplaces	1
balsamiq	1
trailrunnermag	1
freepenguin	1
cpubenchmark	1
ayurvedaforlive	1
guinness-storehouse	1
theblackhonkeys	1
wareable	1
instructure	5
goodreads	4
chapmanlawgroup	1
edline	2
kennesaw	1
silvergames	2
jazzercise	1
androidrootz	1
uber	1
nestlehealthscience	1
wirelessadvisor	1
virginmobileusa	1
charlotte	1
oceanfrontcottage	1
jezebel	1
futbolflorida	1
irsc	1
thehungrycuban	1
skylinecollege	1
startech	1
programmingsimplified	1
kenz	1
vk	3
amd	1
insideedition	1
template	1
vickybakery	1
realsimple	1
animalerie-paris	1
explorable	1
stateofflorida	1
miamidade	1
yourtango	1
kirchensite	1
ringcentral	1
findlaw	1
pbs	4
baltimoreravens	1
lamarcaprosecco	1
theapartmentcorner	1
usdebtclock	1
pitchfork	1
paddlefloridakeys	1
engadget	1
ssa	1
ancient-literature	1
tripsmarter	1
eat24	1
tastekid	1
floridabuilding	1
desvirgadasxxx	1
batteriesplus	1
fchan	1
onegoodthingbyjillee	1
humoron	1
mixbook	1
bedbathandbeyond	4
nostalrius	1
surrealismtoday	1
ncsu	1
cnathrive	1
ener-g	1
samanthacharbonneau	1
art	1
frontpointsecurity	1
redhdtube	1
telic	1
termpaperwarehouse	1
box-officetickets	2
globalresearch	1
sharpfuneralhomes	1
wwbw	1
mercadolibre	1
jamieoliver	1
aliexpress	5
malwaretips	1
environmentalchemistry	1
bistudio	1
dominos	4
mostwantedhf	1
suzukicycles	1
cgsc	1
nautica	1
juicyceleb	1
brandonspikes	1
crutchfield	2
fau	1
corotos	1
msccruisesusa	1
gofundme	1
accidentdatacenter	1
outwardbound	1
megalodoncharters	1
inchescm	1
gamejolt	1
healthcentral	1
popscreen	1
dailycaller	2
overstock	3
repairpal	1
dummies	6
thomasnet	1
sourceofspores	1
nick	3
stoprelationshipabuse	1
medguidance	1
lapasqualotto	1
wetpussygames	1
fllott	1
noiseheads	1
careerbuilder	2
gfycat	1
takepart	1
straightdope	3
illinois	3
autocodes	1
hbogola	1
rawloulou	1
sunfest	2
wiley	1
lockcoupons	1
fulldive	1
famu	1
jwt	1
rapidtables	2
autohotkey	1
copart	1
bizjournals	1
roastersntoasters	1
powerball	6
pefcu	1
nvcc	1
biblestudy	1
esmatube	1
riu	1
brevardsheriff	1
theautismhelper	1
codepen	1
umich	1
findsmarter	1
chevrolet	1
ablogtowatch	1
lifetimefitness	1
planosdecasas	1
woodchasefvhoa	1
dadeschools	7
sanmiguelsothebysrealty	1
lakelandgov	1
thetattooshop	1
arquitecturadecasas	1
humana	1
biggerpockets	1
choicehotels	1
thefamouspeople	1
duckduckgo	1
iwank	1
emulation64	1
gas13	1
poradnikzdrowie	2
havanaharrys	1
mybigclit	1
digital-photography-school	1
shutterstock	2
nomembershipreqiered	1
calnewport	1
unitedworldsoccer	1
ereadingworksheets	1
columbiarestaurant	1
stanford	1
likexpets	1
northerntool	1
monografias	1
yuku	1
tmsmoney	1
rickscrabtrap	1
quora	16
aimsurplus	1
quadratin	1
theguardian	4
flvs	6
sfcollege	1
mypawsitivelypets	1
prosportbike	1
kevinmd	1
sevenforums	1
dillards	3
paddleguru	1
maemo	1
geygan	1
intervalworld	1
whole30	2
10best	2
nabcep	1
addictinggames	4
kravis	1
cvs	1
lectlaw	1
worldofballpythons	1
knowyourbody	1
perkinsrestaurants	1
travelocity	1
supercheats	1
truecouponing	1
hbowatch	1
elitemensguide	1
tattoomagazine	1
lorepodcast	1
fyvor	1
boxingscene	1
nps	2
zoro	1
whatvwant	1
campbellskitchen	1
cruisecritic	1
desmoinesbroadcasting	1
autonation	1
hgtv	2
futureelectronics	1
uhaul	2
dailymotion	7
usaajobs	1
alltrails	1
nova	2
macrumors	1
wvusd	1
wikia	100
vaporbeast	1
diariolaprovinciasj	1
realself	1
rutvua	1
androidpit	2
fontsquirrel	1
floridafriendlyplants	1
pogo	6
biografias	1
creativecow	1
areaciencias	1
sss	1
yaleappliance	1
hobbytalk	1
vtv	2
reallifecam	2
pornolaba	1
fappityfap	1
voyeurtube	1
oodle	1
belasfrasesdeamor	1
mcdonalds	1
rackspace	1
cmt	1
n2re	1
by-art	2
americancampus	1
pcsb	1
majornelson	1
bhn	3
ayumilove	2
torrentfreak	1
footsolutions	1
apartments	2
universetoday	1
docclub	1
brookings	1
esbuzz	1
allfreeknitting	1
levi	1
intelius	3
pricedroppp	1
zerochan	1
wftv	1
recallguide	1
forbes	13
searchtempest	1
groovesharks	1
recentlyviral	1
glassdoor	5
truewow	1
sagaoz	3
fmconcepts	1
obamacareplans	1
unstopables	1
lyricstranslate	1
fanniemae	1
inquisitr	2
walmart	41
dmv	1
bodybuilding	5
blackz	1
miamiherald	6
floridagofishing	1
mobdro	1
fermancjdnewportrichey	1
hollywoodtake	1
biography	2
surveychris	1
tinyhousefor	1
vwvortex	1
dandwiki	1
eltiempo	1
disclose	1
quebecregion	1
healthimpactnews	2
ytimg	1
springcreekfamilychiro	1
viva-mundo	1
pocket-lint	1
rv	1
rakuten	2
studystack	1
bioethics	1
bing	6
homesweetjones	1
sears	5
shaggytexas	1
environment	1
food	3
justia	1
385rent	1
mlssoccer	1
qideas	1
planetminecraft	2
megaessays	2
santanderbank	1
pizzamarketplace	1
rainbowspace	1
complaintsboard	1
getback2life	1
repelis	3
chilis	1
berklee	1
yu	1
loan	1
weruletheempire	1
hireteen	1
guildwars2	2
emblemhealth	1
unclebobs	1
theroot	2
hegre-art	1
htcvive	1
massagetherapy	1
aerogarden	1
oldapps	1
customink	2
spctexans	1
discovery	1
tubelombia	1
pnud	1
technicianbrian	1
maennche	2
analog	1
release-date	1
easports	1
mercadolivre	2
kotaku	4
blueprintsprograms	1
cwtv	1
morazzia	1
co	1
kensnursery	1
diynetwork	1
morris4x4center	1
thenews	1
sallybeauty	1
gwynniebee	1
imaging-resource	1
unity3d	2
spaandpoolstore	1
imgur	8
babble	1
guntersvilleboe	1
waveapps	1
duvalschools	1
landandfarm	2
bonsaiempire	1
vimeo	4
arubaairlines	1
quizlet	105
colmoringa	1
oracle	1
recentcaraccidents	1
usaboatstore	1
plagscan	1
rggrharris	1
eduplace	1
focusschoolsoftware	1
sephora	1
thepauperedchef	1
rainierland	1
factorypreownedcollection	1
pornovit	1
algebra	1
vitaminshoppe	1
plenti	1
texags	1
flaglertax	1
convars	1
nationalguard	2
tubetycoongame	2
vegnewssavvyvegan	1
therefinersfire	1
carpin	1
summit-broadband	1
meredith	1
collegeconfidential	2
behindthename	2
verpeliculasnuevas	1
abt	1
multiversitycomics	1
tmcheats	1
villagetoy	1
globovision	1
typo-bargains	1
theisozone	1
eightforums	1
crackberry	1
sarasotachamber	1
discountfurnitureyard	1
signature-reads	1
jhu	1
flcaj	1
reprn	1
maurice	1
howardforums	1
transparent	1
joann	4
gamer-mods	1
carnegielearning	2
stickystatic	1
swamphead	1
onstar	1
homemadebdsm	1
homes	2
discoverlife	1
volunteermatch	1
flickr	1
lacrossecluborlando	1
unmundomega	1
softpedia	1
acaciapharma	1
thingsremembered	1
fathomsrestaurant	1
bigsex	1
compinfopro	1
xxx-comics	1
legaloutreach	1
searchlock	7
improvementscatalog	1
mydipkit	1
tuxtorrent	1
youcandothecube	1
thaiairways	1
vanguard	1
aim	1
moen	1
staples	4
mobygames	2
spycolor	1
capecoralrestaurants	1
citroenvie	1
secondlife	1
wendys	1
avfloridarealtygroup	1
cox	1
orbitz	2
strategiesfornursemanagers	1
metropolehaiti	1
aspensquare	2
evansskipperfh	1
goutandyou	1
halowaypoint	3
disfrutamiami	1
thinkpads	1
inverse	1
guitarhq	1
ctrlo	1
aerlingus	1
bahamasparadisecruise	1
heavenlydivinecustomrosary	1
lareserva	1
papajohns	3
interwell	1
pissedconsumer	1
rent	1
asianwiki	2
fbodaily	1
howtogeek	6
mylynx	1
dogster	1
marykay	1
polywoodinc	1
vaxxedthemovie	1
myrecipes	2
badasscars	1
babiesrus	1
findhomeremedy	1
xfinity	14
teachat	1
machinesaredigging	1
schwab	1
rosegal	1
paladins	1
mymove	1
stjohns	1
coolstuffinc	1
sailnet	2
sale-fire	1
dietspotlight	1
allpoetry	1
lakayexpo	1
lcni5	1
biminibaysailing	1
frudua	1
purenudism	1
oldnavy	1
restorationhardware	1
wish	1
canadapost	1
forospyware	1
pictavo	1
revelation12	1
regions	4
mypillow	1
thelazy	1
obamaphone	1
laramie	1
ncse	1
officialticketcenter	1
bigdaddyrvs	1
franklinkia	1
kinderkouture	1
lightinthebox	1
bloomrealty	1
meetup	2
mysynchrony	1
academia	1
9xshare	1
chrono24	1
bankingsense	1
livingindubai	1
computelogy	1
carmax	5
radiohead	1
souplantation	1
smart-torrent	1
laprensa	3
basketball-reference	1
dafont	1
greentechmedia	1
aquacave	1
ringling	2
toyota-4runner	1
invispress	1
artistsandillustrators	1
firstrowsportes	1
rentalhouses	1
luxuretv	2
pewterreport	1
caesars	1
beforeitsnews	1
tous	1
pornocomics	1
aessuccess	1
tyndall	1
wingsoffireinc	2
edf	1
frontpagemag	1
yourcarangel	1
computers-support-team	1
alleydog	1
totalbeauty	1
gizmodo	3
defensivecarry	1
variety	2
frn	1
utm	1
corvettemods	1
pcsoweb	1
pineviewapts	1
dansmc	1
daringgourmet	1
hertz	1
healthgrades	2
excelforum	1
goo	2
robertspoolservice	1
spots5202003	1
journeys	1
projectachieve	1
federalsoup	1
lifeproof	1
americansignaturefurniture	2
polygon	2
nolo	4
scientificfederation	1
mioglobal	1
prepbootstrap	1
omart	1
cdkitchen	1
worldhistorymaps	1
playretrogames	1
news4jax	4
someecards	2
hearthhead	2
mypanhandle	1
legiscan	1
gardein	1
papyr	1
bandcamp	2
myfantasybands	1
envioregalos	1
tandfonline	2
noxcrew	1
questdiagnostics	1
pokemasters	1
zam	1
tutorvista	1
reverb	1
justfunfacts	1
dbcmedia	1
seriesbang	1
myvaporstore	2
tennessee	1
i-ready	5
itesm	1
lssc	2
kibin	1
bowlbrunswick	1
internationalsimracing	1
homeinspector	1
alibaba	3
garrettgraff	1
wikiquote	1
voyeursexfilms	1
ulta	1
puretropics	1
peacerivercampground	1
space	1
w3schools	4
arstechnica	1
zoosexuality	1
freearcade	1
uplifteducation	1
bigcitygrill	1
getkeysmart	1
milb	1
uccs	1
cslplasma	1
auth0	1
citationmachine	1
wideopenspaces	1
chelco	1
gazzetta	1
heavy	4
ea	2
hiphopstoners	1
summitracing	3
self	2
jquery	1
publishersweekly	1
efinancialcareers	1
zazzle	2
hillsboroughcounty	2
innatia	1
piononosinc	1
airport-data	1
nullcorecheat	1
amc	1
greenacrestransporttrailers	1
game-debate	1
allstate	1
bibliatodo	1
runehq	2
poweriso	1
mom4real	1
dragonballgo	2
ethnicelebs	1
cengage	2
hibiscusplace	1
flgov	1
lnmtl	1
buildabear	1
hackedonlinegames	1
leegov	1
fleamarketgulfbreeze	1
bbcgoodfood	1
ls1tech	1
logomakr	2
worksphoto	1
wikidot	4
jcloisterzone	1
pcsx2	1
cdninstagram	1
enlatino	1
16personalities	1
rincondechistes	1
pcworld	2
eatthis	1
watchonlinesfree	1
recordstoreday	1
chowhound	3
elindependent	1
biketown	1
themagicspirit	1
informacionde	1
adultswim	1
samsclub	5
harpercollins	1
systemrequirementslab	3
postaljobplacementservices	1
specout	1
abcdpetresort	1
pdc	1
lukeisback	1
millenniumphysician	1
standupzone	1
hollisterco	1
sebagosailing	1
esportspedia	2
ineedhits	1
helpdeskgeek	1
formice	1
kdnuggets	1
relatividad	1
jescollection	1
plantdelights	1
scf	1
daytonainternationalspeedway	1
fittea	1
allears	2
slickdeals	2
alfa	1
ok	2
omsstaffing	1
davidnewbatt	1
rollingstone	2
usatoday	5
curse	1
drudgereport	6
hdstream	1
statista	1
boydscampground	1
melhoresdestinos	1
mathsisfun	6
ehow	2
hanime	2
paheal	1
eatpdq	1
jcpalerts	1
weldingsupply	1
gottman	1
rentlingo	1
pornsled	1
captainjohn	1
statisticshowto	2
montgomery	1
thefreedictionary	3
allsoftwaredownload	1
gametimeplayers	1
tophearingaidstoday	1
onlineloancalculator	2
carconverters	1
milliyet	1
coolmath-games	5
tubekitty	2
showcase-it	1
laundrybags	1
achieve3000	1
vice	1
yudu	1
shopyourway	1
resourcepack	1
wesleyguest	1
pcgamer	2
daytonastate	4
nexusmods	10
nesinc	1
trendsandideas	1
ted	2
ramtrucks	1
girlsgogames	1
tubitv	1
qiaobutang	1
csgo-house	1
animalpolitico	1
nike	2
arizonagifts	1
algebranation	1
playstation	2
nationalreview	1
whitepages	3
blair	1
ninashoes	1
suagm	1
xxxbunker	1
bls	1
newgrounds	1
breitbart	4
afcwimbledon	1
hairbuddha	1
xda-developers	3
perfectgirls	2
smartserials	1
primagames	1
extraspace	1
allaboutgod	2
thehackednews	1
1suicidegirl	1
senior-retirement-living	1
numbeo	1
brazil	1
newegg	9
vpngate	1
clarksusa	1
rickeystokesnews	1
gratis-kontakte	1
friv	1
palmbeachschools	1
pilotonline	1
pirate101	1
zappos	2
bankrate	4
halifaxsailing	1
backyardgardener	1
seniorpeoplemeet	1
studysoup	1
couponfollow	2
blizzard	1
lainformacion	1
thebirchwood	1
mexonline	1
southern-charms	1
vahini	1
bethesdaweb	1
formerdays	1
celebjihad	1
horizonhobby	1
imdb	34
ibtimes	3
chanel	1
casadel-libro	1
hourofcode	1
fit	2
thinkpozitive	1
groundzeroprecision	1
wevideo	1
sphstigers	2
aarp	1
simmsfishing	1
dallasnews	1
merckmanuals	1
cyanogenmod	1
apk4fun	1
go2amateurs	1
urbancrossfit	1
lhotellerie-restauration	1
lusitanosinoregon	1
juritravail	1
personalcreations	1
scantool	1
353online	1
eastdane	1
appliancepartspros	1
lazydog	1
ftd	1
polksheriff	1
schoology	1
beautiful-bodies	1
brainyquote	3
prettyhandygirl	1
hackaday	1
acmilan	1
pc98	1
heartwoodguitar	1
lead-adventure	1
reservations	1
airdailyx	1
funai-corp	1
ladymoiraine	1
freedisneycartoonblog	1
seriouseats	1
dramafever	1
allamericanfurniturelakeland	1
sportle	1
americanrhetoric	1
duramaxforum	1
visionperuanatv	1
mail	2
cosplayhouse	1
kordugumsonbolum	1
jewishboston	1
eccobella	1
forestjustice	1
patriots	1
stetson	1
familydoctor	1
creativebloq	1
8muses	1
bestbuy	9
pucp	1
wiktionary	1
iloveoldschoolmusic	3
futhead	1
apps-your-ideas	2
askvg	1
palmbeachpost	2
thetruthaboutguns	1
onemotion	1
kellymillercircus	1
zennioptical	1
hobbyexpress	1
gillette	1
hclips	2
sap	1
macys	11
spankbang	3
stage48	1
chezpoor	1
iptv-xbmc	1
gocomics	1
sarahramsden	1
enterprise	3
biblewheel	1
onlinejudge	1
orientaltrading	1
saveur	1
deletesnapchat	1
iniuria	1
todomega-zona-adultos	1
rxlist	1
pottstown	1
opposingviews	1
evergladesfoundation	1
furnituredistributioncenter	1
dirtypornvids	1
knowyourmeme	1
hottexhaust	1
scape-xp	1
poki	2
pokemon-revolution-online	1
activ	1
minecraftskins	3
nccer	1
partition-tool	1
match	4
honda	1
juicerecipes	1
lincolnroadmall	1
ecowatch	1
shopfoodex	1
legalvault	1
sermonaudio	1
democraticunderground	2
playdota	1
rudderclub	1
jellyneo	1
stjohnsshipbuilding	1
earlylearningflorida	1
mp3tunes	1
chefkoch	1
shmoop	4
michaels	1
breastcancer	1
superbreakers	1
lifehacker	6
tacticalgamer	1
bibleresources	1
nbc15	1
venkel	1
mattslandscape	1
c-span	1
attainlearning	1
askfred	1
seneweb	1
lucianne	1
roomstogokids	1
desiredreels	1
templatemonster	1
bionaire	1
staugorchidsociety	1
aaaai	1
usembassy	1
tvnovelasparadescargar	1
dinarrecaps	1
bbt	1
lyricsinbox	1
colorlib	1
galegroup	1
usc	1
easybib	1
drdavidwilliams	1
uprinting	1
dealsplus	2
tupperware	1
cualesmiip	1
washingtonpost	5
sarasotasheriff	1
sarasotacountyschools	1
mexicobeach	1
aspca	1
sexviacam	1
wwe	2
dailymotion1	1
eartheasy	1
nvidia	1
dailymail	5
shopgoodwill	1
mitsuoka-motor	1
thecoinvault	1
fortune	1
hometowndumpsterrental	1
bioinnovations	1
visitcopenhagen	1
vystarcu	2
funbrain	1
craftsy	1
androidcentral	2
fourcornerscharter	1
nanoos	1
knowyourmobile	1
villagevoice	1
photoshop	1
bncollege	1
osti	1
easynotecards	5
kisscartoon	3
lowes	11
iconosquare	1
zafootball	1
pathguy	1
ninacheriephd	1
valvesoftware	2
cocokeyorlando	1
italianrenaissanceresources	1
thehorseofcourse	1
homeworkminutes	1
tvtropes	5
smh	1
im1music	1
offers	5
foxfi	1
securitycheatsheet	1
pelispedia	2
aoeu	1
waptubes	1
orlandosentinel	2
recssummit	1
thedieselstop	1
cornell	3
marinsm	2
exmormon	1
ign	6
jeanhaines	1
mrmooneyeco	1
localchurches	1
whosay	1
gosunoob	1
matthewvandyke	1
xoom	1
youtube-on-fire	1
slither	10
pornvideoq	1
abcactionnews	1
lavu	1
cookingchanneltv	1
writetoreel	1
lds	1
floridagators	1
cinemablend	2
azurilland	1
publix	9
manitowoccountyhomebuilders	1
funimation	3
sierralivingconcepts	1
hustler	1
thecoffeebrewers	1
lampsplus	2
worldofshowjumping	1
xnxx	16
deserial	1
idealessaywriters	1
bigcatcountry	1
imoviepc	1
championselect	9
quicken	1
staugustinegovernment	1
ucf	7
teresacowartteam	1
datesrelease	1
disability-benefits-help	1
promopro	1
broadwayworld	1
herffjones	1
boatus	1
pagesix	1
thedissolve	1
recoveredenergy	1
justiceadmin	1
myfreecams	1
icy-veins	5
gobahamasplus	1
rvone	1
soulhealer	1
socwomen	1
kimguzman	1
marriott	1
smallpdf	1
manporn	1
names	2
bbqguys	1
realestate-tokyo	1
mosquitocreekoutdoors	1
urbandictionary	10
reaperblog	1
shadesofgreen	1
junkcarpasco	1
zillow	27
gulfstreampark	1
firstchoicemarine	1
pfsense	1
solarenergy	1
hbogo	4
theevilwithin	1
votesmart	1
barenakedislam	1
greatist	2
fuddruckers	1
pascocountyfl	1
dumbofeather	1
euro-backpacker	1
metropcs	3
ziyu	1
edusite	1
gadgetube	1
tablespoon	1
dronair	1
austinpetersen2016	1
towergarden	1
nationalchildsafetycouncil	1
actec	1
tn	1
burmeseclassic	1
hurstbeans	1
hotnewhiphop	3
sporeworks	1
safer-networking	1
ole	1
nesterovits	1
esan	1
pitbossbelt	1
sarostatil	1
hp	10
eltlearn	1
thriftyfun	1
movieshd	1
sea-doo	1
poweronestories	1
costco	2
bab	1
animaljam	3
latimes	5
leakedearly	1
proprofs	3
armandhammer	2
53	2
rageon	1
caranddriver	2
payscale	1
liveatc	1
walgreens	5
blogjob	1
retagit	1
viagogo	1
thepisstube	1
playboytubes	1
cesarsway	1
gracecommunityschools	1
aflamneek	3
millercenter	1
fox4now	1
sportmazdaorlando	1
vanityfair	2
maurits	1
newsela	1
songsterr	1
tampabay	1
coolermaster	1
tbdress	1
corvetteactioncenter	1
toshiba	1
animmex	1
stackexchange	10
whatsmyip	1
gatorcycle	1
tipsforrealestatephotography	1
rincondelecturas	1
davidmorgan	1
zap2it	1
cannonfalls	1
timeforchange	1
bakerandolive	1
soc2	1
livestrong	1
testkitchentuesday	1
stuccu	1
collectionofbestporn	1
iu	1
giphy	3
uic	1
able2know	1
robotc	1
linuxquestions	1
vanderbilt	1
thehawkseye	1
leeclerk	1
winxdvd	1
k-rfastenersinc	1
purdue	3
kaspersky	1
fireengineering	1
famousbirthdays	1
coconutpointford	1
123greetings	1
musicfestivalwizard	1
camdenliving	1
sun-sentinel	3
peapod	1
fda	1
thestepfoundation	1
roll20	1
roomstogo	2
reverselogic	1
consumeraffairs	2
encyclopedia	1
ladyboyasia	1
medications	1
columbiasurgery	1
jachomes	1
datpiff	2
livenation	1
hentaihaven	1
forestlakesoldsmar	1
motherless	2
fuse	1
mathworks	2
php	1
tvtickets	1
wyznaczanie-trasy	1
techdirt	1
daveramsey	1
capitalone	4
dayjob	1
blogger	1
drdre	1
reddit	93
oneindia	1
campingworld	1
couchtuner	1
marionso	1
wild941	1
psu	2
teachingvisuallyimpaired	2
motherjones	1
sony	1
hyatt	1
touchbistro	1
animesuki	1
militaryfactory	1
cbtfl	1
howtomakeelectronicmusic	1
reclamefolder	1
intel	1
medicalnewstoday	1
mycohaus	1
browardpalmbeach	2
division	1
joshuakennon	1
spacemov	1
westernbeef	1
globalsources	2
dex-digital	1
pdx	1
saksfifthavenue	1
ekornes	1
asstr	1
mp3http	1
miamifl	1
usgs	1
flyingrobotics	1
k-var	1
tarheeltimes	1
factmonster	1
prisonlegalnews	1
notebookreview	1
verizon	3
alibris	1
steveshorr	1
advantagepetcenter	1
vogue	1
freemake	1
fox13news	1
yopriceville	1
findinternettv	1
linguee	3
chevydealer	1
ocps	5
mangafox	1
plaindigitalwrapper	1
foter	1
viamichelin	1
smartsheet	1
honda-tech	2
palmbeachoutlets	1
rogerandsuekuhnrealty	1
whowhatwear	1
miamidolphins	1
cswarzone	1
thewatchfullepisodes	1
puzzlersparadise	1
att	5
exampleessays	1
allposters	1
mckinnonmaterials	1
purplemath	2
sunharvestcitrus	1
homepath	1
sonycreativesoftware	1
searchall	1
baseball-reference	2
oldsouthbarberspa	1
gunshowtrader	1
upack	1
tennis-warehouse	1
prenhall	1
amateuralbum	1
continuouswave	1
upholsterycleaninghub	1
premierequipment	1
entrepreneur	3
champssports	1
zoho	1
caladesiferry	1
discovercard	1
quitsmokingcommunity	1
masterfile	1
porsche	2
pillsbury	1
clinicadam	1
dickssportinggoods	1
bestparking	1
tdbank	2
pinchofyum	1
azlyrics	4
mindtools	1
davesgarden	1
ourtime	1
seaworldcares	1
yelp	13
clubw	1
twitch	5
godonthe	1
westchestermemorials	1
dlsite	1
apartmentguide	2
timeforkids	1
bankofamerica	6
victoriassecret	1
mushrooms	1
eroticax	1
hostvpn	1
join	1
bbc	2
gibbscancercenter	1
youcandealwithit	1
st-johns	1
tvseriesfinale	1
suncoastcreditunion	1
chriscarrollauto	1
thepoolpros	1
unal	1
plexusworldwide	1
hitchrv	1
pugetsystems	1
commentcamarche	1
cleveland	1
ucumiami	1
fresh-hotel	1
keepstill	1
premiereorlandoshow	1
todoexpertos	1
kanuhawaii	1
rr	1
jobaline	1
thehumansonbroadway	1
breakpointalley	1
americanfreight	1
movie4k	1
bassresource	1
swellinfo	1
manateeschools	1
cbs	1
nxt-comics	1
floridachristian	1
cactus2000	1
clubpenguin	1
techtimes	2
wearegolf	1
poptropica	2
smartpoodlepublishing	1
rosebook	1
armslist	1
healthtap	1
fsulacrosse	1
emeraldgoddessgardens	1
loyaltech	1
alphaonefl	1
pbironman	1
peoplestylewatch	1
multiplication	1
thetimenow	1
slideshare	5
bytes	1
evangelicalrealism	1
straighttalk	2
usnews	6
khov	1
dropbox	2
elevatorshoes	1
myflorida	4
consumerreports	7
trsfab	1
scribd	2
freedownloadmanager	1
hecklerspray	2
coastlandcenter	1
nbcnews	4
star-telegram	1
control4	1
keywatchsystemsqld	1
lostmykitty	1
gaymaletube	1
chabadsf	1
pof	5
expansion	1
malwarebytes	3
coolmaterial	1
tigerdroppings	1
avsim	2
costcophotocenter	1
worthington-biochem	1
copaair	2
timewarnercable	1
uspesnazena	1
smooth-on	1
pussyspace	1
nfl	5
ju	1
geology	1
scienceblogs	2
reformjudaism	1
harborfreight	3
answers	12
cheapoair	5
yescoloring	1
ny	2
mapquest	8
discoverycove	1
ipstresser	1
lan	2
snakeriverfarms	1
asp	1
wildbillwholesale	1
rpmtrailersales	1
meleeitonme	1
kbb	10
course-notes	1
fox21news	1
dixierv	1
jdunderground	1
bulbagarden	2
rachel-feinstein	1
penthousegirls	1
thepoliticalinsider	2
tuscanypreserveliving	1
acne	1
sitcomsonline	1
extratorrents	1
jetblue	4
weekly-ads	1
justusboys	1
makentakegourmet	1
mdc	2
yourdictionary	4
chemistryislife	1
louisvuitton	1
brockport	1
redbox	2
searchcraigslist	1
poweroftwomarriage	1
sharperimage	1
jea	1
ibiblio	1
livingsocial	1
sheilajacksonmusic	1
philadelphiapass	1
xkit	1
geniusbox	1
sciencedaily	1
searoom	1
huffingtonpost	8
disney	4
metacritic	2
handicappedpet	1
cbd	1
runsignup	1
unixcl	1
tenforums	2
countryoutfitter	1
emojipedia	1
brides	1
ti	1
nintendo	3
tedcruz	2
nlcf	1
photo	1
uce	1
spydialer	1
sify	1
print-a-calendar	1
wikispaces	1
idealbite	1
watchfree	2
blowoutcards	1
icomamerica	1
mypreferredcare	1
shadowtrailer	1
gstatic	1
cbn	1
apkdownloadcenter	1
mathnation	1
havecamerawilltravel	1
pizzahut	4
danburymint	1
xmovies8	2
tfl	1
naxa	1
etsy	12
fishpond	1
smitefire	1
whitehouseblackmarket	1
polkcountyclerk	1
danbuoy	1
unitedrentals	1
tvxat	1
filehippo	3
csmd	1
mosi	1
inmigracionyvisas	1
jamplay	1
kodi	2
tallahasseesalsa	1
jetphotos	1
cubadiplomatica	1
familyfed	1
studentdoctor	2
rotowriters	1
woodgears	1
evga	2
usdirectoryfinder	1
flalottery	21
factmed	1
putmv	1
mp3	1
ctshirts	1
moz	1
city-data	1
tube8	1
corsair	1
fgua	1
margiemac	1
sprudge	1
terragauchasteakhouse	1
3blmedia	1
tamiamiford	1
sportsauthority	3
andromo	1
nbc-2	1
asesorialegal-amyos	1
dartsearch	7
mynaturalmarket	1
butterflyeffectbethechange	1
forever21	4
overclock	1
bhcosmetics	1
homephonewiring	1
indiana	1
theucguy	1
healthline	6
pushbt	1
apple	20
flaticon	1
fredsmarket	1
savvycard	1
pollotropical	1
asus	2
gnula	5
bjs	1
purebarre	1
dickblick	1
mygreatlakes	1
wowbrary	1
hudsonviewrealty	1
tamu	2
bevmo	1
lyricsontop	1
musiciansfriend	1
visitpanamacitybeach	1
suunto	1
maddawgjav	1
sportdog	1
ftbwiki	2
puredeming	1
disween	1
kitchensonclearance	1
rsvpvacations	1
verizonwireless	4
pornhub	40
smoky-mountain-properties	1
hidaya	1
gmpperformance	1
myfwc	1
xkcd	1
coffeecup	1
gonewiththetwins	1
arcadeprehacks	1
deathindexes	1
elnuevoherald	1
bizapedia	1
optimisingnutrition	1
capecodroaches	1
kanyetothe	1
roadstersolutions	1
wordcounter	1
nursesource	1
roomorama	1
operationsports	2
wordhippo	2
zeynepozbilen	1
miami-divorce-law	1
distressedmullet	1
sportsteamhistory	1
wwgoa	1
capitalone360	2
westernunion	1
evite	1
ihi	1
pensions	2
ebay	58
johnmbrunner	1
pokerstars	1
soft32	1
thechronicleherald	1
defuniaksprings	1
ikea	5
ufl	24
watchonlinemovie	1
allmusic	1
mcnellytorres	1
luckysmarket	1
nhra	1
hometheaterreview	1
moneygram	1
rottentomatoes	6
publicsurplus	1
circleofmoms	1
hackscheatskeygens	1
usedpriceinfo	1
multitest	1
whocaller	1
cuteandlittle	1
wellsfargo	20
sitepoint	1
usaa	2
blackdesertonline	2
kat	2
orlandorealestatephotography	1
gameex	1
christianbook	1
michaelcfina	1
wapa	1
