velvetsofa	1
npr	3
floralimited	4
ifttt	5
koofers	6
uic	14
universalorlando	15
elgintoyota	16
mhvillage	18
fanpop	20
steampowered	24
siu	25
chowhound	27
ipyme	28
snakemuseum	29
studentdoctor	30
buildabear	31
theinpaint	32
publicschoolreview	33
publimaison	34
gurl	36
rebuild-foundation	37
windowscentral	39
tacomaworld	40
hospitalitydesigns	41
scienceblogs	42
uslegal	43
forrent	44
mit	46
rockautodiscount	47
scholastic	48
boundless	50
linguee	51
bankrate	52
caregiver	53
summitracing	54
sculpteo	55
insidethemagic	56
godlikeproductions	57
hippiesinthe60s	58
zohostonefireplacemantels	59
kalendarzswiat	60
revbrew	61
championselect	65
commonsensemedia	66
badgeroneairsoft	67
thewindowsclub	68
pearsonmylabandmastering	69
sc	70
dancewearsolutions	71
pictoa	72
jimmyjohns	73
mapquest	77
creditonebank	78
destinylfg	79
qzermusic	80
wishesgreeting	81
curioustendency	82
andysautosport	83
gamestop	84
flyflv	85
careerealism	86
thismodernwife	87
myjewishlearning	88
skinnykitchen	89
careers	90
sp15	91
blackboard	94
buglogical	95
iptorrents	96
uav-review	97
umaine	98
bigtenstore	99
codersource	100
ephotozine	101
lifeedited	102
cookinggames	103
realself	104
freemusicarchive	105
master	106
jekyllbootstrap	107
gottabemobile	109
hometownlocator	110
galileo-camps	111
allrecipes	121
apassionforhome	122
cabin9design	123
adelaide	124
everyonestea	125
onlyinyourstate	126
gsb	127
penofin	128
nordvpn	129
instructure	130
timeanddate	131
freebookspaindownload	132
thepropheticyears	133
electricbike	135
chiefdelphi	136
purdue	139
healthyhowto	140
theknot	141
autohausaz	142
downdetector	143
dreamstime	144
rockfordforest	145
akc	146
8thcivic	147
ipadforums	148
paisleygraceboutique	149
lutsenresort	150
maturemoms	151
mensfitness	152
uservoice	153
highya	154
freesignprinter	155
mythicspoiler	156
lawnmowerforum	157
tirerack	159
funimation	160
brockport	161
onegreenplanet	162
andyroid	163
megashare	164
kraftrecipes	165
cookcountyil	166
venturebeat	167
6pm	168
ageofwar123	169
webcrawler	170
traillink	171
telewizjada	172
rockvalleycollege	173
quabook	174
weather	181
crowneplaza	182
hondafinancialservices	183
anilinkz	184
playdomforums	185
premierleague	186
totaljobs	187
healthgrades	190
raksanna	191
jardinesdeuleta	192
cooks	193
rodovid	194
governmentresource	195
frankfortparks	196
tv-envivo	197
zara	198
englishforeveryone	199
bestbuy	213
chinawhisper	214
trueachievements	215
sonycreativesoftware	216
springfieldsoho	217
greenlinkcharcoal	218
chapter7	219
tidyforms	220
shopjimmy	221
teachexcel	222
crosswordheaven	223
pastebin	224
mechanix	225
proaudioland	226
tagdef	227
gamesdreams	228
parkablogs	229
about	238
cima4u	239
expressvpn	240
cookingindex	241
griddlers	242
khaadionline	243
radiomuseum	244
wikipedia	497
defense	498
laurelofleaves	499
msn	502
onestepoffthegrid	503
sportys	504
valuewalk	505
orangetv	506
vh1	507
playstarbound	508
unitedautoinsurance	509
allthingspiano	510
elithecomputerguy	511
healthgrove	512
ucsfmedicalcenter	513
enablejapan	514
lot	515
rule34	517
myrecipes	517
freetvall	518
chase	531
satwcomic	532
projectq	533
cnalicense	534
lkqcorp	535
peoriacounty	536
mycampusloan	537
latintimes	538
discounttiredirect	539
ceskatelevize	540
goodhousekeeping	542
brassbrightcity	543
homecrest	546
ardencho	547
deadspin	548
3lostdogs	549
fretsonfire	550
shelovesbiscotti	551
vshare	552
everytrail	553
heartonyourwrist	554
gmtuners	555
illinoislottery	562
sidereel	563
cnn	572
doubleeagleclub	573
ticketmaster	575
cougarlife	576
familyhandyman	577
ehow	579
hm	581
theherald-news	582
elitestaffinginc	583
workplacebullying	584
ucdavis	586
jeditemplearchives	587
olx	588
pcgamer	590
addictinggames	591
trypornmovies	592
amitree	592
movietickets	593
muchohentai	594
torrentz	596
worldmarktheclub	597
silk	598
anybunny	599
jnto	600
kirklands	601
upwardlabs	602
asha	603
mathworksheetsland	604
firstambank	605
creditkarma	606
alibaba	608
beckett	610
radiofm-online	611
lurkerlounge	612
fieldandstream	613
lpcoupon	614
mypaymentsplus	615
xfinity	621
pornhub	656
baltimoresun	657
stonebrookresort	658
badasshelmetstore	658
skuvault	659
w3schools	662
chainsawsdirect	663
thisoldhouse	663
muzikair	664
bestreviews	666
curejoy	667
kowalskypage	668
cfcc	669
lollapalooza	670
1728	671
txtn	672
partylights	673
hcpss	674
capitalone	680
7see	681
androidauthority	683
biography	686
matureland	687
bmkgaming	688
fishthefox	689
skokielaoszechuan	690
hobbyking	691
fao	692
laurelberninteriors	693
priceplow	694
crawfordvillecommunity	695
luminous-landscape	696
dpreview	697
joyyee	698
uranovet	699
medscape	700
apartmenttherapy	701
quia	702
pwn	703
vwpartscenter	704
aarpmedicaresupplement	705
politics1	706
kizi	707
spiceworks	708
studio21ltd	709
progrescourtier	710
warbyparker	711
sprint	712
remax	715
inxile-entertainment	716
inc	717
justporno	718
choicehotels	720
euromonitor	721
patternreview	722
onbase	723
polishhearts	724
virtualrealityreporter	724
onehourtees	725
citra-emu	726
celebjihad	727
trincoll	728
sparknotes	734
pj64-emu	735
billboard	737
lexuspartsnow	738
seibertron	739
improvepresentation	740
couponfollow	741
marijuanacentral	742
dorkly	743
chicagotribune	749
linux	750
nationalbus	751
disney	752
boxcar2d	753
turntableneedles	754
github	760
spotify	763
pictureitpersonal	764
retailmenot	768
newpolandexpress	769
worklooker	770
aliexpress	771
tripadvisor	777
assdae	778
upm	779
studystack	780
hotels	781
todayifoundout	782
jkeats	783
camstudio	784
lanebryant	785
golfsmith	786
aacp	787
ts-sites	788
reddit	851
radziwill	852
serverfault	853
teamcc	854
hdxnxx	855
hobbypartz	856
retirenet	857
hotdeals	858
stickerguy	859
extendedstayamerica	860
jennrush	861
dietsinreview	862
electronics-micros	864
fangraphs	866
lexingtonlaw	868
lipstickalley	869
acehardware	870
chaptercheats	871
optionpit	872
flocabulary	873
choosechicago	874
puthiyathalaimurai	875
justbats	876
motherearthnews	877
thecalculator	878
keysrentalsonline	879
zondervan	880
tumblr	895
unity3d	897
ycusd	898
agariot	899
cc	900
reverso	901
hobbshousebakery	902
terminatordia	903
movie4k	904
davesgarden	906
rutgers	907
metafilter	908
stageagent	909
ed	913
joann	916
royalenfield	917
chamberlain	918
downloadandprint	919
cia	920
xilfy	921
statisticbrain	922
theoaklandpress	923
oovoo	924
cosmopolitan	925
live2hustle	926
menupages	927
businessinsider	930
plantzafrica	931
clipconverter	932
partycity	933
darksoulsdeaths	934
math	935
elitedaily	936
realfakeid	937
findthedata	938
canon	939
phofever	940
zipcodestogo	941
funbrain	942
humbleabode	943
youtubetime	944
healthtap	945
goldmansachs	946
musica	947
brainyquote	949
bodyshopbusiness	950
brainmass	951
ibiblio	951
y8	952
advanceautoparts	954
broadwayinchicago	955
shrm	956
kfvs12	957
zap2it	958
stclementschool	959
wellsfargo	960
landscapingnetwork	961
threadless	962
coursehero	970
wrestlezone	971
crunchyroll	975
youtube-mp3	979
iobit	980
tirmsdev	981
unglobalcompact	982
gamepedia	990
usanglerschoice	991
sbhyd	992
quizzclub	993
yoy	994
cheapoair	996
carolinagunrunners	997
tokyocheapo	998
leafly	999
corral	1001
gasshaneyfh	1002
victimsofcrime	1003
lamar	1004
bfmtv	1005
upward	1006
familydollar	1007
cusackortho	1008
winnerschapelbham	1009
adobe	1013
chicagology	1014
stoa	1015
referenceforbusiness	1016
teen	1017
avantgardendecor	1018
kissanime	1019
profootballfocus	1020
jamendo	1021
supercheapjapan	1021
porn	1022
basketweaving	1023
esquire	1026
diablofans	1029
historyteacher	1030
emgpickups	1031
addapinch	1032
indiatimes	1033
inside-outmedia	1034
rapidtables	1036
tekeme	1037
ctfootandanklesurgery	1038
dummies	1039
boomersbaseball	1040
delta	1042
avito	1043
dreamessays	1044
1800gotjunk	1045
autozone	1047
adultfriendfinder	1048
apocalypse-world	1049
convert2mp3	1050
warmheartedmatchmaking	1051
amiami	1052
porsche	1053
vitamindcouncil	1054
microcenter	1055
newegg	1057
airwolf3d	1058
aetherforce	1059
bloodalcoholcalculator	1060
whrhs	1061
history	1064
alsumaria	1065
bgames	1066
walmart	1080
everesttech	1081
ea	1084
shopstyle	1085
suntimes	1087
usgamer	1088
hbonow	1091
lyricstranslate	1092
hayneedle	1093
siena	1094
pussyspace	1097
guaranteedrate	1098
centricparts	1099
dailyexcelsior	1100
folica	1101
office	1103
lunapic	1103
sj-r	1104
apartmentguide	1105
na	1107
mlbplatemusic	1108
xda-developers	1111
fuckcombustion	1111
zillow	1122
zoosk	1123
budgetautosaleswi	1124
oakgem	1125
techiehq	1126
nonprofitaccountingbasics	1127
cobragolf	1128
casio	1129
cbs	1130
gimp	1131
iainfisher	1132
aspencommunities	1133
thebetterfish	1134
nekretninemilosevic	1135
bbc	1138
dotlan	1139
wikia	1200
vmusic	1201
zoomtel	1202
zoptv	1203
pz-mods	1204
chainreactioncycles	1206
thepiratebay	1209
helenhayeshospital	1210
lovetoknow	1211
hbo	1216
houselogic	1216
systemrequirementslab	1217
charlotterusse	1218
griefandsympathy	1219
studyblue	1220
imgur	1225
seriesflv	1226
ovguide	1227
turtlesrestaurant	1229
meltingpot	1230
fxnetworks	1231
reallygoodfakes	1231
simsvip	1232
collegestoreonline	1233
woodgears	1234
readthedocs	1235
aim400kg	1236
sparringmind	1237
tinyhouseblog	1238
ppy	1239
autonationtoyotalibertyville	1240
mystore411	1241
study	1245
overstock	1251
listaka	1252
pentestmonkey	1253
autobytel	1254
perifacts	1255
utopian-villas	1255
boattrader	1256
golden-tv	1257
roblox	1259
wdboyce	1260
alixpartners	1261
womensshoeguide	1262
fictiondb	1263
ctunet	1264
mochamoms	1265
dogme95	1266
ubnt	1267
namu	1267
ubuntu	1269
edheads	1270
hardwarezone	1271
twitter	1297
dwavesys	1298
nadaguides	1299
ronbigelow	1300
wiziq	1301
fold3	1302
hindupedia	1303
getpocket	1304
godaddy	1305
thermofisher	1306
newadvent	1307
atom	1308
solvusoft	1309
valuecityfurniture	1310
naperville203	1311
piperboutiques	1312
delish	1313
idownloadblog	1314
payless	1315
kenrockwell	1316
rightdiagnosis	1317
ncsweetpotatoes	1318
perfectgirls	1320
airbnb	1321
sportsauthority	1322
babynames	1323
pc	1324
quizlet	1342
esea	1343
darvin	1344
cu-portland	1345
motorola	1346
wizard101	1347
cougarboard	1348
eagle	1349
howtogeek	1353
tagged	1354
lianascrap	1355
listentoyoutube	1356
homeofpoi	1357
technobuffalo	1358
autohotkey	1359
hiawatha426	1360
lorextechnology	1361
aol	1363
john-tom	1364
chicagomotorcoachinc	1365
psio	1366
agrilicious	1367
ecoproductsstore	1368
seedranch	1369
psychcentral	1370
harley-davidson	1371
fluentin3months	1371
wowhead	1380
pixelbuddha	1381
supremecarbon	1382
runeapps	1383
etsy	1390
simhq	1390
cafepyrenees	1391
picmonkey	1392
nordstromrack	1393
winecountrygiftbaskets	1394
healthshare	1395
bingapis	1395
paparaco	1396
cyberdriveillinois	1397
sorensonmedia	1398
comcast	1401
underthegunreview	1402
chicagoparthenonhostel	1403
thefederalist	1404
movie4au	1405
mowersdirect	1406
spoilertv	1407
doz	1408
jcpenney	1409
deviantart	1412
chicos	1413
thepunkeffect	1414
flightaware	1415
smackjeeves	1416
doityourself	1417
tiffany	1418
alibris	1418
dlsite	1419
songmeanings	1420
funerals	1421
lotterypost	1423
thefreedictionary	1424
zazzle	1427
whs	1428
cunivj	1429
bhbc-nc	1430
leguide	1431
ikea	1432
spaceflightnow	1433
footlocker	1436
sbnation	1439
polishangel	1440
oneparking	1441
spanko	1442
apple	1450
windycitynovelties	1451
citationmachine	1455
redwolfairsoft	1456
shivarweb	1456
mutantsandmasterminds	1457
telerik	1458
merriam-webster	1461
salary	1462
wpolityce	1464
vividseats	1465
mskcc	1466
gulfnews	1467
bext	1468
recipesthatcrock	1469
discountbible	1470
hyatt	1471
findmybarclaycard	1472
male-celebs-naked	1473
jimsmotors	1474
snagajob	1477
thesims	1479
freewaregames	1480
midwestweekends	1481
civicforums	1482
uahealth	1483
orland-park	1484
zombiemart	1484
ign	1492
shopinprivate	1493
sciencedirect	1494
keenfootwear	1495
darkorbit	1496
safeharborparts	1497
inverse	1497
webmd	1501
poringa	1502
raybradbury	1503
wrestlingrevealed	1504
dailyburn	1505
thefloorwalkers	1506
tvguide	1507
tutorialspoint	1509
bustynudebabes	1510
vanillavisa	1511
mardigrasneworleans	1512
aa	1516
bebitalia	1517
pbskids	1518
kurufootwear	1519
famousfootwear	1521
delawareonline	1522
steamcharts	1523
keywestexpress	1524
americanbar	1525
poltronesofa	1526
stream2watch	1527
dict	1528
aip	1529
wakeup-world	1530
frogkun	1531
selwynschool	1532
loanmls	1533
californiaavocado	1534
singlemomsincome	1535
umich	1537
infoplease	1538
newsweek	1539
wwe	1541
bmoharris	1543
avast	1544
genvideos	1545
usbank	1549
terraclicks	1550
enjin	1551
docebo	1552
nadignewspapers	1553
businessprofiles	1554
bobvila	1554
dogreference	1555
bcbsil	1557
psu	1561
icloud	1562
harborfreight	1563
savespendsplurge	1564
cypressdebayte	1565
petsuppliesplus	1566
goredbirds	1567
globalspec	1568
pnc	1570
nbcsports	1574
weightwatchers	1575
newsoftheweird	1576
adweek	1577
mobafire	1581
belcherlawoffice	1582
publicrecords	1583
haytalk	1584
zkjellberg	1585
tvrage	1586
carrier	1587
meczyki	1589
blenderartists	1590
restaurant	1591
obsproject	1593
phpublicsearch	1593
tilomitra	1594
woodweb	1595
pcworld	1596
dropbox	1598
toobnetwork	1599
roomsurf	1600
kola-radotin	1601
ww2airsoft	1602
sosmath	1603
dorkdiaries	1604
gardeners	1606
beachtowns	1607
openairpowersports	1608
myeboga	1609
ups	1613
123ponds	1614
java	1615
thecannabist	1616
hbowatch	1617
domu	1618
segmentnext	1618
nike	1619
badoo	1620
cheapflights	1621
nakedpornpics	1622
faena	1623
steakeat	1624
mujersincadenas	1625
zamzar	1626
legionisci	1627
davidwolfe	1628
8bob	1629
rose	1630
mycandylove	1631
autographmagazine	1632
everydayhealth	1635
thecraftsmanblog	1636
simplyhired	1638
hiddenvalley	1638
chinatraveldiscovery	1639
designntrend	1640
genius	1644
chicagoist	1646
rondomusic	1647
golf	1648
globalhealingcenter	1649
strategywiki	1650
nationstarmtg	1651
lifehacker	1652
caloriecount	1653
ark-servers	1654
giantbomb	1655
xpmedical	1656
ada	1657
nine-st	1658
skypegrab	1659
archchinese	1660
theverge	1662
khanacademy	1663
palmettostatearmory	1664
paramountaurora	1665
thedailyneopets	1666
pwc	1667
progressive	1668
findthecompany	1669
energizer	1670
hoursinfo	1671
loft	1672
digikey	1673
bookzz	1674
galenet	1675
thayers	1676
glamradar	1677
queensboro	1678
northwestern	1680
instituteonline	1681
trademarkia	1682
showmecables	1683
sss	1684
waytorussia	1685
wsj	1688
dreamtown	1689
usajobs	1690
groupon	1691
warframe	1693
neimanmarcus	1694
setlist	1695
onlineclock	1696
similarpages	1697
popmatters	1698
vassarstats	1699
leagueoflegends	1702
lento	1703
academicworks	1704
wkow	1706
whocallsme	1707
teamfortress	1708
officearticles	1709
thriftyfun	1710
uncommonhelp	1711
teksystems	1712
usnews	1713
mozilla	1715
prodigygame	1717
emathhelp	1718
waze	1719
sabnzbd	1721
enterprise	1722
experienceproject	1723
glenbardnorthhs	1724
zennioptical	1725
eatthis	1726
webpaws	1727
adtr	1728
yardsignsearch	1729
damnlol	1730
blackdeserttome	1731
iagcargo	1732
framewarehouse	1733
cloudynights	1734
differencebetween	1735
gta5cheats	1736
fishpo	1737
cmt	1738
tubepatrol	1739
brown	1740
cheaperthandirt	1741
alegriashoes	1742
amrevmuseum	1743
fntpost	1744
varsitytutors	1745
coventryhealthcare	1746
dogpenrescue	1747
illinois	1766
labyrinth2	1767
zoom	1768
chron	1771
fatsecret	1772
barclaycardus	1773
classicrockgarden	1774
asimn	1775
mindtools	1775
donotcall	1776
discoverthis	1777
truthorfiction	1778
h1z1	1779
yeticoolers	1780
backpage	1782
pinotv	1782
tappedout	1783
ticketfly	1784
zumvo	1785
prezi	1787
gmanetwork	1788
elizabethanenglandlife	1789
brainpop	1790
markertek	1791
aon	1792
majorsurplus	1793
wifr	1794
alexanderlozada	1795
addictionblog	1796
utah	1797
byo	1798
minecraft-server-list	1799
adultswim	1800
gageparkhs	1801
edgl	1802
play181	1803
easy	1804
znanylekarz	1805
basspro	1807
papajohns	1808
europa	1809
ntnu	1810
realtor	1818
puatraining	1819
digitaltrends	1819
cinemablend	1822
fieldmuseum	1823
madison	1823
thecatholictelegraph	1824
chicagoredstars	1825
random	1826
informationweek	1827
animestigma	1828
gettyimages	1829
keystonerv	1831
allkpop	1832
imdb	1863
horoscope	1864
vacuumland	1865
luc	1867
zomato	1868
dimr	1869
mangaupdates	1870
chaturbate	1873
blog-peliculas	1874
dogfoodadvisor	1875
perlmaven	1876
ixl	1878
christianpost	1879
barnesandnoble	1884
practicalclinicalskills	1885
politifact	1886
culvers	1887
essaymania	1888
usedmotorcycles	1889
parkland	1891
marcofavaretti	1892
easports	1892
commercetx	1893
mynewsla	1894
ilmason	1895
accuweather	1899
abc7chicago	1901
michaels	1902
scribd	1903
cheaptickets	1904
vox	1909
thekjvstore	1909
wineweb	1910
marijuana	1910
polygon	1912
hitfilm	1913
kutasoftware	1914
verizonwireless	1915
biblegateway	1921
gasmask-bong	1922
play-well	1923
homelocatorsinc	1924
callthetop	1925
portal-toontownfellowship	1926
putlocker	1928
orientaltrading	1929
toypoodlerescue	1930
chess	1931
zzcartoon	1933
bestfundingsolutions	1934
techcrunch	1934
transitchicago	1937
cokeandpopcorn	1938
1001fonts	1939
icicibank	1941
tvtropes	1943
abt	1944
campusreform	1945
vaping360	1946
probuilds	1947
sas	1948
piriform	1949
organic-chemistry	1950
ww2aircraft	1951
webcams	1952
yogasandals	1953
newlesbiantube	1954
kenosha	1955
egvsoccer	1956
edmodo	1957
nastyz28	1958
eventful	1959
fox	1961
dreamhost	1962
t-mobile	1967
dualshockers	1968
theguardian	1971
baseballprospectus	1972
bbcamerica	1973
searchincognito	1976
lime-technology	1977
audiofanzine	1979
obxcampground	1980
moveoneinc	1981
live	1987
luxuryhousesitting	1988
sideroadcycles	1989
discogs	1992
watchseries	1993
pof	1994
themexpert	1995
coloringcastle	1996
easybib	1998
citibank	1999
armaholic	2000
lenovo	2001
livescience	2001
pinterest	2018
holyhill	2019
einthusan	2020
steelers	2021
pcmag	2024
dyson	2025
hhs	2026
aboutus	2027
hotbirthdays	2028
etihad	2029
containerhomeplans	2030
takepart	2031
berkeley	2032
cabelas	2034
sennheiser	2035
yourdictionary	2037
foxsports	2038
algebra-class	2039
creativemarket	2040
calculator	2041
answers	2043
thoriq	2044
qualitydiscountlighting	2045
informer	2046
focusonnature	2047
cams	2048
accordions	2049
pearson	2050
maxpreps	2051
xbox	2053
gamefaqs	2071
latimes	2074
svtperformance	2075
bulbagarden	2078
goal	2079
sportsmansoutdoorsuperstore	2080
jbalbertos	2081
studyrama	2082
hockeydb	2084
myfreecoach	2085
minecraftforum	2089
touringplans	2090
cern	2094
metrolyrics	2098
wanderu	2099
paypal	2108
extratorrent	2109
dawn	2110
fakku	2111
speedof	2112
ca	2113
mis-suenos	2114
tripwireinteractive	2115
b-flowers	2116
uscarriers	2116
reverb	2117
gearslutz	2118
thomsonreuters	2119
childrensplace	2119
bustle	2119
worldshottestdrivers	2120
liveauctioneers	2121
webstaurantstore	2122
turfshowtimes	2123
sherwin-williams	2124
urbanoutfitters	2125
shutterfly	2126
ivanhoffman	2127
lavazza	2128
miamioh	2130
omegajanitorial	2131
wikifeet	2133
homefacts	2134
cfake	2135
agu	2136
metrarail	2137
icns	2138
wealthymatters	2139
wm	2140
automobile-catalog	2141
opencorporates	2142
illinoiscourts	2145
consolegameswiki	2147
visual-arts-cork	2148
livinlite	2149
resumeok	2150
wiscnews	2151
rottentomatoes	2153
bankofamerica	2155
target	2162
onlinecreditcenter6	2163
softpedia	2164
nudim	2165
roboticstrends	2165
hawkchevy	2166
madehereinamerica	2167
citi	2169
hp	2174
bellwethercorp	2174
cndirect	2175
constitutioncenter	2176
pron	2177
mod-minecraft	2178
poststar	2179
ahima	2180
talladegasuperspeedway	2181
fulbright	2182
chathamacademyhs	2183
technorms	2184
appracticeexams	2185
psypokes	2186
gardeningblog	2187
dominos	2189
kyobobook	2190
smith	2191
favolcano	2192
mysql	2193
news-gazette	2194
startbootstrap	2195
naturalhealth365	2196
vegas	2197
amnh	2198
westeros	2200
thoughtcatalog	2201
collegeboard	2205
remingtonle	2206
projectfreetv	2207
bestbedsheetsreview	2208
naiomt	2209
foodnetwork	2212
choosemyplate	2213
unc	2213
princeton	2214
rotoworld	2215
geico	2216
ionainteractive	2217
ddpigroast	2218
whatsapp	2219
livestrong	2227
tweepi	2228
boschautoparts	2229
protown	2230
nuggetbridge	2231
curse	2233
ntu	2233
docs	2234
rootmygalaxy	2234
redtri	2235
do312	2236
futbolred	2237
xhamster	2244
influenster	2244
likweti	2245
movieplotholes	2246
epubor	2247
practicalcycle	2248
gaysocialites	2249
silvermooninn	2250
watersedgegolf	2251
rnrfonline	2252
winteriscoming	2253
flyfrontier	2254
radioshack	2255
lobstertube	2256
wowinterface	2257
americanexpress	2258
joemath	2259
bioskop99	2260
howinfantilizedareyou	2261
seabrookwa	2262
zapmeta	2263
trustedreviews	2264
fhm	2265
blacklightrun	2266
stationindex	2267
studydroid	2268
allpsych	2269
abchomeopathy	2270
patientliftsystems	2271
chrysler	2272
c-k	2273
mysimon	2274
fsbil	2275
upworthy	2276
whattoexpect	2278
moviescounter	2279
ultimate-guitar	2281
lasvegas	2282
thejigsawpuzzles	2283
tor-fashion	2283
elranchoinc	2284
enkivillage	2285
bonappetit	2285
go	2302
ameblo	2303
jobs68	2304
estatesales	2305
shaving-shack	2307
resolume	2308
justanswer	2309
cheap-r	2310
autotrader	2312
femmeactuelle	2313
focusrite	2313
agar	2314
lt1swap	2315
geni	2316
rent	2316
swimuniversity	2317
ghostekproducts	2318
chicagomanualofstyle	2319
popularfreeporn	2320
ionloop	2321
perurail	2322
staples	2323
itbn	2324
wordsense	2325
encyclopedia	2326
thebitbag	2327
gamer	2327
android	2328
virginmobileusa	2329
thoroughlyreviewed	2330
myhentaicomics	2332
d155	2333
voirfilms	2334
powerball	2338
senate	2339
stjoeedgerton	2340
iwillteachyoualanguage	2340
phoo	2341
reviewed	2342
swedishcovenant	2343
google	2588
tinyhouselistings	2588
prozis	2589
serebii	2590
listchallenges	2591
hotwire	2591
whca	2592
flipkey	2592
lee-mac	2593
oreillyauto	2593
ukulele-tabs	2594
grimdawn	2595
minecraftvillageseeds	2596
mgoblog	2597
shoedazzle	2598
i2symbol	2599
buxomcosmetics	2600
desmos	2601
insanejeepaudio	2602
lego	2603
spsmw	2604
migrainetrust	2604
themadfermentationist	2604
medicinenet	2605
oo-rah	2606
chicagojobresource	2607
ebooklib	2607
publico	2608
icy-veins	2610
heavy-r	2611
wcicfm	2612
ccc	2613
allreaders	2614
67-72chevytrucks	2615
lushstories	2616
age-of-the-sage	2617
navyfederal	2618
time	2619
lifespanfitness	2620
minecraftskins	2621
carpricesecrets	2622
ggpht	2623
lids	2624
denofgeek	2625
gpushack	2626
kayoutlet	2627
babble	2628
carfax	2629
prokerala	2630
slither	2638
depaul	2641
wondershare	2641
downtoday	2642
agb	2643
sociologytwynham	2644
supernaturalwiki	2646
eclipseselect	2647
hollywoodtake	2648
fastmaps	2649
mcdonalds	2650
e-odchudzanie	2651
mayoclinic	2655
portalroms	2656
fextralife	2669
first-online	2670
dealnews	2671
thesweethome	2672
dealerrater	2673
mompreneuradvice	2674
supremesourcepet	2675
bladeandsoul	2676
homedepot	2690
irvingconstructionco	2691
stackoverflow	2708
lovefrance	2709
fleckensteins	2710
creativebloq	2711
all-that-is-interesting	2712
aao	2713
bigfishgames	2715
rpi	2716
houzz	2717
noisecreep	2718
wareable	2719
fortune	2720
tube8	2721
cadillacfaq	2722
9gag	2723
kentuckyderby	2724
barrelmakerprinting	2725
honeyfeed	2726
addoncrop	2727
getbodysmart	2728
neopets	2730
marriott	2731
revzilla	2732
nycgovparks	2733
ptable	2734
mobilism	2740
aglr	2741
rendlake	2742
cambridge	2743
togetherweserved	2744
sportsturfonline	2745
amctheatres	2746
rabbitsreviews	2746
metropolisarts	2747
mbwi	2748
dailymotion	2753
zabkat	2754
mirror	2756
gpnotebook	2757
iconosquare	2758
silvergames	2759
prudentialsecurity	2760
ahifs	2761
nba	2764
growingagreenerworld	2765
bethel	2766
merrittwellness	2767
greatvaluecolleges	2768
designpoly	2769
anandtech	2770
pornvideoq	2771
airsoftforum	2771
childnetwork	2772
netflixable	2773
readingagency	2774
dailysignal	2775
wikimedia	2778
daltonstate	2779
yify-torrent	2780
smartphonesforum	2781
drivy	2782
openwrt	2783
jstor	2784
deerantlerstore	2785
360musicng	2786
paheal	2787
ets	2789
si	2793
gokartsusa	2794
aimsweb	2795
presentermedia	2796
maxfeel	2796
oldertube	2797
playlistresearch	2798
nih	2807
techrepublic	2809
opposuits	2810
thirdgen	2811
printingforless	2812
mediamass	2813
maplecroft	2814
outdoorgearlab	2815
animoto	2816
otodom	2817
linkedin	2825
iwantelite	2826
azlyrics	2832
bigideasmath	2833
dwlake	2834
historywiz	2835
heavy	2836
starbucks	2837
ldolphin	2838
torproject	2839
atlchris	2840
nyaa	2841
tommyjohnsonmusic	2842
public	2843
chepstechs	2844
pelispedia	2845
pornbraze	2846
pokemon	2847
sfgate	2851
facebook	2962
whitepages	2971
cntraveler	2972
thehealthymanguide	2973
myfreecams	2974
bitcoinminer	2975
cbssports	2976
vice	2977
nature	2978
virtualrealporn	2978
trivago	2979
slingshotforums	2980
siriusxm	2981
cnet	2986
anysex	2986
hentaimama	2987
usmagazine	2988
kellydeanhansen	2989
businesswritingblog	2990
gogoanime	2993
mazdausa	2994
treehugger	2995
hybridz	2996
igeeksblog	2997
w-p	2997
freerepublic	2998
beautyconceptssalon	2999
minecraftposts	3000
ping	3001
zedge	3002
futhead	3002
thewavelength	3003
faccents	3004
millionmilesecrets	3005
masters	3006
myspace	3009
ruralking	3010
applevacations	3011
perennialcycle	3012
sextubefuck	3013
brepols	3014
muller-honda	3015
improvisedshakespeare	3016
ngemu	3017
apartments	3019
videocardz	3020
flagman	3021
issuu	3022
wikidot	3023
royinsushibarevanston	3024
costco	3026
pigmantri	3027
straighttalk	3028
venmo	3029
cjfiore	3030
megabus	3031
budgetsimple	3032
worldofsolitaire	3033
personalizedcoolerchair	3034
truity	3034
finehomelamps	3035
howtopronounce	3037
danteonline	3038
brainly	3039
youx	3040
gizmodo	3041
justfly	3042
wilsonauction	3042
ilstu	3043
thegreatharryhoudini	3044
villagecrossingniles	3045
vacationstogo	3046
beyondyoga	3047
northlight	3048
trickflow	3049
survivornudity	3050
scrubsmag	3051
finecooking	3052
sandisk	3053
pubfilm	3054
unitedfiregroup	3055
persona5	3056
darklordday	3057
gracechapelonline	3058
spencersonline	3059
caranddriver	3060
pizzahut	3061
animalhouseshelter	3062
toyotanation	3063
cavemag	3064
abricu	3065
legendofgrimrock	3067
philcoradio	3068
younow	3069
gallowayprecision	3070
greenfarmhd	3071
e-hentai	3074
nordstrom	3076
kenh14	3077
echo1shop	3078
hopefaithprayer	3079
davita	3080
kukuklok	3081
makeuseof	3082
eonline	3083
sofrep	3084
d214	3085
bgr	3087
advfn	3088
descargadictos	3089
magicmagazine	3090
thiendia	3090
responsivewebmobile	3091
uber	3092
ableton	3093
tripod	3095
desiserials	3096
gelifesciences	3097
ku	3098
spankbang	3099
grainger	3100
extremetech	3100
waynetwp-il	3101
honda	3103
appliancepartspros	3104
askannamoseley	3105
odysseycruises	3106
aspenwinds	3107
therefuge-roanokeisland	3107
downloadbeast	3107
regis	3108
beersmith	3108
phiphi-cabana	3109
ustream	3111
wpjobboard	3112
t-shirtforums	3113
walkscore	3114
inteknutrition	3115
comedycentral	3116
greetingcarduniverse	3117
wps60	3118
justia	3119
hdmovie14	3121
thedivisionlfg	3122
farmgirlgourmet	3123
whbschools	3124
zeepedia	3125
military	3126
museumofthegrandprairie	3127
happywheelsaz	3128
waow	3129
allaboutbirds	3130
sims4updates	3131
autoguide	3131
hollywoodlife	3133
dandwiki	3136
wbir	3137
barenecessities	3138
usps	3140
deco	3141
bnd	3143
scripps	3144
smodcast	3145
noxxic	3146
mediatakeout	3147
noodle	3148
ventaporcatalogoenusa	3149
usatoday	3152
rvparkreviews	3152
athletico	3153
gazeta	3154
athemes	3155
self	3156
interstatebatteries	3157
doghealth	3158
iu	3159
tcfbank	3162
hearthpwn	3166
escapehomes	3166
gayfuckingboys	3167
booksmobile	3168
gpacalculator	3169
netflix	3176
snowplowforums	3177
mbfinancial	3179
educationworld	3180
ew	3182
nskies	3183
pfsense	3184
healthline	3187
solitr	3188
inhumanity	3189
cdw	3190
aerosoles	3191
balivilla4bedroom	3192
minecraft	3193
techradar	3198
harryanddavid	3200
anonvoyeur	3201
fanniemay	3202
jackrabbitdance	3203
stpiusri	3204
bookrenter	3205
ohmymag	3206
imospizza	3207
greatist	3210
popsbeef	3211
dollarsandsense	3212
cupnoodles-museum	3213
glitchet	3214
my-favorites-list	3215
pennysaverusa	3216
uhaul	3217
straightdope	3218
farmvilledirt	3219
wilcoworld	3220
photomath	3221
vrbusinessbrokers	3222
abercrombiekids	3223
cinemastar	3224
whitehouse	3225
gmc-uk	3226
pantheonmmo	3227
southwest	3228
spinmaster	3229
hotmath	3230
kat	3233
k2nblog	3234
firstnational	3235
pcpartpicker	3236
1stdibs	3237
kerbalspaceprogram	3238
parents	3239
husqvarna	3240
nhl	3243
ndtv	3244
marcogolfandgarden	3245
hand2mind	3246
ktla	3247
weddingwire	3248
safer-networking	3249
apunkagames	3250
rcn	3251
entenmanns	3252
viator	3253
ssa	3255
irs	3259
electronics-tutorials	3260
augusta	3261
wizard101central	3262
cookcountyrecord	3263
multidvd	3264
bootswatch	3264
lolking	3265
nfl	3266
slothygeek	3267
cutepdf	3268
800notes	3269
mheducation	3271
smartfoxserver	3272
printrunner	3273
pier1	3274
oodle	3275
asus	3276
fasttech	3277
focalpointlights	3278
localharvest	3279
dairyqueen	3280
searspartsdirect	3281
cnhubei	3282
mp3goo	3283
cbsnews	3286
bearchive	3287
ourladyofthewoods	3288
salisburyfirstpres	3289
coolmath-games	3294
alsiplibrary	3295
tincuprvpark	3295
amazon	3373
unicorns	3374
allanwolf	3375
clubarmada	3376
blueman	3378
mathforum	3379
yahoo	3438
savagearms	3439
realclearpolitics	3442
cai	3443
bleacherreport	3446
wiley	3446
teacherease	3447
guntecusa	3448
uchicago	3451
zbiornik	3452
cayugacreative	3453
draftkings	3454
industrialladder	3455
proquest	3456
currieford	3457
harvard	3459
cosmolearning	3460
head-fi	3461
scribol	3462
dailymail	3472
compare99	3473
mediaplex	3475
uscis	3476
architectural-review	3477
nexusmods	3487
everything2	3487
hy-vee	3488
dfvveterinarydiagnostic	3489
fox32chicago	3490
philosophynow	3490
studyzone	3490
mangafox	3492
bonitapoolandspa	3493
rewardsnetwork	3494
realchange	3495
componentsupplycompany	3496
tlcbythelake	3497
pitt	3498
animowane-gify	3499
themeforest	3500
readingandwritingproject	3501
gepe	3502
ivcc	3503
ask	3504
edge-gamers	3505
indulgy	3506
ticketfeelitigation	3507
nolo	3509
ultimateteam	3509
free-anatomy-quiz	3510
stubhub	3513
designinstruct	3514
kafeteria	3516
chegg	3522
mytvlive	3522
golf67	3523
d211	3524
nero	3525
sunnyneo	3526
unimi	3527
canoe	3528
datpiff	3529
ecumenicalnews	3530
ivona	3531
breakingmuscle	3533
greenmangaming	3534
forsalebyowner	3535
freewebsitereport	3536
hubspot	3537
emsd37	3538
unifiedremote	3539
debatewise	3539
wszystkoociasteczkach	3540
honeymoons	3541
thrivemarket	3542
ibtimes	3543
alphr	3544
swtor-holo	3545
rmecu	3546
indiewire	3548
paloaltonetworks	3549
worldsex	3550
mattressfirm	3551
berka	3552
journaltimes	3553
sling	3554
hbogo	3556
teacherspayteachers	3557
allmusic	3562
fuelspace	3562
homestead	3563
gamesfreak	3564
harpyness	3564
goldcoastplasticsurgery	3565
aurora-music	3566
antijokes	3567
kidney	3568
coach	3569
maps	3571
food	3572
alohatube	3573
scoreland	3574
tosarang2	3575
soundcloud	3579
sears	3583
metoffice	3584
barkauchevbuick	3585
thenewparentsguide	3586
stanthonyshospital	3587
priceline	3590
aaareplacementparts	3591
minnesotaasa	3592
slice	3593
roomster	3594
candlepowerforums	3595
waubonsee	3596
vintagemotorcyclesparesaustralia	3597
getbankingdone	3598
perapera	3599
lmais	3599
eat24hours	3599
yankeecandle	3600
iww	3601
gamepur	3602
smartertravel	3603
physicsclassroom	3604
usdirectexpress	3605
jlsil	3606
addresses	3607
sparkleinpink	3607
verabradley	3608
plex	3610
salon	3610
blackanddecker	3611
cuttingedge	3612
atlantafalcons	3613
danielfooddiary	3613
wattpad	3614
gamespot	3616
boysblogs	3617
rockfordscanner	3618
treeseedsindia	3619
kickstarter	3620
grammarist	3623
carm	3624
bethesda	3625
navsource	3625
continuum	3626
recapthelaw	3626
askmen	3629
bcycle	3630
tpe	3631
openelec	3632
army	3633
wolnelektury	3634
dogfightink	3635
neatoshop	3635
cps	3637
patagonia	3638
groupme	3639
bmw-motorrad	3640
nvidia	3642
tvn24	3644
coolgaymovies	3645
tnaflix	3646
metro	3647
tirebuyer	3648
fluentu	3649
okcupid	3650
daybreakgames	3651
mlb	3654
nwitimes	3655
slideshare	3658
dmnews	3659
okayplayer	3659
investoholic	3660
resumeworld	3661
capacitorindustry	3662
lisimg	3663
rubbermaid	3664
tp-link	3664
stabo-imports	3665
mabinogiworld	3666
modernbathroom	3667
mitsubishi-tv	3668
aoa	3669
macworld	3672
coed	3673
ssistalk	3673
ffxiah	3673
babysupermart	3674
weebly	3674
rvpartscountry	3675
diyplanner	3676
altamontco	3677
meijer	3678
sciencekids	3679
drawinghowtodraw	3680
bhg	3681
nbaplayoffsbracket	3682
hpb	3683
greenzebrachicago	3684
ugotuj	3685
9d0af0alde	3686
java-made-easy	3687
finaid	3689
lookingforlyrics	3690
bkstr	3691
mezzoguild	3691
uwaterloo	3692
examiner	3693
cbslocal	3694
tmz	3696
drudgereport	3697
geekdo-images	3699
univision	3700
thesaurus	3702
reservationcounter	3703
illinoisrighttolife	3704
charitynavigator	3705
statefarm	3706
asmallorange	3707
911tabs	3708
upack	3710
pomodorotechnique	3711
lupus	3712
weedporndaily	3712
wmzpr	3713
bereisland	3714
infowars	3715
mrinitialman	3716
wisc	3717
taringa	3718
southlandloghomes	3719
themoviespoiler	3719
bookrags	3720
studentuniverse	3721
hongkiat	3722
brazzers	3723
mariowiki	3724
timeout	3725
webinpaint	3725
cardgamedb	3726
allmenus	3727
jayride	3728
pornjam	3729
flyingjizz	3730
mangagamer	3731
anon-ib	3731
yify	3732
solarplastics	3733
pudelek	3734
mashable	3736
epicurious	3737
tynon	3738
mediacombb	3739
ittoolbox	3740
themattressfactoryinc	3741
xnxx	3749
sustainablesupply	3750
lakeshorelearning	3751
chilistogo	3752
desjardins	3753
clinicaladvisor	3754
hard8trading	3755
imagecomics	3756
drugs	3758
arabic-keyboard	3759
mlive	3761
principessaboutique	3761
lawdepot	3762
fox5vegas	3763
michigan	3763
babiesrus	3764
forestriverinc	3765
shoj	3766
emulator-zone	3768
officedepot	3770
variety	3771
ccsubs	3772
softsurroundings	3773
benefits-of-honey	3774
musixmatch	3774
waysidegardens	3775
speedtest	3776
vegasworld	3778
swarthmore	3779
house-property-land-sale	3780
smamums	3781
elle	3782
catholiceducation	3783
bitcointalk	3784
marvel	3787
insigniaproducts	3788
pgatour	3789
allthetests	3790
myfico	3792
thedivinemercy	3793
cheapcruises	3794
shouldiremoveit	3795
nursingplanet	3796
realitychick	3796
spokeo	3797
wqad	3798
pomponik	3799
1stucc	3800
carolscorneroffice	3801
gamebanana	3803
sokanu	3803
govoffice	3804
leatherbooks	3805
javus	3805
whiteoutpress	3806
piperclassics	3807
discoveryeducation	3808
jivaro	3809
napervilleparks	3810
stylight	3811
recipe4living	3812
openprimaries	3813
glass	3814
pbs	3818
viewmenu	3819
mathway	3820
entrepreneur	3822
electriciantalk	3823
cheaponlinecolleges	3824
usp	3825
rehabmeasures	3826
awpagesociety	3827
jewelosco	3829
crownservices	3830
herschelsupply	3831
tubxporn	3832
expedia	3836
enworld	3837
metrochicagojobs	3837
bedbathandbeyond	3840
bloomberg	3841
chicagoparent	3842
northbynorthwestern	3843
julieseatsandtreats	3844
googleusercontent	3845
courierpress	3846
calls	3847
pdfcomplete	3848
marieclaire	3848
jeremiahjohnsonband	3849
vanityfair	3850
naszemiasto	3852
weeb	3854
thorlabs	3855
arstechnica	3856
zendostudios	3857
thewatchseries	3860
hotrod	3861
vimeo	3863
descargatelocorp	3864
rogerebert	3865
grabemsnacks	3866
spanishdict	3867
guru3d	3868
snapguide	3869
commune-mairie	3870
cms	3871
gogoair	3872
ebeltz	3872
hightimes	3874
indycar	3875
nadra	3876
behtoop	3878
chipotle	3879
baidu	3880
constantines	3881
dealsea	3882
hornbunny	3883
giants	3884
eatcu	3885
zensoftware	3886
filabits	3887
pdfonline	3888
bromptonjunction	3889
gopro	3890
videolan	3891
opensecrets	3892
vatican	3893
aptoide	3894
investopedia	3896
rpggeek	3896
hollyfame	3897
askubuntu	3898
peoplesgasdelivery	3899
explorepeoria	3900
percentagecalculator	3901
microsoftonline	3902
shopandsavemarket	3903
aihitdata	3904
okayafrica	3905
gamersnexus	3905
savaperovic	3906
cppib	3907
tistory	3908
youporn	3915
maxuce	3915
giphy	3916
thecarconnection	3918
virology-online	3919
pcchong	3920
boardgamegeek	3921
sevenforums	3924
waves	3925
scientology	3926
efaucets	3927
studylight	3928
leancuisine	3929
yoursavegames	3930
ccsu	3931
motherjones	3931
setuprouter	3932
nailartspa	3933
marthastewartweddings	3934
sallybeauty	3935
wolframalpha	3936
hauntedhouses	3937
filmstudies	3938
winecoolerdirect	3939
glassdoor	3941
time4learning	3942
sissycrossdress	3943
liberty	3944
4pics1wordanswer	3945
dupageforest	3946
coxtechnic	3947
exoticanimalsforsale	3948
sveikinimai	3949
cornell	3950
city-data	3951
issues	3952
alliancebank	3953
mangahere	3955
themanechoice	3956
chicagobusiness	3957
nascar	3959
italianrenaissance	3959
jacksonvillesavings	3960
batchgeo	3961
jobsinmunich	3962
sprawdzodleglosc	3963
ussindependencecv-62	3963
finerwithage	3964
brutalmoose	3965
amtrak	3967
noiseaddicts	3968
hemorrhoidstlouis	3969
academia	3970
bobsblitz	3971
boobsgenie	3972
npmjs	3973
hknsjsu	3974
tsseduction	3975
offerupnow	3976
hgtv	3977
pinimg	3979
echile	3980
styleblazer	3981
goodreads	3984
thelearningodyssey	3985
obconline	3986
myfreeblack	3988
thechive	3990
psnprofiles	3991
keylimecove	3992
coldwellbankerhomes	3993
marshmallowupgrade	3994
ravinia	3995
niedziela	3996
nine9style	3997
mwconcreteservices	3998
sharpteksupply	3999
macys	4004
dailyherald	4005
usembassy	4005
wingstop	4006
chicagokids	4007
servethehome	4008
transportamerica	4009
rcpsych	4010
varagesale	4011
magicjudges	4012
smartinsights	4012
mathsisfun	4013
etymonline	4014
drivethelife	4015
niu	4017
heartsite	4017
quotegarden	4018
bab	4019
standnplant	4020
biblehub	4023
potrawyregionalne	4024
united	4026
eventticketscenter	4027
smartthings	4028
theamericanconservative	4029
deathindexes	4030
chat-brasil	4031
slitherio	4032
custhelp	4033
techverse	4034
listland	4035
brucecharlesworth	4036
wine	4037
movoto	4038
ucpress	4038
planetjuly	4039
eluniverso	4040
builtinchicago	4040
allalliedhealthschools	4041
stylecaster	4041
eavise	4042
cookrecorder	4043
illinoistheatrefest	4044
boingboing	4045
impactguns	4046
el-ladies	4047
borderland-legion	4048
wildabouthoudini	4048
nasa	4052
factmonster	4053
livecareer	4053
supercheats	4055
findwhocallsyou	4056
kanecountyfair	4057
trulia	4061
atkmodels	4062
themuse	4063
audioboom	4064
christianitytoday	4065
sagepub	4067
fanfiction	4069
noscarros	4070
walgreens	4072
thetruthbball	4073
easybreathe	4074
chicagoreader	4075
leftseat	4076
swfchan	4077
ebay	4095
conceptodefinicion	4096
dugnorth	4097
greaterkashmir	4098
chatzy	4099
rustafied	4100
benderbuildersinc	4101
huffingtonpost	4109
avenlaw	4110
askanjali	4112
phoenix	4113
transitized	4114
fandromeda	4115
baseball-reference	4118
xvideos	4137
runningintheusa	4137
bitchesofbackpage	4138
diabetes	4139
restaurantsupply	4140
englishgrammar	4140
shopify	4141
agilent	4142
tcm	4143
bankatfnb	4144
justjared	4145
el7l	4146
washbroker	4147
secondlife	4148
livenation	4149
blazersedge	4150
woodlands-junior	4151
mtv	4152
b4x	4153
crazygames	4154
hechingerreport	4155
seriouseats	4158
chaski	4159
mchenry	4160
commpropmgt	4161
mobipicker	4162
sublet	4163
when-is	4164
immigration-help	4165
shophousingworks	4166
mrwaynesclass	4167
gstatic	4167
h2owirelessnow	4168
ladida	4168
memrise	4169
opinionoutpost	4170
themanual	4171
cannondale	4172
opentable	4174
gentlebirthcare	4175
bionaire	4175
iseek	4176
huntingtontheatre	4177
milb	4179
amputee-coalition	4180
quoteland	4181
cafeastrology	4182
ahacentraloffice	4183
youjizz	4184
detroitlions	4185
man7	4186
gardeningknowhow	4189
coachbuild	4190
gofundme	4192
candidatecare	4193
grubhub	4193
skylinecottages	4194
readwritethink	4195
hoover	4196
saintpaul	4197
fujifilmusa	4198
teluq	4199
kmart	4200
youcaring	4201
xojane	4202
fordfoundation	4203
coloradomountainschool	4204
pornharmony	4205
eggsclusivecafe	4206
northwoodcomp	4206
ucsc	4207
steampoker	4208
passlot	4209
gemplers	4209
klipsch	4210
cgsi	4211
couchtuner	4212
tvpolsky	4213
afterhoursfilmsociety	4214
instagram	4228
yachtworld	4230
gamerescape	4231
ovulation-calculator	4232
reimageplus	4233
zimbrickhyundaiwest	4234
cliffsnotes	4235
toaster	4236
businessdictionary	4238
swagbucks	4239
basketball-reference	4240
pandora	4242
learntomato	4243
pveducation	4244
igcre	4245
gameloft	4246
tradownload	4247
enotes	4251
ruger	4252
eagle-mt	4253
compassclassroom	4254
slate	4257
chicagoparkdistrict	4258
kane	4259
frogstore	4259
zulily	4260
cafepress	4261
opusdei	4262
snapchat	4263
myanimelist	4266
obparks	4267
chicagobotanic	4268
prinsotel	4269
researchmaniacs	4270
theatermania	4270
christmas-treasures	4271
commentcamarche	4272
parkridgelibrary	4273
247solitaire	4274
arcgames	4275
thingiverse	4276
thefutoncritic	4277
elsevier	4278
shaw	4279
navient	4280
peapod	4281
omegafilters	4282
badlogicgames	4283
avis	4284
bestbuymetals	4285
theahl	4286
kittyhawk	4287
fastestwhois	4288
jellyneo	4289
kingarthurflour	4290
starckre	4291
wallethub	4293
secureserver	4294
playstation	4301
mymanga	4302
oracle	4306
gosunoob	4306
thesilvercentre	4307
intelius	4308
freenas	4309
lapoflove	4310
uillinois	4312
findlaw	4312
songkick	4313
thecouponproject	4314
cookinglight	4315
legacy	4316
wolfram	4318
rt	4319
tulsaworld	4320
crosswordgiant	4321
decalgirl	4322
oldnavy	4324
cvs	4328
post-punk	4329
mlbtraderumors	4330
bandcamp	4330
c-span	4331
tamrielvault	4331
matthewpablo	4332
cram	4333
vistaprint	4334
androidpit	4336
quickanddirtytips	4338
kbb	4339
casetext	4339
knowyourmeme	4342
rmrv	4343
alchement	4344
univ-lyon1	4345
zappos	4347
wordpress	4357
lelandsbarns	4358
ministry-to-children	4359
thepoliticalinsider	4360
utexas	4362
macrumors	4363
ancensored	4364
sonobello	4365
bcbs	4366
florencewebguide	4366
befunky	4367
usda	4370
findagrave	4374
reference	4375
guildwars2	4378
nissanusa	4379
match	4381
wiktionary	4384
rrrather	4385
success	4386
publicrecords360	4387
worldsoccershop	4388
terminix	4389
legacy-project	4389
redfin	4393
woodworkingmagazineindex	4394
hentairules	4395
caffmoscommunity	4396
ontheissues	4397
uiowa	4399
secondcitycop	4400
thetvwatercooler	4401
uspresidentialelectionnews	4402
alot	4403
uwrf	4404
kensdiecastconstructionmodels	4405
sonyentertainmentnetwork	4406
myfestivalvisit	4407
secondcity	4408
abebooks	4408
code42	4409
inquisitr	4412
imagefap	4414
craigslist	4436
knowaboutcostarica	4437
sclv	4438
instructables	4440
raptr	4441
truevalue	4442
dell	4448
serenesforest	4449
ifishillinois	4450
1000bulbs	4451
churchleaders	4452
lowes	4457
discover	4458
gunlink	4458
stclair-ilgs	4459
nudist-life	4460
yvwiiusdinvnohii	4461
battle	4471
managementparadise	4472
sportsrageous	4473
e-chords	4474
aureya	4475
coupons	4476
nitrotype	4478
cycletrader	4479
vrbangers	4479
samsung	4480
allstays	4480
ewtn	4481
accenture	4483
tablesinwonderland	4484
blueapron	4485
quotationspage	4486
mylife	4487
safeassign	4488
freedieting	4489
theatlantic	4490
ashford	4491
education	4492
fattigerworkshop	4493
sony	4494
cuni	4495
tamu	4495
hbr	4497
lawinfo	4497
cashvideotube	4498
physicsforums	4499
brandonsanderson	4500
condorcycles	4501
renren	4502
toptenreviews	4503
wsiltv	4505
hencam	4506
ortega	4507
minnesotanorthwoods	4508
fineartamerica	4509
myloweslife	4510
fox2now	4513
madamenoire	4514
americanthinker	4515
pornav	4515
govliquidation	4516
thenest	4517
mysynchrony	4518
nesaporn	4520
proprofs	4521
onhax	4522
psychologytoday	4525
teespring	4526
carmax	4527
navy	4527
mikedavissql	4527
nwherald	4528
lrytas	4529
aircraftdomain	4530
dnainfo	4531
aarons	4532
mpei	4533
softonic	4538
umr	4539
dashcamtalk	4540
xg4ken	4541
shockingmovies	4542
quora	4551
phoenixtoysonline	4552
aeromexico	4553
researchgate	4555
beeg	4556
sudokukingdom	4557
uhc	4558
jegs	4559
spacemov	4561
snopes	4563
crowniehq	4564
hungryforchange	4565
80stees	4566
selfgrowth	4567
python	4570
wttw	4571
firehousepizza911	4572
chicagoopenair	4573
metric-conversions	4574
readingalquran	4575
washingtonpost	4576
yellowpages	4578
kundaliniproblems	4579
chicagopolice	4580
toyboxcollectible	4581
playbuzz	4582
duke	4582
nhentai	4584
collaborativeclassroom	4585
greenpeace	4586
newmediarockstars	4587
discounttire	4588
galaxys8info	4589
apelectric	4589
tfw2005	4590
andrew-drummond	4591
bookthingo	4592
nickjr	4593
americanmuscle	4594
spaceengineers	4595
unitedstateszipcodes	4596
musiah	4597
antique-jewelry-investor	4598
eham	4599
gardenersnet	4600
tamilyogi	4601
indeed	4604
wunderground	4605
toro	4606
ucbbank	4607
entropedia	4608
naturalproductsinsider	4610
iflyboise	4611
jackcolton	4612
successatschool	4612
fandango	4613
mycokerewards	4614
g2a	4615
e-classical	4615
wayfair	4616
techtimes	4618
heart	4619
hardforum	4620
ufl	4620
gq	4621
freewptheme	4622
blifaloo	4623
dailydot	4624
wisconsin	4625
plurk	4625
cwtv	4626
stackexchange	4636
airstreamclassifieds	4637
in	4638
tuoitre	4639
geraldsubarunorthaurora	4640
moodle	4641
cockos	4641
wgntv	4642
amarillo	4643
foursquare	4644
victoriassecret	4646
bigcartel	4647
thoughtfullearning	4648
combatreels	4649
porndoo	4650
internships	4651
moddb	4652
wikihow	4663
carsons	4664
miniclip	4665
today	4666
ar15	4668
tsroadmap	4668
scorecardrewards	4669
suppliesoutlet	4670
logitech	4671
peoplesmart	4672
tomshardware	4675
scholarshipamerica	4676
celticwoman	4677
grandcentralterminal	4678
gematsu	4679
triangl	4680
tasteofhome	4682
zombievshuman	4682
wirefly	4683
fedex	4686
allstate	4687
nicorgas	4688
guesstheemoji-answers	4689
nistune	4690
cbp	4691
rockauto	4692
minecraftforge	4693
metro-toyota	4694
americanpatriottreeservices	4695
photoshop	4696
deadline	4696
qrz	4697
goodnesstobe	4698
huddlehouse	4699
r-project	4700
cheatsheet	4701
codementor	4701
dreamtheater	4702
mangastream	4703
mailinator	4704
dickssportinggoods	4705
ameren	4710
sdmesa	4711
fashionnova	4712
aaii	4713
bigdickmenvideos	4714
plexusworldwide	4715
stardewvalleywiki	4717
premierpropertiesresidential	4717
michaellutin	4718
femaledom	4719
kongregate	4720
nypost	4721
myntra	4722
moneycrashers	4722
twitch	4727
resumegenius	4728
tractor	4729
resumehelp	4730
menards	4732
forbes	4736
chicagobrewbus	4736
redtube	4742
elearningindustry	4743
palomar	4744
rei	4745
stewmac	4745
wired	4747
rollingstone	4748
joyfay	4748
jfccenter	4749
dailycaller	4751
pfged	4752
4chan	4753
mylust	4754
earlybirdbooks	4755
realorrepro	4756
allcommunityevents	4758
withings	4759
terraria	4760
edmunds	4764
petsmart	4765
fixya	4768
ilsos	4769
soundqubed	4770
elgenero	4771
sugar-gliders	4772
midwayusa	4773
nationalbikechallenge	4774
generalassemb	4776
coconuts	4776
bellperformance	4777
area-porno	4778
nytimes	4785
graphics	4786
uscourts	4787
aprovecha	4788
usmortgagecalculator	4789
northshore	4790
indiegogo	4791
cookingissues	4792
d20pfsrd	4794
zonealarm	4795
d303	4796
ancestry	4797
bittorrent	4798
shmoop	4799
dogtunnels	4799
thechicfashionista	4800
guitarcenter	4802
indieretronews	4802
geforce	4803
onsales717	4804
grabagun	4805
kissmanga	4806
fda	4807
jet	4808
yelp	4815
greysheet	4816
digital-photography-school	4817
onet	4820
independent	4820
cnbc	4822
holley	4823
tsa	4825
luggageforward	4826
moviepilot	4827
yorkdale	4827
codepen	4828
slutload	4829
customzombiemaps	4830
feed-the-beast	4831
myfitnesspal	4832
kauffmancenter	4833
marketwatch	4834
vpngate	4835
techtarget	4835
kohls	4839
lazada	4840
techsupportalert	4840
gurufocus	4841
telegraph	4843
blockglbrailroad	4844
ffilms	4845
dofake	4845
clevercycles	4846
mrmoneymustache	4847
cam4	4848
newhealthadvisor	4849
buddhamind	4850
osaka-peoria	4851
consumerreports	4853
box	4854
blender	4855
eurofootball	4856
copblock	4857
vk	4859
kayak	4861
bestfreewebresources	4862
vndb	4863
state	4870
consumeraffairs	4871
haier	4871
payscale	4872
effortlessanthropologie	4872
films-regarder	4873
intel	4874
foxnews	4878
flatlandforge	4879
coreldraw	4880
newsmax	4881
survivalcommonsense	4882
bhphotovideo	4882
wi	4883
youtube	5141
cargurus	5143
nextwarehouse	5144
tarnow	5145
satellitesolutions	5146
putlocker9	5147
kingdomofloathing	5148
justintvespanol	5150
ratemyprofessors	5153
banks-america	5154
newvision	5155
gwrramachapterf	5156
lyricsmode	5157
boredbug	5158
lifehack	5159
motorcyclespecs	5160
convert-me	5161
webdirectorydigest	5162
daylilies	5163
bodybuilding	5164
cheezburger	5165
gameskinny	5167
myvidster	5169
urbandictionary	5176
worldweb	5176
uberpartnerschicago	5177
photonesta	5178
iit	5180
dictionary	5186
britannica	5187
elyrics	5188
steamcommunity	5199
kotaku	5201
reviewupdated	5202
hltv	5203
kopps	5204
blogspot	5205
poptropica	5206
evensi	5207
royalcaribbean	5208
alljobopenings	5208
johnangotti	5209
overidon	5210
sportige	5211
playscripts	5212
accesscommunityhealth	5213
v-moda	5215
bhevolution	5216
ulta	5219
bestdatingsites	5219
canadaswonderland	5220
bestdeals2015	5221
edwardsharpeandthemagneticzeros	5222
yooying	5222
seniorartistsinitiative	5223
wizards	5229
jeuxvideo	5230
intmath	5231
alchemycheatsheet	5232
bluestoneperennials	5233
color-hex	5234
apalimarathi	5235
koreus	5236
geekandsundry	5237
buzzfeed	5241
spinxo	5242
microsoft	5258
snapav	5259
sexovideos	5260
goodsearch	5262
discountdance	5263
idigitaltimes	5266
nydailynews	5266
tacobell	5267
codis-aquitaine	5268
ivyroses	5269
