mathbits	1
telescoping-pole	1
midamericanenergy	2
rivals	1
iowaassessors	1
englishclub	2
go	1
starz	1
bukkit	1
unitedmethodistwomen	1
iowastatefair	1
cricfree	1
thehighroad	1
lmaobox	1
mineralfusion	1
alliantenergy	1
bandcamp	1
explorerforum	1
cnet	1
twokitchenjunkies	1
aq	1
pcadvisor	1
hubspot	1
yahoo	11
wikimedia	1
conjugation-fr	1
hurrythefoodup	1
esa	1
fareway	1
americanneedle	1
csgobig	1
alibaba	1
tantramag	1
nextlevelworship	1
mediaplex	1
gardenweb	1
schneidercorp	1
lol-academy	1
wordpress	4
davis	1
w3schools	1
arstechnica	1
rvtrader	1
cio-today	1
audiogon	1
graphic-design	1
mesacc	1
travelzoo	1
zamzar	1
discogs	1
partsgeek	1
biomedcentral	1
hollywoodlife	1
spca	1
twitter	5
sourcemaking	1
hearthpwn	2
forestcityeducation	1
sd	1
soundation	1
weightwatchers	1
disneychannel	1
whereseric	1
okstate	1
listverse	1
mathwarehouse	1
porn365	1
scoutingmagazine	1
hbo	1
humanesociety	1
westbrookbrewing	1
geeksquad	1
fextralife	8
eclipse	1
cheaptickets	1
preservationnation	1
deweydodgejeep	1
chegg	3
poshmark	1
d20pfsrd	2
mensfitness	1
simplyrecipes	1
xpadder	1
bingapis	1
islamqa	1
nationalparkstraveler	1
driscolls	1
bbcgoodfood	1
vermontcastings	1
scoutapp	1
wikidot	2
realtruck	2
pcworld	1
wellmark	1
tunein	1
sidereel	1
repairclinic	1
bgames	1
setuprouter	1
gpen	1
samsclub	1
nytimes	4
godrinks	1
linkedin	1
wowhead	2
loopnet	1
softonic	2
kastatus	1
hutchff	1
serebii	1
garrysmods	1
louisianabelieves	1
librarybooklists	1
pcastuces	1
petfinder	1
gimp	1
primewire	1
theatlantic	1
primenwine	1
varietytrainer	1
usatoday	2
cbssports	1
bonecareers	1
desmoinesregister	1
deere	1
github	1
hpmor	1
samsung	1
mlb	2
newhomesteadloghomes	1
pw	1
studyblue	1
wikinews	1
c21theharrelsongroup	1
hormelfoods	1
oskaloosa	1
costhelper	1
thefreedictionary	3
makeuseof	1
clarinet-saxophone	1
icgov	1
rapidnet	1
partselect	1
mercola	1
agar	1
mozilla	2
retailmenot	2
cancer	1
manta	1
citicards	1
kickasstrips	1
dollargeneral	1
nexusmods	2
cableone	3
noridianmedicare	1
ted	1
iowadnr	1
aprs	1
playstation	1
paypal	1
porch	1
whitepages	1
thomascarnival	1
coroflot	1
panera-iowa	1
dtvideo	1
breitbart	1
lisco	1
youtube	61
rav4world	1
neowin	1
metalsdepot	1
primagames	1
crooksandliars	1
kalynskitchen	1
oldthreshers	1
donanimhaber	1
peachyforum	1
campustalkblog	1
medicinenet	1
ovguide	1
keenfootwear	1
reservationcounter	1
elbaitshop	1
white-mthope	1
pandora	1
iberia	1
homesteadingtoday	1
gunandgame	1
msn	1
vanguardngr	1
sporcle	1
cargurus	1
imdb	4
celebjihad	1
wevideo	1
thisoldhouse	2
duke	1
trulia	2
paganpresence	1
wayfair	2
tactical-life	1
crpiusx	1
marshall	1
allurebridals	1
speedtest	2
hotels	1
plumdusty	1
govdeals	1
ebuyusa	1
inkfrog	1
luckybrand	1
nonbinary	1
mazdausa	1
spoonflower	1
nicc	1
thereedmachine	1
eatingwell	1
hairymaturepics	1
crossroadscarco	1
bhpsnj	1
iboats	1
softwaretestinghelp	1
billsbros	1
nymag	1
cardgames	1
belangerracingproducts	1
8muses	1
nssf	1
minecrafthasrunoutofmemory	1
bank-northwest	1
andkon	2
wiktionary	1
homedepot	1
sunshinestrailers	1
ducksters	1
justporno	1
tactics	1
vividseats	2
laptopmag	1
allacronyms	2
hclips	1
caddy500	1
iowafc	2
hueber	1
waterlooblackhawks	1
mit	1
sprint	1
realclearpolitics	1
education	1
bettycrocker	1
booking	1
jianshu	1
menards	1
mtv	1
search	1
nascar	1
ecklundmotorsports	1
wqad	1
knowyourmeme	3
discover	1
zonalandeducation	1
hottubworks	1
thekitchn	1
superuser	2
uga	1
dallascowboys	1
airbnb	1
lamar	1
alphaindmfg	1
thomsonreuters	1
michaels	1
roku	1
reifffuneralhome	1
layersofhappiness	1
backstage	1
247hearts	1
picmonkey	1
vox	1
craigslist	7
icicibank	1
pinimg	2
loyolapress	1
ew	1
citethisforme	1
weather	1
coursehero	2
thesaurus	1
psychforums	1
justanswer	2
teamyp	1
aiomp3	1
windows7themes	1
easybib	1
crowwinghistory	1
redditlist	1
nabp	1
rue21	1
bollynook	1
epicurious	1
bmdgunstocks	1
dailymail	3
nvidia	1
epicsaholic	1
411	1
pornmaturetube	1
lovehentaimanga	1
zapier	1
4imprint	1
healthcarelogistics	1
rockauto	1
humanbenchmark	1
masterherald	1
eeuroparts	1
centurylink	1
caseys	1
navy	1
vatican	1
live	2
yellowpages	1
wikipedia	41
lacybella	1
unitconversion	1
cornbeltauctions	1
nobleknight	1
backpage	1
mum	1
hitbox	1
lawyer	1
thedieselstop	1
hulu	1
amazon	27
avantidestinations	1
ign	2
lowellsun	1
kinolorber	1
spine-health	1
hallmarkchannel	1
investopedia	1
mangareader	1
slither	2
cityofwaukon	1
animationsource	1
netflix	4
elle	1
export	1
veridiancu	2
jet	1
cnn	2
whattoexpect	1
mercedesbenzdesmoines	1
cardinalcorner	1
everydayminerals	1
jcpenney	1
winefolly	1
nih	3
benjaminmoore	1
iowacityschools	1
gobsn	1
chatroulette	1
myfreecams	1
mddionline	1
introversion	2
icy-veins	1
marriott	1
equipmenttraderonline	1
tacobell	1
leatherup	1
baixarcdstorrent	1
kmaq	1
w-delaware	1
triumphrat	1
urbandictionary	2
bidnessetc	1
zillow	2
tumblr	3
tunefind	1
winteriscoming	1
gita-society	1
kellenho	1
hosmerhonda	1
iowacentral	1
thestudentroom	1
pbskids	1
wiu	1
alliancechicago	1
appass	1
shadowflareindustries	2
games	1
xhamster	1
sport195	1
hinesauctionservice	1
esampleletters	1
google	38
wafflesatnoon	1
dells	1
brewersfriend	1
jimmyjohns	2
brownells	1
improvingyourmemorytechniques	1
planethernando	1
acmetools	1
petco	1
peavey	1
legacy	2
siouxcountysheriff	1
hp	1
factorio	2
totalfratmove	1
gamefaqs	5
foodnetwork	3
deviantart	3
kcci	1
kvraudio	1
golfmagic	1
hoodamath	1
mmorpg	1
financesonline	1
everyjobforme	1
lovetvshow	1
feed-the-beast	1
canalcafetheatre	1
mirror	1
loveknitting	2
chairs4gaming	1
cpubenchmark	1
goodreads	2
dashnet	1
wired	1
firstcrcrv	1
latintimes	1
softsurroundingsoutlet	1
polkcountyiowa	1
heritageqc	1
newyorker	1
bhphotovideo	2
talkshoe	1
agentiadepresamondena	1
bargainside	2
aboutfamilycrafts	1
maidofthemist	1
allaboutvision	1
toshiba	1
siouxcityforrent	1
musixmatch	1
stackexchange	2
labarchives	1
amishcraftedlogcabins	1
realsimple	1
amd	1
hamanasi	1
cityfeet	1
bad-dragon	1
maturealbum	1
tomshardware	3
findlaw	1
qcairport	1
zeasorb	1
shopthegreatescape	1
allegiantair	1
scentsy	1
etrailer	1
lg	1
sfgate	3
starcelebs	1
marines	1
obsproject	1
sun-sentinel	1
247sports	1
about	2
roll20	1
piriform	1
shelbydentalcare	1
uesp	1
idrc	1
intuit	1
theeasygarden	1
gonintendo	1
prettydesigns	1
gamesradar	1
rentapart	1
minimalistbaker	1
desmos	1
kohls	1
childrensbulletins	1
flagshipconstruction	1
shopko	1
usda	1
newspapers	2
daveknapik	1
reddit	14
overstock	2
campingworld	1
pickleballcentral	1
openaprs	1
pottermore	1
psu	1
decoraheaglecamalerts	1
edmunds	1
realpage	1
theyfit	1
progressivepioneer	1
surlybikes	1
ankenyschools	1
wdmcs	1
e-chords	1
gingersoftware	1
merriam-webster	1
mashable	1
diamondjo	1
landwatch	1
hawkeyesports	2
raisetheflagreport	1
makeupalley	1
pdx	1
usgs	1
globalgeeknews	1
copart	1
powerball	1
scotts	1
momson	1
sterlingautogroup	1
scruggsfarm	1
ca	1
voyeur-villa	1
padmapper	1
connie-zhou	1
mom	1
studymode	1
thegearpage	1
promocodesforyou	1
tsheets	1
comchoicecu	1
gunsamerica	1
cueflash	1
dubuquebank	1
cliphunter	1
nasa	1
att	1
aa1car	1
claytoncountyiowa	1
uiowa	1
stanford	1
throwingshade	1
strategicbusinessinsights	1
quora	6
theguardian	1
nadaguides	1
sevenforums	1
webmd	1
toysrus	1
vintagecooperatives	1
newhondareviews	1
professor-oak	1
minecraftforge	1
rp-photonics	1
guitarworld	1
projectfreetv	1
babynamespedia	1
travelocity	1
buzzfeed	1
dickssportinggoods	2
fuzzyhedgehogpress	1
steamcommunity	6
azlyrics	4
meizu	1
nps	2
virtualdj	1
physicsforums	1
bustle	1
pathofexile	1
oskynews	1
kalahariresorts	1
quill	1
thegazette	1
emuparadise	1
macrumors	1
battle	1
literotica	1
cambridge	1
wikia	18
beeculture	1
davidccook	1
conversationswithcleo	1
mediacomcable	1
nmtccoalition	1
united	1
cinemark	1
klxsw	1
tripleblaze	1
mvtimes	1
powerstrokenation	1
intermotive	1
heirloomsewingforchildren	1
genpink	1
palmergroup	1
skyandtelescope	1
dddbbb	1
apartments	1
enduro-mtb	1
hqtube	1
destinationtips	1
oldstylemuaythai	1
nbcnews	1
iherb	1
garyclarkjr	1
pgatour	1
cis	1
forgottenoh	1
rverscorner	1
callerdetails	1
uweci	1
hilton	1
walmart	4
babypips	1
malwarebytes	1
onyxbits	1
bodybuilding	1
nist	1
genesis-movement	1
over-blog	1
kayak	1
jmcc	1
espritlibre	1
nfl	2
siouxcityjournal	1
freshpatents	1
cheaphotels	1
ctrlq	1
youtube-mp3	1
rakuten	1
rei	1
ny	1
mapquest	2
polk	1
sears	1
doitbest	1
uscellular	1
bikeradar	1
tv	1
cabelas	2
aol	1
whatscheaper	1
smithfh	1
revzilla	1
allrecipes	1
elp	1
icing	1
htcvive	1
johnbridge	1
androidfeens	1
getitwriteonline	1
realtor	1
fanfiction	1
fccmoline	1
worldwidelearn	1
thegamecrafter	1
deeranddeerhunting	1
acehardware	1
treeofsavior	1
cycletrader	1
victoryfordonline	1
lifebuzz	1
todaytranslations	1
imgur	1
huffingtonpost	2
hoobly	1
kuailebz	2
tvguide	1
raymond	1
metacritic	2
vimeo	2
quizlet	6
barnesandnoble	1
facebook	26
biblegateway	1
minorhockeychat	1
windstream	1
tenforums	1
wdbqschools	1
bellevuestatebank	1
ti	1
wordnik	1
threadless	1
tdsmeter	1
bethesda	1
convert-me	1
kaango	1
press-citizen	1
grimdawn	3
theprintful	1
zocdoc	1
kanatitires	1
grammarly	1
target	1
metafilter	1
sweetwater	1
cartoonnetwork	1
educateiowa	1
d20srd	1
mangapanda	1
etsy	2
godfathers	1
wikihow	3
adams	1
mwatoday	1
pornxxx	1
gemrockauctions	1
quicksprout	1
showtickets	1
healingwow	1
arbys	2
homes	1
csgohouse	1
flickr	1
alteclansing	1
uservoice	1
state	1
bellamerabridal	1
cfu	1
myanimelist	1
gcflearnfree	1
irs	3
skype	1
justataste	1
tuxtorrent	1
tripadvisor	3
vanguard	1
marcustheatres	1
playmates	1
sportsauthority	1
nightlinx	1
hmc	1
cox	1
how-to-whiten-teeth-blog	1
judgmentcall	1
pinterest	6
orbitz	1
crucialvacuum	1
iastate	2
marionheritagecenter	1
rentshriver	1
halhigdon	1
dermstore	1
vintagecampertrailers	1
thermatru	1
healthline	3
rent	1
apple	3
moviesub	1
howtogeek	2
css-elca	1
enkivillage	1
ultimate-guitar	2
mangahere	1
xvideos	3
multifamilyassociates	1
dictionary	1
managehr	1
cultureiq	1
calicohutchquiltshop	1
hqhomemaintenance	1
activeherb	1
musiciansfriend	1
leafly	1
100searchengines	1
archives	1
wolfram	1
oldnavy	1
thesandtrap	1
michigan	1
mayoclinic	1
iowa	1
folgerscoffee	1
runescape	1
autobytel	1
iowadot	1
moftalk	1
cr	1
lcms	1
pornhub	7
verizonwireless	2
rossstores	1
publicrecords	1
wavealchemy	1
stackoverflow	5
foxsports	1
bobistheoilguy	1
radiohead	1
worldwidewords	1
weareillinois	1
microsoft	9
tmz	1
atlasfishing	1
holybooks	1
lucidchart	1
kcrg	1
rci	1
deep-south-usa	1
ms	1
ebay	11
grassrootsmusicfest	1
mail-archive	1
uline	1
myharmony	1
rottentomatoes	1
nudewomenx	1
bikeforums	1
dupaco	2
microsoftonline	3
practicalecommerce	1
thisiswhyimbroke	1
gameofthronesseason6stream	1
usaa	1
wellsfargo	1
unlockingthebible	1
sciencebob	1
giantitp	1
timeanddate	1
wicca	1
texsunpools	1
