saddlebaglakeresort	1
teamliquid	1
collegefactual	1
ebikeuniverse	1
go	1
knee-pain-explained	1
thecarconnection	1
bukkit	1
central-manuals	1
ecoustics	1
mainesepticdesign	1
livejournal	1
dodge	1
thehardwarehut	1
yahoo	8
wikimedia	1
zerohedge	1
afterdawn	1
jellynote	1
wikiquote	1
wordpress	2
ruger	1
hollywoodlife	1
twitter	6
fordrangerforum	1
proboards	1
heavy	1
listverse	1
aspendental	1
hubpages	1
popsugar	1
historywiz	1
amc	1
bungie	1
fextralife	1
nationaleczema	1
hiphopwired	1
boothbayregister	1
history	2
watchonlinehd	1
dollfairyland	1
simplyrecipes	1
petersheritage	1
wikidot	3
playboy	1
publiclibraries	1
amac	1
themoth	1
mammacandoit	1
padi	1
samsclub	1
nytimes	1
specout	1
linkedin	2
nacathletics	1
wowhead	1
discordapp	1
trustedpsychicmediums	1
puffgames	1
magneticsensorsystems	1
healthstatus	1
breakingmuscle	1
ldsscriptureteachings	1
pbworks	1
thebrainpolice	1
primewire	1
xg4ken	1
powerofvitality	1
favim	1
usatoday	1
camdennational	1
elfyourself	1
gamepedia	6
beginningfarmers	1
npr	1
github	1
mlb	3
weldingsupply	1
mainecareercenter	1
starbucks	1
studyblue	2
bhg	1
sidingestimator	1
whoisabout	1
artofmanliness	1
drugs	1
tubekitty	1
vistaprint	1
mozilla	1
enriqueruizyco	1
tentonhammer	1
truckersmp	1
diamondracing	1
okumafishing	1
coursera	1
girlsgogames	1
playstation	2
usd497	1
frontline	1
wunderground	1
androidforums	1
youtube	52
medicinenet	1
hiapphere	1
couponcabin	1
keenfootwear	1
insteon	1
hathitrust	1
whittierhealth	1
thepiratebay	1
solarmovie4k	1
springfield	1
zappos	1
cbsnews	1
pandora	1
9to5google	1
co-optimus	1
cargurus	1
imdb	4
heart	1
fanatics	1
superpages	1
lego	1
shouldiremoveit	1
downeasttoyota	1
dodlive	1
gallup	1
rpg	1
delish	1
videolan	1
priceoftravel	1
antiquehelper	1
fullsizebronco	1
youporn	1
cmpco	2
accuweather	1
homedepot	1
ed	1
creampietubeporn	1
sparkfun	1
gagneandson	1
patriotsubaru	1
twcondemand	1
coolviewshades	2
bangorfederal	1
healthoptions	1
realclearpolitics	3
lolking	1
designntrend	1
onlinemoviewatchs	1
mtv	1
nascar	2
wmtw	1
discover	1
robocraftgarage	1
thekitchn	1
digitaltrends	1
sportsmansallianceofmaine	1
airbnb	1
gunvaluesboard	1
audubon	1
honda	1
nursingceu	1
wizards	2
catie	1
medscape	2
radiomilwaukee	1
notebookcheck	1
nemopowertools	1
kickstarter	1
lifehacker	1
craigslist	5
usps	1
backyardchickens	1
weather	1
coursehero	4
thesaurus	2
torrentz-pro	1
portforward	2
washingtonpost	2
fashionablygeek	1
litcharts	1
navsource	1
charityblossom	1
roblox	1
reverbnation	1
jabra	1
llbean	1
genius	1
highcountrygardens	1
mate1	2
houzz	1
gallaudet	2
hdis	1
fws	1
bladeandsouldojo	1
maineparkinsonsociety	1
kisscartoon	1
lowes	1
tvtropes	1
wikipedia	30
yellowpages	2
afterellen	1
snapchatcelebrity	1
accessmaine	1
composertools	2
cheatsguru	1
gq	1
sexpornimg	1
amazon	12
zumiez	1
idc	1
viewonbuddhism	1
ipfactly	1
egcu	1
peoplepets	1
glasslung	1
mab	1
askmrrobot	1
qt	1
chaturbate	1
oregonstate	1
calendar-365	1
nih	1
mooseheadrentals	1
fortiterubique	1
4chan	1
duluthtrading	1
manporn	1
riverratsbaseball	2
tumblr	4
zillow	2
potterybybarisof	1
maine	10
alpine-usa	1
uz-mp3	1
coffeesock	1
themagazinestoreonline	1
barclaycardus	1
goodsearch	1
xhamster	1
google	33
tn	1
collectionsetc	1
truevalue	1
baysidecottagerentals	1
wsj	1
petco	1
samash	1
legacy	1
hp	1
guardcom	1
gamefaqs	1
prlt	1
imore	1
finalfantasyxiv	1
mordocrosswords	1
brightwalldarkroom	1
cmautogroup	1
chicagotribune	1
goodreads	2
projectfreetvshow	1
steelydan	1
wpnewhampshire	1
vdare	1
hakko	1
garden	1
famousscientists	1
bhphotovideo	1
emersonchevy	1
realsimple	1
expert-mobile-car-detailing	1
creately	1
gamerescape	1
tomshardware	2
findlaw	1
csgnetwork	1
zoosk	1
filechoco	1
theweek	1
topspeed	1
outcomes-umassmed	1
about	2
kff	1
elderlawanswers	1
gizok	1
gamesradar	1
webstaurantstore	1
aliexpress	2
superteacherworksheets	1
mmc	1
healthboards	1
radicalpress	1
technipages	1
gofundme	1
westmarine	2
neaau	1
reddit	17
overstock	1
repairpal	1
billfitzmaurice	1
bladeandsoul	4
thatballsouttahere	1
pureformulas	1
instructables	2
lung	1
cuview	1
case	1
merriam-webster	2
portlandconservatoryofmusic	1
careersatbjs	1
fbcwaldoboro	1
avforums	1
powerball	1
ukulele-tabs	1
sciencegeek	1
weirsgmc	1
hollowprestige	1
putlocker	1
lanebryant	1
quadhunter	1
blackrhinoconcealment	1
rpgmakerweb	1
gunsamerica	1
neilyoung	1
everytownresearch	1
wellheeledstowe	1
cruisinggays	1
ning	1
webmd	1
airgas	1
saintgerard	1
sixflags	1
infinancials	1
autotrader	1
machiassavings	1
buzzfeed	1
rogerebert	1
wika	1
s10forum	1
md-health	1
azlyrics	3
americanmuscle	1
twitch	1
pathofexile	2
bbc	1
uhaul	1
battle	1
wikia	10
yamahamotorsports	1
manutoigo	1
junkmycar	1
pogo	1
kaliprotectives	1
ratemyserver	1
girlsoutwest	1
realsatisfied	1
dailydot	2
umt	1
slideshare	1
earthlink	1
usntcb	1
broadway	1
forbes	1
promocode2016	1
areyoureadytoparty	1
lyricstranslate	1
walmart	3
dmv	1
labdoor	1
patch	1
brightearthsuperfoods	1
yamahagolfcar	1
coppard	1
justmommies	1
zombiemodding	1
colonialvalleymotel	1
tabsrus	1
glock	1
fs	1
marysmeals	1
bostonglobe	1
sears	1
barclaycardring	1
jackssmallengines	1
boschdiagnostics	1
asp	1
food	3
hollywoodcasinobangor	1
kbb	1
rangerforum	1
hearingloss	1
bulbagarden	1
allrecipes	3
smittyscinema	1
bangordailynews	3
pvzgw2	1
discovery	1
fanfiction	1
yourdictionary	1
curiousinventor	1
jostens	1
wtvm	1
citefast	1
unity3d	2
imgur	1
barnesandnoble	1
aubuchon	1
facebook	9
quizlet	6
spankwire	1
callington-tc	1
minecraftsix	1
medhelp	1
brookdalepa	1
bethesda	1
cbslocal	1
247mahjong	1
boobpedia	1
therams	1
f2p	1
simmons	1
atwoodmobileparts	1
jhu	1
wlbz2	1
myspace	1
gardenandgun	1
atopthefourthwall	1
addicted2decorating	1
lehmanlaw	1
primemotorcars	1
keepvid	1
angeltherapy	1
mainetrailfinder	1
staples	1
rogerson	1
pottlerealtygroup	1
pinterest	3
mikelat	1
armatureserviceco	1
acaai	1
wisegeek	1
howtogeek	1
health	1
blazerforum	1
rptools	1
asus	1
xvideos	2
hblainc	1
bjs	2
mystore411	1
developmentalcognitivescience	1
une	1
oempanels	1
seadogbrewing	1
radiologyinfo	1
wolfram	1
battlefront	1
coldsteel	1
androidpolice	1
opera	1
n4g	1
pornhub	2
stackoverflow	2
yesware	1
berniesanders	1
foxsports	1
cruisercustomizing	1
jossandmain	1
hotpads	1
microsoft	2
cellphoneusermanuals	1
fairpoint	1
toyota-4runner	1
msoutlook	1
ebay	5
realorrepro	1
factorypro	1
sho	1
kahoot	1
allthingsmale	1
cheathappens	1
gizmodo	1
microsoftonline	1
barnesandnobleinc	1
buytwowayradios	1
findgift	1
shaws	3
