mentalfloss	1
necessaryclothing	2
npr	5
maryland	9
koofers	10
allyou	11
rankingsandreviews	12
cylburn	13
steampowered	15
sing365	16
artofmanliness	17
iastate	18
newfrog	19
mit	21
comicspriceguide	22
livejournal	23
linguee	24
ally	25
ecauldron	26
pokemondb	27
lionking	28
pearsonmylabandmastering	29
watchhentaistream	30
wiibrew	32
sc	33
mapquest	36
wordcounter	37
thriftstorefamily	38
gamestop	39
ashemaletube	40
towsontowncenter	41
geekgameguides	42
bbt	43
gottabemobile	44
ncaa	45
allrecipes	49
santillanaglobal	50
123helpme	51
totalrewards	52
tiger-concept	53
timeanddate	54
garibaldispizzaandgrill	55
ebola-wiki	56
purdue	59
ecomall	60
naturessunshine	61
lynchburgsports	62
ixquick	63
nurofen	64
ciscopress	65
studypool	66
theworldeconomy	67
dotnetperls	68
marylandbiodiversity	69
webaim	70
unt	71
childcarecenter	72
weichertrents	73
weather	75
curseforge	77
processonephoto	78
wtop	79
bestbuy	80
duramaxforum	81
grandcanyontourcompany	82
gite-herbetendre	83
poptropicahelp	84
pastebin	85
ametsoc	86
kp	87
cdc	89
about	94
ifixit	95
radiomuseum	96
dartsearch	97
wikipedia	230
msn	232
govtrack	233
vzw	234
wne	235
mystarplanet	236
afterellen	237
loopnet	239
fashionablymale	240
firstpost	241
chromachine	242
nissanmurano	243
ozy	244
chase	245
iwantclips	246
sperma-studio	247
healthcareitnews	248
dawla	249
discounttiredirect	250
goodhousekeeping	251
pathofexile	252
mdfoodsystemmap	253
sfbc	254
sidereel	255
cnn	260
burpee	261
hm	262
ucdavis	263
nerdwallet	264
youthsoccerrankings	265
pcgamer	266
zippo	267
cambodiatribunal	268
jjmccullough	268
agarioforums	269
aacounty	270
bjs	271
creditkarma	272
allahmuntada	272
fieldandstream	273
over	274
alexandrianews	275
xfinity	277
pornhub	291
jokes4us	292
baltimoresun	298
blackwalnut	299
capitalpunishmentuk	300
animalplanet	301
brickset	302
w3schools	303
sky3ds	304
bestreviews	304
pewresearch	307
who	308
wbdg	309
freckledpaws	310
greenbrier	311
afdah	313
capitalone	316
realsimple	317
summonerswar	318
elgoog	319
androidauthority	320
biography	321
uniformsoft	322
dpreview	323
rpgfan	324
vuclip	325
quia	326
toysrus	328
airfiltersdelivered	330
gostudy	331
snipershide	332
marthastewart	333
hitomi	334
theweek	335
online-tech-tips	336
af	337
rmstrokes	338
spiceworks	339
manuelsweb	340
florissantmo	341
metronews	342
hilton	344
porntubesdb	345
crackautocad	346
abc7ny	347
umaryland	349
babycenter	351
citra-emu	352
aqicn	353
tinybuddha	354
wwd	355
sparknotes	357
couponfollow	358
uniroma1	359
chicagotribune	360
tsn	361
github	362
mckinsey	363
spotify	365
retailmenot	369
stt	370
minecraftserverlist	371
tripadvisor	376
unops	377
fenoxo	378
sportsbet	379
benadrylfordogs	380
bethelredding	381
ttlg	382
frankviola	383
reddit	412
targetphoto	413
thesimsresource	414
movienewsguide	415
howardcc	416
lcps	417
pharmacist	418
fosshotel	419
collegegrad	420
cartalk	421
unfollowed	422
acs	423
lipstickalley	424
acehardware	425
smugmug	426
asap-utilities	427
weismarkets	428
activistpost	429
tumblr	438
appd	439
davesgarden	440
hamilton-bank	441
clips4sale	442
ccbcmd	443
metafilter	444
ed	445
peoplesorganic	446
cia	447
frostburgsports	448
tiger-algebra	449
medcitynews	450
fetishtoybox	451
cosmopolitan	452
schoolrack	453
theglobeandmail	454
businessinsider	457
ecrater	458
elitedaily	459
k12reader	460
orbitz	461
sheppardsoftware	462
teambeachbody	463
brainyquote	464
txbingo	465
duckduckgo	466
arenavalue	467
yerbatea	468
coursehero	473
nudevista	474
wrestlezone	475
outsideonline	476
anoniverse	477
youtube-mp3	479
mprnews	480
crunchyroll	481
booeymonger	482
filmschoolrejects	483
gamepedia	486
oregon	487
energy	488
cheapoair	490
pdx	491
alibaba16s	492
dilbert	493
manualslib	495
wordplays	496
foxsportsgo	497
lamar	498
behindwoods	499
resiusa	500
adobe	501
kissanime	503
primagames	504
caci	505
profootballfocus	506
fetalmedicine	507
chabad	508
sea-doo	509
ticketcity	510
musictech	511
messletters	512
indiatimes	513
easterns	514
paleoporn	515
dummies	516
delta	518
jh	518
sonicownersforum	519
amiami	520
thecmp	521
the-homestore	522
dataconomy	523
myfordfreestyle	524
newegg	528
lbz3d	529
naturehills	530
history	532
applevalleywaste	533
mstarna	534
lotojaclassic	535
walmart	537
charlesregional	538
ea	540
shopstyle	541
hbonow	544
gelbooru	545
cracked	547
shoplocal	548
claremont	549
pussyspace	550
guaranteedrate	551
trovegame	552
smbc-comics	553
thefineartscompany	554
fcbayernmunich	555
abcya	556
howard	557
zillow	562
americandialect	563
funkyfluff	564
sexandjets	565
examkrackers	566
bbc	568
wikia	592
kpbs	593
coupongo	594
watch-full-movie-online	595
mta	596
dsw	597
visitwaughchapel	598
hbo	599
houselogic	600
autoevolution	601
imgur	602
desertpearl	603
farecompare	604
vetdepot	605
herrschners	607
columbiagasmd	608
vark-learn	609
partition-tool	610
neighborhoodhealthcenter	611
blackenterprise	612
legupanalytics	613
scout	613
corporate-ir	614
booking	615
ratemds	616
everyculture	617
overstock	618
gobankingrates	619
csun	620
roblox	625
darrellgambler	626
thistv	627
roll20	628
asirihospitals	629
twitter	639
bistudio	640
politico	641
hallmark	642
standardprocess	643
godaddy	644
wapwon	644
northshorecare	645
bin201	646
quizlet	675
harristeeter	677
tractorsupply	678
howtogeek	679
whatculture	680
soundbible	681
salvagebid	683
aol	685
shipmodels	686
ewg	687
lionel	688
psychcentral	689
medhelp	690
wowhead	691
wordreference	693
longandfoster	694
thekitchn	695
pgparks	696
etsy	697
consciouslifeexpo	698
justmfg	699
att	700
charlieintel	701
stfrancishealth	701
shareasale	702
prnewswire	703
watchsao	704
deviantart	705
csmd	706
fidelity	707
yellowfinrest	708
doityourself	709
avclub	710
finalfantasykingdom	711
thefreedictionary	713
zazzle	714
ikea	715
veho-uk	716
sbnation	717
wineprotours	718
apple	722
citationmachine	723
kayakfishingmagazine	724
sciencebasedmedicine	725
merriam-webster	727
roverclassic	728
couponcause	729
vrbo	730
shopwell	731
towsonwealth	732
sciencechannel	733
wrestlinginc	734
hebrew4christians	734
atlanticbb	735
themtnear	736
ign	739
harvardlawreview	740
webmd	745
nps	748
loudoun	749
tvguide	750
sproutonline	751
looperman	752
levemirpro	753
arborday	754
cheathappens	755
pbskids	757
oldfarmvet	758
yousuve	758
aip	758
hulkshare	759
ntpu	760
gsdrescue	761
thesaberauthority	762
statista	763
historyguide	764
collectibleswithcauses	765
newsweek	766
lacewigsbuy	767
brothergame	768
ashleyfurniturehomestore	769
helminc	770
skype	772
harborfreight	773
psu	774
rtl	775
pnc	777
milanuncios	778
theteachersguide	779
adweek	780
mobafire	782
softwarestab	782
scielo	783
sbynews	784
mass	785
poetryfoundation	786
naturallycurly	787
ubuntu-mate	788
black-fuck	789
ukutabs	790
java	792
segmentnext	793
zdnet	794
tristatetuners	795
nannakupremathoreview	796
collegeconfidential	797
everydayhealth	799
mob	799
naver	800
genius	802
animaljam	803
lifehacker	806
gringosandmariachis	807
dancesport	808
notey	809
celebdirtylaundry	810
theverge	811
skybahamas	812
applebees	813
craftsman	814
plygem	815
eharmony	816
uncommongoods	817
laxpower	818
consultparagon	819
dllyes	820
sonyrewards	821
howtolovecomics	822
brother-usa	823
northwestern	824
c2	825
wsj	830
abdserotec	831
usajobs	832
groupon	833
ellentv	834
imzy	835
wheretoget	836
leagueoflegends	844
peopleforbikes	845
minelink	846
usnews	848
mozilla	849
glencoe	850
babynames1000	851
pompeiisites	852
eatthis	853
thesportjournal	854
activateinstruction	855
va	856
gofrogs	857
pahlsfarmmd	858
insidegov	859
paulschou	860
numismatikforum	861
varsitytutors	862
chron	864
barclaycardus	865
billboardevents	866
cinemark	867
ballantinebeer	868
rtings	869
dot	870
backpage	872
pickup-truck-toolbox	873
prezi	876
minecraftyard	877
arxiv	878
centurylink	879
newsofcime	879
minecraft-server-list	880
theurbancountry	881
asta	882
carrollhospitalcenter	883
hearinghealthfoundation	884
provantage	885
papajohns	887
e3expo	888
realtor	889
cinemablend	890
weatherbell	891
arpae-summit	892
keystonerv	893
imdb	902
horoscope	903
crispjuicy	904
zomato	905
wmacscamp	906
driving-tests	907
ncls	908
chaturbate	909
barnesandnoble	911
worldcasinodirectory	912
bananarepublic	913
taxifarefinder	914
surrenderat20	915
accuweather	917
philly	918
michaels	919
bidbaltimore	920
ab4oj	921
eserver	922
contentmarketinginstitute	923
umes	924
superoffice	925
vox	926
bestbus	927
polygon	928
verizonwireless	930
biblegateway	932
couponcake	933
alternativateatral	934
bsomusic	935
ddmgaragedoors	936
pcadvisor	938
ilwar	939
putlocker	942
gcflearnfree	943
orientaltrading	944
tvtropes	945
promopro	947
lordtirupati	948
echo	949
organic-chemistry	950
awyethgallery	951
ethw	953
bethesdamagazine	954
gamcore	955
swtor-spy	956
thehealthsite	957
hotwiferio	958
aliabaad	959
t-mobile	960
theguardian	962
sellmycomicbooks	962
nationsphotolab	963
live	965
dmv	967
voltfamilymeal	968
discogs	968
pof	969
easybib	971
ttsd	972
frederickcountymd	973
lenovo	974
pinterest	980
cifraclub	981
pcmag	982
giuseppispizza	983
restaurants	984
tawneestone	985
dolphin-emu	986
cabelas	987
loverslab	989
questionablecontent	990
numberempire	991
foxsports	994
calculator	995
barrons	996
thepeoplehistory	997
towson	1000
gordon-elias	1001
puzzles	1002
usbuildingproducts	1003
sharepoint	1004
get	1005
ama	1006
xbox	1007
ocduk	1008
gamefaqs	1013
latimes	1015
woodcraft	1016
alo	1017
gamesgames	1018
minecraftforum	1019
metrolyrics	1020
paypal	1021
freedownloadsapps	1022
edf	1023
ingentaconnect	1024
gameinformer	1025
gearslutz	1027
trailer-bodybuilders	1027
bustle	1028
nice	1029
phantomsandmonsters	1029
beyonce	1030
shutterfly	1031
marketingland	1032
audacityteam	1033
concur	1034
dolgen	1035
forestry	1036
allenedmonds	1037
jeffreylawgroup	1038
rottentomatoes	1040
bankofamerica	1041
nationalharbor	1042
sonsofanillustriousfather	1043
target	1046
softpedia	1047
tamilgun	1048
ebates	1050
hp	1052
rd	1053
cprogramming	1054
bellaweddingrentals	1055
superuser	1056
newyorker	1057
the-difference-between	1058
dominos	1061
collegeboard	1063
studebakersubmetering	1064
manualsonline	1065
foodnetwork	1069
123andhrawala	1070
healthit	1071
mrexcel	1073
livestrong	1074
xhamster	1075
prominigolf	1076
surfnetkids	1077
bowsite	1077
nd	1078
adultplanetdvd	1079
stationindex	1080
filehorse	1081
hobbykit	1082
civicx	1082
healthcaresuccess	1083
hopkinsmedicine	1084
spontaneousderivation	1085
whattoexpect	1086
themortgagereports	1087
endiva	1088
ultimate-guitar	1090
totalwine	1091
salisbury	1092
bonappetit	1092
go	1104
justanswer	1105
taxfoundation	1106
hdwash	1107
crossmap	1108
teluguwap	1109
staples	1111
microcommunityconcepts	1112
ekoatlantic	1113
encyclopedia	1114
thebitbag	1115
goldsgym	1116
flutehistory	1117
sap	1118
latestonnet	1119
800toolbox	1119
powerball	1122
rfoglio	1123
copypastecharacter	1123
google	1244
virginia	1246
croup-cough	1247
serebii	1248
discountmugs	1249
seagate	1250
entomologytoday	1251
generalrv	1252
trello	1253
oreillyauto	1254
friv	1256
pornbb	1257
listscoop	1258
medicinenet	1259
heavy-r	1260
navyfederal	1262
time	1263
warthunder	1264
verizon	1267
women	1268
propertycapsule	1269
slither	1271
mouser	1272
jiskha	1273
brianmac	1274
nber	1275
hollywoodtake	1276
montgomeryschoolsmd	1280
games-workshop	1281
apornstories	1282
mayoclinic	1284
paradoxplaza	1285
fextralife	1290
thesweethome	1290
myfolia	1291
cancer	1293
homedepot	1301
beckershospitalreview	1301
stackoverflow	1313
dolfcu	1314
math2	1315
tube8	1316
championsportspune	1316
songspkboss	1317
9gag	1319
mypremiercreditcard	1320
search	1322
winzip	1323
farfetch	1323
locatewebsitelinks	1324
alliedphillips	1325
amctheatres	1326
bluelinek9	1327
socnet	1328
bigten	1329
flynumber	1330
dailymotion	1333
silvergames	1334
layneschranz	1335
crutchfield	1336
ubermc	1337
str8togay	1338
petersons	1339
sports-reference	1340
giftcardgranny	1341
sanghaspace	1342
crackbay	1342
mathworks	1343
teamliquid	1344
wikimedia	1345
rabin	1346
mahatmarice	1347
icd10data	1348
si	1351
bikeforums	1352
poki	1353
nih	1365
advantage	1366
linkedin	1371
azlyrics	1373
youtubeinmp4	1374
kodi	1376
poemhunter	1377
peekyou	1379
macysinc	1380
vault	1381
chordify	1382
y8y8	1383
miaminewtimes	1384
sfgate	1385
facebook	1419
whitepages	1422
myfreecams	1423
cbssports	1424
jeffreyfowler	1425
marylandchemical	1426
cnet	1430
whirlpool	1431
usmagazine	1433
batterystuff	1434
mazdausa	1435
watchsailormoon	1437
essexwetpetstore	1438
marlofurniture	1439
hmhs	1440
onetravel	1441
zocdoc	1442
easternshuttle	1443
koreaboo	1444
wiknix	1445
solarhdmovie	1446
communitywater	1447
straighttalk	1448
phonearena	1449
costco	1450
parkingpanda	1451
seagrave	1452
worldofsolitaire	1453
wikispaces	1454
gizmodo	1455
fivethirtyeight	1456
huddle	1457
donaldjtrump	1458
mtb	1459
extremeterrain	1460
silkpainters	1461
usaid	1462
franklinshopper	1463
kayokokoswimwear	1464
e-hentai	1466
nordstrom	1469
casewickantiques	1470
localhistories	1470
bryantlakebowl	1471
inman	1471
4k	1472
heraldmailmedia	1472
dslreports	1474
universetoday	1475
truecouponing	1475
apfn	1476
sdfcu	1477
makeuseof	1478
visitnc	1479
tweetpuppy	1480
eonline	1481
atsmodsland	1482
winmaxusa	1483
unrealitymag	1484
topcashback	1485
dolmetsch	1486
ondvdreleases	1487
uber	1488
cordestra	1489
desiserials	1490
spankbang	1491
cba	1492
honda	1493
mooiness	1494
babyariel	1495
darrellbarrettsalon	1496
tcgplayer	1497
livingroomcandidate	1498
bodyartforms	1499
break	1500
napacabs	1501
wbal	1502
montereyinstitute	1503
leaguelineup	1505
acton	1506
cardhub	1506
worktrucksusa	1506
dgusa	1507
newspapers	1508
hollywoodlife	1509
plaidonline	1510
usps	1512
sportal	1513
mediatakeout	1514
usatoday	1518
physicaltherapyinnovations	1519
shrinkthatfootprint	1520
studyabroad	1521
scotts	1522
runboard	1523
hearthpwn	1525
netflix	1530
vie-publique	1531
healthline	1532
theanalysisfactor	1533
largehdtube	1534
baltimorecity	1535
cars	1536
pocketplane	1537
desertcart	1538
minecraft	1540
russellstreetreport	1541
harryanddavid	1542
searchlock	1543
thu	1544
techradar	1545
typingclub	1546
laerd	1547
greatist	1548
chameleoncoldbrew	1549
tandfonline	1550
free	1551
princess	1552
nepali-unicode	1553
vider	1554
khinsider	1555
piliapp	1556
southwest	1558
carefirst	1559
nhl	1560
ndtv	1561
duramaxdiesels	1562
hdmovieswatch	1563
animenewsnetwork	1564
ssa	1565
irs	1568
augusta	1569
wizard101central	1572
shaktisportsonline	1572
nfl	1576
thestonesoup	1577
montelagunaresidence	1578
wonkette	1581
doityourselfrv	1582
bitnami	1583
idgod	1584
carcomplaints	1585
cbsnews	1586
coolmath-games	1588
amazon	1621
yahoo	1639
realclearpolitics	1641
tennis-warehouse	1642
bleacherreport	1643
shiningrocksoftware	1643
tyrtactical	1644
harvard	1645
tunein	1647
scan	1648
dc	1649
dailymail	1654
legalzoom	1655
uscis	1658
nexusmods	1665
studyjesus	1666
bcps	1667
pennilessteacher	1667
ask	1668
chempetitive	1669
helpguide	1670
blueletterbible	1671
voenka	1672
stubhub	1674
chegg	1678
udel	1680
lordsofpain	1681
cmsfx	1682
marylandpublicschools	1683
mathwarehouse	1684
baybeachclub	1685
patrioticon	1686
researchwritingdesk	1687
obaoba	1688
yourwdwstore	1689
salliemae	1690
ibtimes	1691
interfaithhousing	1692
texaschlforum	1693
sling	1695
hbogo	1697
textlab	1698
adirondackvapor	1699
medstarhealth	1700
snob	1701
eastteak	1702
indiabix	1703
bmwusa	1704
saami	1705
mysubscriptionaddiction	1706
food	1709
alohatube	1711
baseballsavings	1712
ecstuning	1713
rentalcars	1714
soundcloud	1716
sears	1720
aamc-orange	1720
cutedeadguys	1721
pokeorder	1722
sothebysrealty	1723
lexulous	1724
insurancestep	1725
pro-football-reference	1727
moviefone	1728
myresidentnetwork	1729
imf	1730
stockpile	1731
homegardenpro	1732
dodgedurango	1733
maketecheasier	1734
howardcountymd	1737
alarmnet	1738
wattpad	1739
cumberlandmd	1740
dryeyezone	1741
hclhic	1742
balloon-juice	1743
mobileread	1744
saksfifthavenue	1745
patch	1747
all-science-fair-projects	1748
daybreakgames	1749
neurosciencemarketing	1750
google-software	1751
mlb	1755
virtualtourist	1756
onlinewebfonts	1757
slideshare	1758
roman-empire	1759
theaspot	1760
dragoninquisition	1761
optumrx	1762
weebly	1765
gardenweb	1766
umbc	1770
linuxquestions	1771
exitsupportnetwork	1772
worldoftanks	1773
examiner	1774
roadandtrack	1776
econedlink	1777
scientificamerican	1778
thesaurus	1782
howardcountyhealthsurvey	1782
usa-co	1782
christianteenforums	1782
cardgamesolitaire	1783
6666customs	1784
paulcraigroberts	1785
pacsun	1786
balleralert	1787
bghydro	1788
icrc	1789
superherohype	1789
hatsinthebelfry	1790
epicurious	1791
ledopizza	1792
xnxx	1794
mercedesproblems	1795
homerepairtutor	1796
ganeshaspeaks	1797
drugs	1799
mplans	1799
christianaudio	1800
josephfosco	1800
cedarpoint	1801
pianoworld	1802
wishes-greetings	1803
uncw	1804
homeadvisor	1805
linda-goodman	1806
umodern	1807
musixmatch	1808
brightestyoungthings	1808
hunterfan	1808
speedtest	1810
wp	1811
data18	1812
stouffers	1813
nbcwashington	1814
softschools	1815
nbcnews	1816
marvel	1816
redstate	1817
engineering	1818
citrix	1819
byui	1820
discoveryeducation	1821
exceljet	1822
bongacams	1823
pbs	1825
4tube	1826
xxx-photo	1827
open-electronics	1828
backcountry	1829
djbooth	1830
alienware	1831
lyricsmania	1832
firstincest	1833
expedia	1835
bedbathandbeyond	1837
language-worksheets	1838
androidforums	1839
bauerfinancial	1840
crackedtool	1840
arstechnica	1841
thewatchseries	1842
corrupt-a-file	1843
spanishdict	1844
undergroundhiphop	1845
jotform	1846
escholarship	1847
listenonrepeat	1848
xilinx	1849
golfwrx	1850
baltimoresoundstage	1852
sextvx	1853
tvline	1854
marinebio	1855
vulture	1856
thesixthaxis	1856
vectoraerospace	1857
babycentre	1858
thelocal	1859
investopedia	1861
askubuntu	1862
collarspace	1863
fool	1864
komen	1865
buttsmithy	1866
unaids	1867
morristechnology	1868
naturalnews	1869
giphy	1870
thecarconnection	1872
wetpaint	1873
studentnewsdaily	1874
boardgamegeek	1875
recroomstore	1876
towsondancestudio	1876
sevenforums	1878
tujiwa-kanaami	1879
comenity	1880
gyazo	1881
orwig	1882
androidcentral	1883
goodguide	1884
washingtonexaminer	1884
headrushrocks	1885
motherjones	1885
baltimoreanimalshelter	1886
locu	1887
uscga-district-7	1888
wolframalpha	1889
doubleclick	1890
glassdoor	1891
tesco	1892
therpf	1892
grammarly	1894
umd	1905
geneanet	1906
lifetreatmentcenters	1907
amtrak	1909
academia	1910
freaktab	1911
pinimg	1916
lexussouthatlantaparts	1917
hunanlegend	1919
preservationhall	1920
goodreads	1923
goucher	1924
thieverycorporation	1925
psnprofiles	1925
marylandhomeownersassociation	1926
thestranger	1927
fchs	1928
underarmour	1929
readyrefresh	1930
macys	1934
jetblue	1935
wikibooks	1936
rexmag	1937
usembassy	1938
loving-caring	1939
urgametips	1940
daviddyer	1940
compxtreme	1941
pankasperuvian	1941
biblehub	1944
fujitsu-ten	1945
northwestregisteredagent	1946
csimarket	1946
anno-online	1947
movoto	1948
advancedradiology	1949
askleo	1950
gwu	1951
faa	1952
knowyourbike	1953
livecareer	1955
jewishmusicstream	1956
bitlord	1957
trulia	1958
walgreens	1960
gotoquiz	1961
humanesociety	1962
acponline	1963
riotgames	1964
ebay	1972
heraklion-crete	1973
vitacost	1974
conniq	1975
dbstalk	1976
katemats	1977
aa-dc	1978
infinitymugenteam	1979
razoo	1980
xvideos	1986
mywapblog	1986
pstcc	1987
utm	1988
sg4ge	1989
smartbugmedia	1989
crazygames	1990
mtv	1992
seriouseats	1994
northridge4x4	1995
kwintessential	1996
shopathome	1997
opentable	1999
pennlive	2002
crmery	2003
milb	2004
cafeastrology	2005
savetake	2005
gardeningknowhow	2006
mytekguy	2007
dpdough	2008
grubhub	2009
dbrand	2011
chopstixxcafe	2012
mrlandlord	2013
kmart	2014
stopbullying	2016
esouniverse	2017
recordonline	2018
mdlottery	2022
dramafever	2022
vipergirls	2023
embroideryportraits	2024
rtlb	2025
biginterview	2026
gainesvilletimes	2026
nationwidelicensingsystem	2027
archive	2028
kaiserpermanente	2029
instagram	2032
unigo	2033
shoemetro	2033
everblocksystems	2034
basketball-reference	2036
mmamania	2037
streaming-guide	2038
watchdbzsuper	2039
forumancientcoins	2040
alimapure	2041
nsinternational	2042
abc	2042
bluproducts	2043
escapehere	2044
enotes	2045
slate	2046
gregoryhicks	2047
cafepress	2048
myanimelist	2050
sciencealert	2051
whosdatedwho	2052
columbiahouse	2053
elsevier	2054
ftd	2055
customizedgirl	2056
thedailybeast	2057
uci	2058
arrangementfinders	2059
runescape	2060
codeplex	2061
chevrolet	2062
hit2k	2062
cengage	2063
unisdr	2064
kellymom	2065
ispot	2066
otterbox	2067
howstuffworks	2068
bodyecology	2068
narod	2069
flashcardmachine	2070
broadway	2072
playstation	2073
steelwirerope	2074
intelius	2075
princegeorgescountymd	2076
unrealengine	2077
songkick	2078
cookinglight	2079
manta	2080
delmarva	2081
cvs	2082
bandcamp	2083
cellucor	2084
prairienursery	2085
revolve	2086
quickanddirtytips	2087
faithdome	2088
abplive	2089
dickblick	2090
mathplanet	2091
knowyourmeme	2092
zappos	2094
wordpress	2105
macrumors	2106
pewhispanic	2107
boscovs	2108
baltimore-theater	2109
elementvape	2110
stpetersschoolwaldorf	2111
htmlgoodies	2112
wiktionary	2113
sweetwater	2115
cracksoftcircle	2115
pewinternet	2116
piazza	2117
redfin	2120
nursegroups	2120
opticsplanet	2121
herroom	2122
interglot	2123
melhus	2124
hollisterco	2125
onlinejacc	2126
metv	2127
inquisitr	2128
craigslist	2140
ncsecu	2141
famousbirthdays	2142
truevalue	2143
acuityscheduling	2144
dell	2145
butchtrucksandthefreighttrainband	2146
sheehyhyundaiwaldorf	2147
elmonterv	2148
pornstarnetwork	2149
answerarmy	2150
rpg	2151
upbom	2152
lowes	2153
alaskaair	2154
battle	2155
nobully	2155
ssbwiki	2156
honda-tech	2157
ochemonline	2158
virtualbox	2159
morganstanley	2160
coupons	2161
mmo-champion	2163
samsung	2164
theatlantic	2165
theicct	2166
connectedly	2167
hbr	2168
to-porno	2169
intermedia	2170
thestormresource	2171
ctex	2172
valley-dynamoparts	2173
tennisrecruiting	2174
parentherald	2175
nesaporn	2176
proprofs	2177
boxingnews24	2178
softonic	2179
movierulz	2180
bibme	2181
aljazeera	2182
xg4ken	2183
yourtemplatefinder	2184
researchgate	2185
gardenplantsvs	2185
discordapp	2186
ducker	2187
tabloidtruths	2188
washingtonpost	2192
yellowpages	2193
playbuzz	2194
misstresssimone	2194
adoptapet	2194
duke	2195
monster	2196
ihg	2197
qwertycycles	2198
antietamrecreation	2199
marinsm	2200
praise1065	2201
es	2202
shareweget	2202
indeed	2205
susqu	2206
fiverr	2207
netmng	2208
ncea	2209
upsbatterycenter	2210
asirihealth	2210
fandango	2211
jetairways	2212
cwtv	2213
puppytoob	2214
stackexchange	2215
dcprosportsreport	2216
victoriassecret	2217
bigcartel	2218
mobilecityonline	2218
moddb	2219
wikihow	2220
miniclip	2222
ar15	2223
getcomics	2224
tomshardware	2227
raspberrypi	2228
findmusicbylyrics	2229
christiancourier	2230
wirefly	2230
fedex	2231
fitbit	2232
euronews	2232
virtualdj	2233
7-zip	2234
minecraftforge	2236
photoshop	2237
securedgenetworks	2238
deadline	2239
the-eco-market	2240
cuteness	2241
cisco	2242
codeproject	2243
gsmarena	2244
stardewvalleywiki	2247
collider	2248
kongregate	2249
nypost	2250
acmepackingcompany	2251
dccomics	2252
forbes	2255
theconversation	2256
medicalnewstoday	2257
redtube	2258
changingminds	2259
rei	2260
4p4l	2261
sploder	2262
wineinthewoods	2263
buybuybaby	2264
ediblearrangements	2266
samsclub	2267
rollingstone	2268
businessoffashion	2269
gmu	2270
4chan	2271
latinopinionbaltimore	2272
playscarymazegame	2273
9to5mac	2274
edmunds	2278
petsmart	2279
nasdaq	2280
wargamesfactory	2281
eagles	2282
uscourts	2283
nytimes	2287
symbolab	2288
ulmf	2289
dealsplus	2290
flightstats	2291
notebookreview	2292
indiegogo	2293
d20pfsrd	2294
ancestry	2296
shmoop	2297
wgnamerica	2298
autoanything	2299
treasurenet	2300
csgolounge	2301
times-news	2302
partitionwizard	2303
builddirect	2304
fda	2304
promocodesforyou	2305
yelp	2308
vesti	2309
sunbox	2310
airsoftsociety	2311
swgemu	2313
cnbc	2314
tsa	2315
moviepilot	2316
lowereasternshorenews	2317
reidtemple	2318
drsfostersmith	2319
techtarget	2320
smithsonianmag	2321
mortonstreetdance	2322
techsupportalert	2323
telegraph	2325
photoshoproadmap	2326
fcps	2327
sharelatex	2327
kayak	2329
ourismanfrederick	2330
mybakerlady	2331
plantcaretoday	2332
state	2338
consumeraffairs	2339
wdwmagic	2340
fcstpauli-frauenfussball	2341
payscale	2342
afrointroductions	2343
summitpost	2344
foxnews	2345
aa1car	2345
until	2346
newsmax	2347
pornogratisdiario	2348
bhphotovideo	2350
youtube	2470
cargurus	2471
amnestyusa	2472
ratemyprofessors	2473
homefinder	2474
rainierland	2475
gingerybooks	2476
kohler	2477
commercialintegrator	2478
sense-lang	2479
bodybuilding	2480
myvidster	2482
urbandictionary	2487
kcpublicschools	2489
britannica	2490
dictionary	2494
steamcommunity	2501
chuing	2501
dezod	2502
ulta	2503
thebluealliance	2504
mobcup	2505
litencyc	2506
stylebykaren	2507
wizards	2509
rideapart	2510
gong	2511
lovelikethislife	2512
tunesinthechurch	2513
buzzfeed	2514
microsoft	2522
carcarekiosk	2522
popsugar	2523
idigitaltimes	2524
tacobell	2525
vamoosecamperconversions	2526
arborinvestmentplanner	2527
thecouponscoop	2528
