groupgolfer	1
npr	4
icmarc	5
steampowered	11
chowhound	13
planetofsuccess	14
iastate	15
someecards	16
windowscentral	17
scienceblogs	18
mit	19
buyusedengine	20
resources	21
xom68	22
daleysfruit	23
dashnet	24
bankrate	26
summitracing	27
vids6	28
jimsrepairjimstractors	29
mypeoplenet	30
dish	31
biddytarot	32
gaylordfuneralhome	33
pokemondb	36
neverhomemaker	37
resource4us	38
thewindowsclub	39
publicstorage	40
dancewearsolutions	41
huntington	48
mapquest	52
achrnews	53
gamestop	56
kiehls	57
literotica	59
smarthome	60
elliman	61
koss	62
simpleproducts	63
whmi	64
uconn	65
therainmakerawards	66
geniusbox	68
religiousdoodles	69
gottabemobile	70
joinbain	71
hometownlocator	72
lacsaintclair	73
ncaa	74
allrecipes	76
evike	77
omegle	79
waynecounty	80
babygearlab	81
watchfree	82
blueimp	83
coraldigest	84
peakmodel	85
timeanddate	87
purdue	93
peekvids	94
download-free-games	95
theknot	96
rv	97
mycomicshop	98
akc	99
upnorthlive	100
mensfitness	102
uservoice	103
wincalendar	105
baldwinmanufacturing	106
minecraftexe	107
discovermygoodwill	108
airforums	109
tirerack	110
directtextbook	111
shiftfrequency	112
bthave	113
niche	114
6pm	115
ruled	116
powerboatnationals	117
fastcompany	118
tvmaze	119
webcrawler	120
traillink	121
weather	130
patorjk	131
thealpenanews	132
a2gov	133
subway	134
pumpersparadise	135
alaskacooks	136
hodgessupply	137
lubetube	138
spike	139
bestbuy	144
planetnatural	145
trueachievements	146
nymag	147
usmint	148
inspectapedia	149
glam0ur	150
crosswordheaven	151
permanentstyle	152
whatcareerisrightforme	153
digitalspy	154
selfhacked	155
cdc	157
about	164
ifixit	165
cima4u	166
udemy	167
robotbeach	168
analyzemath	169
wikipedia	309
houstonpress	310
msn	313
csnne	314
govtrack	315
worldmoviesfree	316
bluewaterresort	317
sportsnet	318
urbancoopcompany	319
grc	321
liberalmedianot	322
chircoestore	323
myrecipes	325
showboxappdownload	326
bible	327
chase	330
voyeurstyle	331
naturalparentsnetwork	332
commoncriteriaportal	333
thesamba	334
cboxera	335
pathofexile	336
planetfitness	337
costhelper	338
deadspin	339
harleytechtalk	340
jhkunnenphoto	341
lonelyplanet	342
sidereel	343
cnn	347
underwearexpert	348
ticketmaster	349
ehow	351
emuparadise	354
lmcu	355
nerdwallet	357
healthyplace	358
addictinggames	360
laptopmag	360
zippo	361
parentmap	362
geappliances	363
legendsofhonor	364
torrentz	365
anybunny	368
encyclopediadramatica	369
micityoffraser	370
stabenow	371
forttroff	372
horseracingnation	373
thebrandmanspeaks	374
suburbanfordofsterlingheights	375
collectorsarmoury	376
53	377
sober-riders	378
alibaba	379
thehighroad	381
herdeztraditions	382
indianacomiccon	383
northerntool	384
xfinity	389
pornhub	409
wxyz	410
weddingpaperdivas	411
prestoclassical	412
w3schools	415
thisoldhouse	416
bing	417
bestreviews	418
waynestatebasketballcamps	419
swap	420
chickencondos	421
schoology	422
fastboats	423
capitalone	424
realsimple	426
nocussing	427
elgoog	428
the-net-worth	429
capps-mi	430
talkingpointsmemo	431
rentals	432
ubi	433
bemergroup	434
msi	435
bdsmvb	435
fcagroupcareers	436
wdc	437
onlinecreditcenter2	438
heroesfire	439
ayudacolombiaexterior	440
medscape	442
toysrus	443
aquatecirrigation	444
kizi	446
online-tech-tips	447
saturnfans	448
wifeposter	449
awwwards	450
warbyparker	451
remax	452
justporno	453
math-salamanders	454
ballparksofbaseball	455
partstree	456
sheetmusicdigital	457
choicehotels	458
bobcat	459
maybelline	460
vintagemarketanddesign	461
aigdirect	462
rockymountainatvmc	463
hashlocker	464
shockwave	465
cashmoneylife	466
wsbtv	467
101cookingfortwo	468
thedonaldxxx	469
hairytubeporno	470
instantcheckmate	471
rollitup	472
oldnational	473
man	474
visitindy	475
billboard	477
integrateddiabetes	478
chicagotribune	479
sheridanauctionservice	480
qualitycouncil	481
disney	482
bestwestern	483
spotify	486
retailmenot	489
flickr	492
dollargeneral	493
addisondogs	494
nhanow	495
aliexpress	497
tripadvisor	507
permatex	508
vitorrentz	509
douban	510
toonova	511
menupix	512
skiplagged	513
reddit	557
cityofedgewater	558
tvland	559
baseball-almanac	560
thesimsresource	561
detroitk12	562
blackdesertonline	563
grimco	564
neogaf	565
cloudycollabs	566
mangaonline	567
jeepforum	568
minecraft-forum	569
musiciansfriend	570
hauppauge	571
business	572
fangraphs	573
southernliving	575
familyvideo	577
adafruit	578
shouldwehire	579
dormanproducts	580
vintagetoysauctions	581
tumblr	598
unity3d	599
gourmetsleuth	600
clips4sale	601
pharmacytimes	602
metafilter	603
ed	605
badgerandblade	605
new-part	606
tootimid	608
allninjagear	609
songfacts	610
businessinsider	611
kikfinder	612
chilis	613
rockhall	614
4click	615
clarkstonscamp	616
countryviewbulkfoods	617
vitaminshoppe	618
brickimedia	619
loadout	621
worldlento4ka	622
wthr	623
glradvanced	624
luscious	626
verybestquotes	627
mercydubuque	628
yp	629
y8	631
advanceautoparts	632
wellsfargo	633
astrology	634
coursehero	642
nudevista	643
neighborhoodscout	644
shopyourway	645
youtube-mp3	646
shwevideos	647
thebestestever	648
exeter	649
askmefast	650
seen	651
gamepedia	658
signals	659
obamacarefacts	660
cheapoair	661
islamicfinder	662
thehelpgroup	663
yachtforums	664
beerandwinejournal	665
wordplays	667
wmich	668
budsgunshop	669
resourcepack	670
theplantlist	671
hipstrumentals	672
adobe	676
phosphosolutions	677
cybersisman	678
profootballfocus	681
ridershobby	682
wccftech	683
ufm	684
zerochan	685
porn	687
fossbytes	687
homebrewing	688
hotmail	690
powerpyx	691
thepartsplaceinc	692
frys	693
itstimetoinsure	694
bobistheoilguy	695
cornerstone	696
openstudy	697
indiatimes	698
rapidtables	699
pornoamateurvip	700
polarisatvforums	701
delta	703
wordbrain	704
xdtalk	705
lelandreport	706
missouribullet	707
bilkent	708
teknobites	709
explosivepowersports	710
wellnessmama	711
polarisconnectors	712
convert2mp3	713
good2go	714
brighthorizonservices	715
copart	716
learner	717
ssdrc	718
cog-online	719
newegg	721
history	723
trainweb	724
gethuman	725
walmart	745
taobao	746
nexthaha	747
ea	748
verysmartbrothas	749
vertex42	750
hbonow	751
shoplocal	752
hayneedle	753
adlucent	754
office	756
apartmentguide	758
driverscloud	759
zillow	769
tinyurl	770
specialtystoreservices	771
bestmattressonline	772
keeptruckin	773
bbc	774
wikia	817
grabcad	818
bonjovi	819
zoominfo	820
thepiratebay	821
hbo	822
flintarts	823
charlotterusse	824
nyc	825
studyblue	828
rawlearning	829
cleveland	830
imgur	832
rrts	833
wfmachines	833
viraldecay	834
sfasu	835
primermagazine	836
audiokarma	837
kickofflabs	838
cruiseamerica	839
247fashionstore	840
booking	841
glamour	842
naifa	842
whinehurst	843
yardsalesearch	844
subaruforester	845
overstock	846
dallasnews	847
kicksdeals	848
people	849
poultrydirect2you	850
roblox	851
roll20	852
bettycrocker	853
mypornblogs	854
nhaschools	855
twitter	872
suburbancollection	873
schoolofdragons	874
doubledowncasino	875
nadaguides	876
acluohio	877
pokemmo	878
copdsupport	879
masterclass	880
mrtruck	881
airbnb	883
stilltasty	884
babynames	885
quizlet	902
beermenus	903
timesfreepress	904
pussyfuck	905
2flamco	906
tractorsupply	908
howtogeek	911
paralegalmentorblog	912
oenophilia	913
digital-photo-secrets	914
sohc4	915
itsme247	916
overwolf	917
koersjournal	918
aol	919
eroticfemaledomination	920
localsportsjournal	921
racypix	922
gwcwarranty	923
gelocal	924
loyno	925
neoseeker	926
medhelp	927
wowhead	931
lorealparisusa	932
wordreference	933
thekitchn	936
oslobodjenje	937
liutilities	938
stpaulsokc	939
etsy	941
fudzilla	942
frontier	943
musicthing	944
picmonkey	945
att	948
battlefield	949
stereophile	950
kalahariresorts	951
comcast	953
yourmechanic	954
apc	955
prnewswire	955
golftimberridge	956
explodingkittens	957
jpmorgan	958
fireflybicycles	959
northflightems	961
moviesflixx	962
doz	963
steamdb	964
jcpenney	965
deviantart	972
boostmobile	973
uky	974
thedrinksbusiness	975
aampmaps	976
trans4mind	977
bagdady	978
pgeveryday	979
vt	980
onlinemetals	981
southgateschools	982
bavauto	983
fidelity	985
astrosage	986
reefcorner	987
scirp	987
tllab	988
doityourself	989
huffybikes	990
ccm	992
shtupmod	993
uncc	993
catster	994
thefreedictionary	995
zazzle	996
scoutstuff	997
bluebookofgunvalues	998
arenagrandrapids	999
learntoinfluence	1000
jimlangley	1001
apple	1008
citationmachine	1010
comdotgame	1011
iwannawatch	1012
merriam-webster	1014
techorz	1015
hyatt	1016
gmc	1017
freewaregames	1018
thegearpage	1019
repelis	1021
fedcomcu	1022
save-a-lot	1023
mid-city	1024
wallcandyarts	1025
allfordmustangs	1026
koenigrubloff	1027
ign	1037
christmastreeshops	1038
exteriorsolutions	1039
mel	1040
slickdeals	1041
webmd	1045
nps	1048
lmcap	1049
desitvbox	1050
baytrailerdepot	1051
uptodate	1052
tvguide	1053
woodlandcreekfurniture	1054
tutorialspoint	1057
aa	1060
mtgsalvation	1061
arborday	1062
pbskids	1063
famousfootwear	1064
politicsrespun	1065
fiddleheadheaven	1066
thetransformersnetwork	1067
kart2kart	1068
eng-tips	1069
dict	1070
webtoons	1071
beemaster	1072
statista	1073
wasted-on-lol	1074
mensmagdaily	1075
umich	1085
dirtypornvids	1086
umjobs	1087
puritanlibrary	1088
wwe	1089
gta5-mods	1090
onstar	1091
usbank	1092
sankakucomplex	1094
arizonanbusinesses	1095
ashleyfurniturehomestore	1096
skype	1098
baker	1099
worldbank	1100
sho	1101
xssights	1102
pnc	1104
suitcasemag	1105
nbcsports	1106
monarchbutterflygarden	1107
sheetmusicplus	1108
duelingnetwork	1109
mobafire	1113
discountedwheelwarehouse	1114
radaris	1115
cdcfoundation	1116
germanroots	1117
zikavirusnet	1118
henryfuneralhome	1119
wnem	1120
babelfish	1121
pcworld	1122
evite	1123
carlsgolfland	1125
nowaygirl	1126
burlingtoncoatfactory	1126
trade	1127
anxietycoach	1128
ballisticproducts	1129
eeemo	1130
hankewbank	1131
rmheartattack	1132
merck-animal-health-usa	1133
java	1135
emagine-entertainment	1136
freemathhelp	1137
xxxdessert	1138
collegeconfidential	1139
practicalmachinist	1140
everydayhealth	1141
gemselect	1142
shelbybank	1143
designntrend	1143
ttu	1144
aldi	1146
genius	1149
town	1150
realbuttercream	1151
strategywiki	1152
planetminecraft	1155
beaumont	1157
pharmaconference	1159
esm3	1159
brides	1160
mainstreetaudiovideo	1161
thestudyabroadportal	1162
khanacademy	1164
krylon	1165
worldtraining	1166
black-desert	1167
troop957	1168
trib	1169
godallah	1170
keycurriculum	1171
rockfordschools	1172
comiclist	1173
mercurynews	1174
djchat	1175
masseurfinder	1176
ezvid	1176
groupon	1184
pokemonspeedruns	1185
warframe	1186
pgaprofessional	1187
neimanmarcus	1188
oaklandcc	1191
ghostscript	1192
ctvn	1193
realitytea	1194
leagueoflegends	1197
nudography	1198
teamfortress	1199
newamateurpics	1200
thriftyfun	1201
runeatrepeat	1202
usnews	1210
mozilla	1211
scottgames	1213
breconcastle	1214
geezdeal	1214
rosenberryrooms	1215
glencoe	1216
planetsuzy	1216
simnation	1217
aaanetaccess	1218
differencebetween	1219
aaahq	1220
playstationtrophies	1221
jackthreads	1222
mnn	1223
andiamoitalia	1224
jeffreysward	1225
nationalgeographic	1226
pagesix	1227
covenanthealthcare	1229
bp	1232
goldwingdocs	1233
rtings	1234
vistaprintdeals	1235
backpage	1238
woodallscm	1239
consumerist	1239
southhavenjellystone	1240
tappedout	1241
amd	1242
prezi	1243
19thcenturybottlediggers	1244
nasrac	1245
justjaredjr	1246
ucsusa	1247
adultswim	1249
velospace	1250
sixsistersstuff	1251
openroadsbike	1252
hotnewhiphop	1253
alimed	1254
photomemorydvds	1255
realtor	1258
semperfi-landscapelawnplow	1259
cinemablend	1261
cinoa	1262
motiv8performance	1263
carid	1264
aarp	1265
animestigma	1266
gettyimages	1267
stripclublist	1268
rodaleu	1269
allkpop	1270
imdb	1285
zomato	1286
routingno	1287
driving-tests	1288
agecommunity	1288
donorschoose	1289
playboyplus	1290
avogel	1291
bulkapothecary	1292
flowerbarnnursery	1293
surlatable	1294
torrentking	1295
writersmarket	1296
tvaddons	1297
kotrynagroup	1298
usgs	1299
when-release	1300
topix	1301
surrenderat20	1302
lycos	1303
accuweather	1305
michaels	1306
ncpc	1307
scribd	1308
verizonwireless	1309
heavens-gates	1310
biblegateway	1315
go-text	1316
expatistan	1317
greyhound	1318
putlocker	1320
waltherarms	1321
chocolatechocolateandmore	1322
soulemama	1323
tributes	1324
techcrunch	1324
thetwelveoaks	1325
windowsphone	1326
1001fonts	1327
tombowusa	1328
theclassyhome	1329
vaping360	1330
probuilds	1332
servi	1333
ticalc	1334
sas	1335
logbase2	1336
boston	1336
gamcore	1337
walmartone	1338
armandhammer	1339
lebriz	1340
evepraisal	1341
battlecreekmi	1342
nastyz28	1343
exsees	1344
fox	1345
nesn	1346
tubegalore	1347
symbios-witticism-page	1348
nightdev	1349
freeroms	1351
theguardian	1353
songaty	1353
aofas	1354
babymallonline	1354
forumarray	1355
sellmycomicbooks	1356
live	1364
dragonage	1365
northpointe	1366
thepetitionsite	1366
discogs	1367
gigayo	1369
watchseries	1370
noalessiesnursery	1371
rockstargames	1372
appcrawlr	1373
mint	1374
pinterest	1389
recipetineats	1390
2kmtcentral	1391
moonlightsdelights	1392
pcmag	1396
einthusan	1397
indiegala	1398
lavistachurchofchrist	1399
academy	1399
headphone	1400
scottishagates	1401
tip	1402
cabelas	1404
loverslab	1408
onstartups	1408
yourdictionary	1409
foxsports	1410
theimpossiblequiz2	1411
hawaiianceremonies	1412
answers	1414
accesskent	1415
disabilityscoop	1416
informer	1417
moneypantry	1418
practiceperfectemr	1419
oewheelsllc	1420
girlsandpets	1421
greatlakesbrewing	1422
lumberjocks	1423
goscrappin	1424
zaxbys	1425
xbox	1426
gamefaqs	1435
buddhanet	1436
latimes	1437
rxlist	1438
uniprot	1439
goal	1440
gamesgames	1441
kw	1442
metrolyrics	1443
paypal	1445
mangatown	1446
uworld	1447
morelmania	1448
hentaihaven	1450
elahmad	1451
telus	1452
oocities	1453
childrensplace	1453
bustle	1454
jimpix	1455
webstaurantstore	1456
classic50sdiner	1457
urbanoutfitters	1458
newgrounds	1459
nuwber	1460
audacityteam	1461
kidspot	1462
ftbwiki	1462
masterorganicchemistry	1463
dgequipment	1464
windows10themes	1465
xtremediesel	1466
soma	1467
vocabulary	1468
rottentomatoes	1472
bankofamerica	1476
sketchup	1477
fullerton	1478
renovation-headquarters	1479
target	1490
surepayroll	1491
jcrew	1493
citi	1494
phimotv	1495
mckinley	1496
hp	1497
superuser	1499
thecalculatorsite	1500
reuters	1501
ycombinator	1502
spirit	1504
loteriasdominicanas	1505
zeroturnmowerreviews	1506
smith	1507
dominos	1508
php	1509
westeros	1510
collegeboard	1514
onlinecollege	1515
henryford	1516
ithaca	1517
genesis2church	1518
fitnesszone	1519
chemicalforums	1520
universityparent	1521
manualsonline	1522
foodnetwork	1526
proctoru	1527
sonara	1528
allcalidad	1530
ducks	1531
geico	1532
waterpik	1533
livestrong	1537
curse	1538
attinternetservice	1539
rogerstii	1541
xhamster	1543
pho	1544
johnstonmurphy	1545
classroomjr	1546
abbywinters	1547
winteriscoming	1548
flyfrontier	1549
americanexpress	1552
nd	1553
damndelicious	1555
vintagecalculators	1556
payetteforward	1557
michigan-sportsman	1558
bddatabase	1559
whats-your-sign	1560
ultimate-guitar	1561
vetstreet	1563
hentai	1564
meijerphoto	1565
scouting	1566
helpowl	1566
bonappetit	1567
hourdetroit	1568
go	1579
apartmentsforcooley	1580
autotrader	1583
kiplinger	1584
onlygayvideo	1586
averyweigh-tronix	1587
goanimate	1588
agar	1589
tagheuer	1590
taxfoundation	1591
vgmpf	1592
metroairport	1593
vintagesleds	1594
sorcerers	1595
comerica	1597
wisegeek	1597
hollandsentinel	1598
plop	1599
ted	1601
gvsu	1602
openwow	1603
wordhippo	1604
maurices	1605
encyclopedia	1606
android	1607
powerball	1609
wsdmi	1610
tprstorytelling	1611
spa-daddy	1612
flipboard	1613
bartleby	1614
annarborcityapartments	1615
google	1778
zealcreditunion	1779
hope	1781
tinyhouselistings	1782
lynda	1783
serebii	1784
therichest	1786
seagate	1787
rcinet	1788
oreillyauto	1790
grimdawn	1790
com	1791
cheatengine	1792
websitebuilderexpert	1792
thelastshadowpuppets	1792
thenation	1793
harmonixmusic	1794
slidehunter	1795
friv	1796
orespawn	1797
lego	1798
bluefly	1799
medicinenet	1802
icy-veins	1804
gradesaver	1805
pinnaclehomes	1806
espnfc	1807
bolly2tolly	1808
mitalent	1809
lushstories	1810
shadesix	1811
cousinvinnyspizza	1812
asos	1814
htcvive	1815
carfax	1816
freeones	1817
prokerala	1818
slither	1822
jalopnik	1823
lyrictabs	1824
uwosh	1825
igalaxys7	1826
hollywoodtake	1827
fastmaps	1828
mcdonalds	1829
arbys	1830
mayoclinic	1832
paradoxplaza	1833
fextralife	1848
edward-weston	1849
homedepot	1857
stackoverflow	1861
sevenreport	1862
soodetroit	1863
creativebloq	1863
thermatru	1864
rpi	1865
houzz	1866
mom2fuck	1867
classiccars	1868
fernhillgc	1869
cartersoshkosh	1869
calvin	1870
kentuckyderby	1870
herbwisdom	1871
plos	1872
batteryuniversity	1873
neopets	1874
propertyinfo	1875
organicinfusionswholesale	1876
adblockplus	1877
bigten	1878
altair	1879
hoovers	1880
imbibemagazine	1881
gunbroker	1882
do-bid	1883
ohl	1884
bac-lac	1885
fordlibrarymuseum	1887
dailymotion	1888
ap	1889
mytrimmer	1891
hotair	1893
reptilesmagazine	1894
silvergames	1896
blog2print	1896
rootjunky	1897
yummymaturewomen	1898
eventcrazy	1899
randomwordgenerator	1900
nba	1901
sports-reference	1902
factsanddetails	1903
jpsonline	1904
crewunlimited	1905
mathworks	1906
jstor	1907
nictd	1908
paheal	1909
planet-rock	1910
americanautoshipping	1911
si	1913
makebread	1914
blizzard	1915
translate	1916
nih	1924
linkedin	1927
northpointemotors	1928
prcforum	1929
wojdylosocialmedia	1930
ford	1932
karmanoscancer	1932
azlyrics	1935
grandcakes	1936
heavy	1937
starbucks	1938
trojanbattery	1939
cornandsoybeandigest	1940
offers	1941
worldtravelguide	1942
fiberglassrv	1943
metacritic	1945
sfgate	1950
facebook	2027
pokemon	2028
southernplate	2029
whitepages	2034
technicpack	2035
bleachrealms	2036
cntraveler	2037
utorrent	2038
sms4mail	2039
cbssports	2040
thecurriculumcorner	2041
nature	2044
cnet	2052
kraytclan	2053
mazdausa	2054
123rf	2055
clare	2056
ncsbsa	2057
sleepopolis	2058
animalswithinanimals	2058
futhead	2061
vevo	2062
odomreuse	2063
alpinemarketplace	2064
organizinghomelife	2065
8tracks	2066
lunaparknyc	2067
safariland	2068
youngliving	2069
foodservicewarehouse	2070
apartments	2071
onlinemoviesgold	2072
visitmusiccity	2073
straighttalk	2074
costco	2078
beme	2079
archiveofourown	2080
anntaylor	2081
grkids	2081
yandy	2082
miaslittlecorner	2083
rpg-site	2084
faucetstop	2085
brainly	2089
gizmodo	2091
uschirodirectory	2092
car-part	2093
sunset	2094
fivethirtyeight	2095
theblaze	2096
federalreserve	2097
collegefashionista	2098
leportschools	2099
stafaband	2100
evidentlyblog	2101
dararehab	2102
espwebsite	2102
girlscouts	2103
freewordsearches	2104
pokemon20	2105
toyotanation	2106
gunsamerica	2107
rockpapershotgun	2108
animenichijou	2109
iblocklist	2109
orlandosentinel	2110
motorcycle-superstore	2111
e-hentai	2114
rsc	2115
arthurbobcean	2116
ncgmovies	2117
dslreports	2120
prince	2121
telegramhub	2122
dallasknierman	2123
kukuklok	2124
discountramps	2125
ntnamericas	2126
makeuseof	2127
onemint	2128
historyvshollywood	2129
eonline	2130
familytreenow	2131
spidertrax	2132
americanfreight	2133
starcelebs	2134
tuscl	2135
hedgerowrose	2136
acer	2138
panafricanalliance	2139
good-win-racing	2140
thenosleeppodcast	2141
nostalrius	2142
skinnyover40	2143
1590wcgo	2144
grainger	2145
mpg	2146
extremetech	2148
totosrestaurant	2149
tcgplayer	2150
wazafc	2151
matsbus	2152
grouptravelnetwork	2153
mesickmuseum	2154
lymenet	2155
liveleak	2156
thongtincongnghe	2157
radaronline	2158
li-mac	2159
webcam4money	2160
zales	2161
tamuk	2162
orangecountychoppers	2163
freebdsmsexvideos	2164
usps	2169
oil-testimonials	2170
phimvang	2171
carbontv	2172
usatoday	2175
kotulas	2176
techguy	2177
bcbsm	2179
motherless	2181
thredup	2182
411num	2183
spiceography	2184
edelbrock	2185
tcfbank	2187
foreclosure	2188
netflix	2193
yibada	2195
missouribotanicalgarden	2196
roblox-robux-generator	2197
educationworld	2198
ew	2199
bestialitytaboo	2200
disneyprivacycenter	2201
healthline	2202
bikebandit	2203
miottawa	2204
cars	2205
osd	2206
rvtrader	2208
gasbuddy	2209
dan-dare	2210
greatist	2211
247sports	2212
lfg	2213
fsu	2214
uhaul	2215
proboards	2216
investorplace	2217
less-real	2218
subaruofpembrokepines	2219
hotmath	2220
kat	2221
1stdibs	2222
d2r4pw5uddxm3r	2223
parents	2225
lexusofpembrokepines	2226
motherlessmedia	2227
fakespot	2227
countrysidegreenhouse	2228
royaloakschools	2229
schoolsoup	2230
animenewsnetwork	2230
webflow	2230
ssa	2231
irs	2232
gaiam	2232
nfl	2235
typing	2236
communityfocusfcu	2236
mheducation	2238
theroot	2239
amg-lite	2240
lastchancerescue	2241
thrillist	2242
preschoolteachersresource	2243
repairservicemanuals	2244
ancientfaith	2245
unsecuredpersonalloansnow	2246
modthesims2	2247
wonkette	2247
doityourselfrv	2250
equusleather	2251
duke-energy	2252
painfulpleasures	2253
dole	2254
cbsnews	2255
thehylia	2256
bisexualplayground	2257
breathecast	2258
dulaneygriffin	2259
ancientfaces	2260
smartsheet	2261
hsn	2262
coolmath-games	2264
containerstore	2264
amazon	2324
anilos	2325
riversofsteel	2326
bacb	2327
hallmarkchannel	2328
1stsource	2329
yahoo	2364
grist	2365
realclearpolitics	2366
universalfreepress	2367
bleacherreport	2368
wiley	2369
uchicago	2371
artisanstyles	2372
project-syndicate	2373
tosluts	2375
draftkings	2376
3dsiso	2377
pravda	2378
tunein	2379
borics	2380
usautosterlingheights	2381
familysearch	2382
bladeforums	2384
dailymail	2385
gunblood	2386
mediaplex	2387
nexusmods	2394
commongrill	2395
etpl	2395
elmstba	2395
frankenmuthjellystone	2396
blogger	2397
detroitnews	2400
howtostartanllc	2401
ask	2403
lacocinamexicanabc	2404
foodandwine	2405
sjsu	2406
koa	2406
dhsmgt	2407
makezine	2407
truckingboards	2408
stubhub	2409
sportsmanswarehouse	2409
eve-survival	2410
sephora	2411
erzperformance	2412
vidangel	2413
blackjungleterrariumsupply	2413
docslide	2413
newportaquarium	2414
forsalebyowner	2415
hubspot	2416
seventhdayadventistdiet	2417
idealistcareers	2417
fortgratiottwp	2418
shopbadmintononline	2420
nbk	2421
namegenerator2	2422
beadsmith	2423
indiewire	2424
morazzia	2425
elophant	2426
fbi	2427
artvan	2429
uscg	2430
shop411	2431
vpnbook	2432
michiganbulb	2432
hbogo	2435
allmusic	2436
food	2439
bishopairport	2440
ecstuning	2441
quadratec	2442
thelifewaypentecostals	2443
naturalbornhikers	2444
utoledo	2445
riders	2445
brownstonepark	2446
soundcloud	2447
warmane	2448
sears	2450
kabbalah	2450
ahotu	2451
tokyobuffetsouthfield	2452
carbonfibergear	2453
hughesnet	2454
simplypsychology	2455
pornhd	2456
zeitverschiebung	2457
brownielocks	2458
reuseit	2459
galleryserverpro	2460
physicsclassroom	2461
forebears	2462
verabradley	2464
creativegraniteworks	2465
blackanddecker	2465
plex	2466
salon	2467
jsonline	2468
gamespot	2471
tenforums	2473
theanswerbank	2474
ilsoyadvisor	2475
privateschoolreview	2475
azcentral	2476
homeschoolfacts	2477
michiganlottery	2480
bethesda	2481
electricdaisycarnival	2482
smartcatalogiq	2483
plyrics	2484
homebrewtalk	2485
army	2486
sperry	2487
gazetadita	2488
latinpost	2488
converterlite	2489
quartertothree	2489
patch	2490
thevietnamwar	2491
tnaflix	2494
daybreakgames	2495
concerts2016	2496
lewissociety	2497
mlb	2501
slideshare	2502
rlseries	2502
bluejaybarrens	2503
blacklivesmatter	2504
brownells	2504
rot13	2505
wynnlasvegas	2506
cplusplus	2507
grandrapidstwp	2508
deere	2509
bahai-invitation	2510
okstate	2511
cherokeeforum	2512
miprepzone	2514
weebly	2517
cargocollective	2518
ezcardinfo	2519
gardenweb	2520
cmsenergy	2521
rockler	2522
meijer	2526
cashnetusa	2527
blauwkirkpatricklaw	2528
hipindetroit	2528
finalfantasyxiv	2529
123	2530
lotteryusa	2531
grandriverbuilders	2532
rateyourmusic	2533
road-results	2534
syrianleaders	2534
theleadermaker	2535
biblestudytools	2536
examiner	2537
roadandtrack	2538
fordspecialevent	2539
cbslocal	2540
elportaldelporno	2541
datsunzgarage	2542
thesaurus	2546
uline	2547
fansshare	2548
matadornetwork	2549
companyegg	2550
printablelegaldoc	2551
schoolcraft	2552
boropanthers	2553
planningcenteronline	2554
tedcruz	2555
counter-strike	2556
copperwear	2557
rsdb	2558
shopjustice	2559
salesmanconfessional	2560
vw-part	2561
annarborartcenter	2562
freep	2566
blueskysessions	2567
pittsfordschools	2568
peoplebyname	2569
campbellskitchen	2570
tylenol	2571
icrc	2572
bookxcessonline	2573
howellbladesmith	2574
leo	2575
pudelek	2576
mashable	2576
vkluchivk	2577
sonichits	2577
xnxx	2582
thelawdictionary	2582
nursingtestbank	2583
drugs	2584
greenfieldvillageonline	2585
mlive	2595
mtu	2596
pianoworld	2597
arcticfxgraphics	2599
michigan	2613
gadling	2614
officedepot	2615
realestate	2615
gibson	2616
homeadvisor	2617
pinelakeboat	2618
musixmatch	2619
speedtest	2622
nexon	2623
stillwaterkilts	2624
thediaryofdaedalus	2625
nbcnews	2626
smogon	2627
defenders	2628
sideshift	2629
trumpfans	2630
mea	2631
myfico	2632
marvel	2633
arcteryx	2634
villagebikeshop	2635
spokeo	2637
bronsonhg	2638
weartesters	2639
uloop	2640
freejinger	2641
effortlessgent	2641
weekly-ads	2642
housekeeper	2643
publishersweekly	2644
pbs	2645
porneq	2646
curezone	2647
warrenbaseballsoftball	2648
rapidhomeremedies	2649
bens-jungle	2649
entrepreneur	2649
expedia	2650
bedbathandbeyond	2652
promgirl	2653
skatelandwestmi	2654
bloomberg	2656
rarlab	2657
roosterteeth	2658
azquotes	2658
nursedu	2659
18wos	2660
calls	2661
androidforums	2662
lyricsfreak	2662
nola	2663
thewatchseries	2666
tablespoon	2667
spanishdict	2668
isettagarage	2669
sawmillcreek	2670
baidu	2672
nbc	2674
diversityinc	2675
golfwrx	2676
tvline	2677
thelocal	2678
passwordsgenerator	2679
the-girl-who-ate-everything	2680
athome	2681
investopedia	2686
librarything	2687
fool	2688
everythingpontoon	2689
umdearborn	2690
evilangelvideo	2691
spritted	2692
youporn	2695
statmethods	2696
gunsholstersandgear	2697
sevenforums	2698
ibsurvival	2699
colostate	2700
flvto	2701
eventhubs	2702
riverpoolsandspas	2703
legion	2704
addicted2decorating	2705
ifirstrowus	2706
thetable	2707
veganfamilyrecipes	2708
namemeaning	2708
tradenetautos	2709
simplicity	2710
wolframalpha	2711
andrewsautomotive	2712
glassdoor	2715
adult-empire	2716
eurogamer	2717
city-data	2719
russospizzeria	2721
edgenuity	2722
gopitbull	2723
nascar	2724
ecowatch	2725
speedsolving	2726
humana	2727
woodtv	2728
modernfarmer	2728
wowway	2729
moviestarplanet	2730
goodgamestudios	2731
homes	2733
ffexodus	2734
carecredit	2735
idvault	2736
amtrak	2738
fastcolorprinter	2739
dearborncf	2740
fast-growing-trees	2741
academia	2743
dreamwidth	2744
clashroyalearena	2745
msufcu	2746
islamweb	2747
mautofied	2748
oxyfresh	2749
hgtv	2749
pinimg	2753
evobsession	2754
mytractorforum	2754
dcuniverseonline	2755
techpowerup	2756
governmentjobs	2757
goodreads	2761
onlineappsofrpc	2762
smalloutboards	2763
vistax64	2764
thechive	2765
torrentfreak	2766
clavier-arab	2767
indiantrailsgc	2768
storyjumper	2769
mybabyregistry	2770
campnewaygo	2771
panzoid	2772
macys	2775
flyingmag	2776
itch	2777
teachinfishin	2778
themusic	2779
thepathoftruth	2780
pornway	2781
thetruthspy	2782
chameleonjohn	2783
thatsnonsense	2784
pandaexpress	2785
triplepundit	2785
stanford	2786
biblehub	2787
nezavisne	2788
pref	2789
computerhistory	2790
kavoir	2791
welltower	2792
custhelp	2793
philosophypages	2794
jewishvirtuallibrary	2795
wrongplanet	2796
justimg	2797
123copydvd	2798
movoto	2799
medicaldaily	2800
careerbuilder	2801
boingboing	2802
corbisimages	2803
northwesternautosupply	2804
livecareer	2805
sciencemag	2806
leagle	2807
trulia	2808
yogaundressed	2809
co-motion	2811
fanfiction	2812
thinkrealestategroup	2812
walgreens	2813
dreamincode	2814
drf	2814
pornblog	2815
repairclinic	2817
lineq	2818
drugabuse	2818
autoserviceprices	2819
spectrumhealth	2821
ebay	2846
carchex	2847
femdom-fetish-tube	2848
bbg-usa	2849
huffingtonpost	2851
canigivemydog	2852
3dprint	2853
c2cfabrication	2854
c7recycle	2855
peoplestylewatch	2856
xvideos	2864
indiedb	2865
ford-trucks	2866
ambitiouskitchen	2867
locatetv	2868
el7l	2868
portageps	2869
dragonballtime	2871
learningfromerrors	2872
news-medical	2873
greenland	2874
hakko	2875
gstatic	2876
lawrefs	2877
pennlive	2878
georgetown	2879
spalding	2880
cbsport	2881
youjizz	2882
detroitlions	2883
scamptrailers	2884
wololo	2885
midwestsupplies	2886
desmondfuneralhome	2887
wnd	2888
aflamonlinee	2888
gofundme	2889
iheart	2889
mrskin	2890
shemalekeiraverga	2891
stuccu	2892
harrietbeecherstowecenter	2893
autorepairinchantilly	2893
yourpurebredpuppy	2894
steepedtea	2895
greatlakesammo	2896
daringgourmet	2897
mi	2899
grubhub	2900
jonathancoulton	2901
decideproduct	2902
kmart	2904
1800petmeds	2905
bloggingtheboys	2905
tukshoes	2906
statnews	2907
fap	2908
archive	2911
totalsportscomplex	2912
cbn	2913
factorydirectrecreation	2914
earthfirstfarms	2915
collegefashion	2916
instagram	2917
talkbass	2918
firmyoungbreast	2919
twcslibrary	2920
gearheads	2921
torguard	2922
square-enix	2923
stmarkmwc	2924
cumulus	2925
healthcare	2926
thundermistfishingtips	2927
cardgames	2930
basketball-reference	2931
freezingblue	2933
foodrepublic	2934
dltk-bible	2935
pandora	2937
funrcboats	2938
ayferonurseyahatnamesi	2938
voynich	2939
avsforum	2940
games2girls	2941
ruger	2942
presqueisletwp	2943
wranglerforum	2944
interstatemusic	2945
myanimelist	2946
niggermania	2947
equifax	2948
davidsbridal	2949
runehq	2950
vegasinsider	2951
bahaiprayers	2952
skalnekford	2953
evga	2956
navient	2957
guildwars2-crafting	2958
burnips	2959
downtowngr	2960
runescape	2962
wgbh	2963
howstuffworks	2965
zenius-i-vanisher	2965
secureserver	2966
flashcardmachine	2967
ftc	2968
gm	2969
eskymos	2970
playstation	2972
advanceamerica	2973
intelius	2975
gosunoob	2976
oracle	2977
mymanga	2978
relevantmagazine	2979
hulu	2984
unrealengine	2985
findlaw	2986
hummingbirds	2987
legacy	2989
nomiddleman	2990
musicvideoswiz	2990
smuckers	2991
rt	2992
wishihadthat	2993
cvs	2995
steveharveytv	2996
bandcamp	2997
c-span	3000
zinio	3000
americanpowertrain	3001
prettyuglylittleliar	3002
pillowpancake	3003
kbb	3005
newepisodes	3006
lunatipower	3007
forwomen	3009
wuxiaworld	3010
zappos	3011
wordpress	3019
dealmoon	3021
etonline	3022
bestride	3022
collegedata	3023
seekingalpha	3024
zipmap	3026
scotsman	3027
tomsguide	3032
usda	3033
tabnak	3034
missycoupons	3035
savedeo	3036
guildwars2	3037
htmlgoodies	3038
match	3039
wiktionary	3041
chi-photography	3042
bostonmagazine	3043
telecinco	3044
bbguy	3045
d3fhkv6xpescls	3046
publicrecords360	3048
classicchevyonline	3048
cwu	3049
fx120	3050
nottingham-place	3051
imaging-resource	3052
veehd	3053
badmintonclick	3054
opticsplanet	3055
vogue	3056
flixster	3057
hollisterco	3058
internationalliving	3059
provenwinners	3060
gazzetta	3062
factorydirectwholesaleinc	3063
inquisitr	3064
whiteporntube	3065
craigslist	3088
racketboy	3089
instructables	3091
mocospace	3092
battersea	3093
albasoul	3094
higheroneaccount	3095
tranchan	3096
ericsgarage	3097
thelocalcreditunion	3098
marcjacobs	3099
onlinefreemovie	3100
contralinea	3101
globalcitizen	3102
1000bulbs	3103
dogingtonpost	3104
lowes	3110
ncees	3110
discover	3112
battle	3122
radiganengineering	3123
badmintonwarehouse	3123
cycletrader	3124
cruisetimetables	3125
step-project	3126
tdiclub	3127
mgmgrand	3128
ghanely	3128
riffstation	3129
hungryhowies	3130
conservativepost	3131
blic	3132
ridgid	3134
rebootwithjoe	3135
kidotoys	3136
yourdesignersunglasses	3137
tamu	3139
machinerypete	3140
audioreview	3141
thegypsypoetonline	3142
synonym	3143
disk-partition	3144
gao	3145
detroittheater	3146
nesaporn	3149
parentherald	3150
psychologytoday	3151
jennysteffens	3152
softonic	3156
gamersheroes	3157
universalstudios	3158
askiven	3159
xg4ken	3161
quora	3167
calpoly	3167
olympic	3168
sqlteam	3169
spacemov	3169
snopes	3172
wa	3173
fobguard	3173
python	3175
seatgeek	3176
kipperclothiers	3177
pinckneylocalhistory	3178
washingtonpost	3181
yellowpages	3184
ihg	3185
adoptapet	3186
monster	3188
tsp	3189
girlsgogames	3191
navyleague	3192
factorio	3193
servimg	3194
pisanellos	3195
fueled	3196
thesun	3197
indeed	3198
wunderground	3199
canva	3200
visitmyrtlebeach	3201
atkins	3202
picresize	3203
playrust	3205
speedwaymotors	3208
fandango	3210
3ds-flashcard	3211
petmd	3213
subaru	3215
michiganyouthsoccer	3216
wayfair	3217
nostalgicparts	3218
ufl	3219
stjohnprovidence	3220
gq	3221
msu	3230
bicycles	3231
arcade-museum	3232
cwtv	3233
stackexchange	3240
manatelugu	3241
tineye	3242
bigcartel	3243
gametracker	3244
moddb	3245
wikihow	3247
overtheedgedetroit	3248
miniclip	3249
today	3250
ar15	3251
thcfarmer	3252
rankingthebrands	3253
p21forum	3254
splitcoaststampers	3255
logitech	3256
wholefoodsmarket	3256
tomshardware	3261
tasteofhome	3264
terapeak	3267
eglx	3268
dailykos	3269
avery	3271
rileyfuneralhome	3272
livelyfamilies	3273
tbdress	3274
anon-v	3275
networksnorthwest	3276
dcecu	3277
amishoutletstore	3278
indians	3279
bluebird	3280
dickssportinggoods	3280
ohiodnr	3281
ae	3282
mcallisterracing	3283
patheos	3284
techtoolsupply	3285
stardewvalleywiki	3287
collider	3288
cxracing	3288
tracfone	3289
nia	3290
womenshealthmag	3291
moneycrashers	3292
twitch	3294
topweddingsites	3295
siemens	3296
mms	3297
apmex	3298
menards	3299
forbes	3304
redtube	3307
finnroadpark	3308
st-andrews	3309
rei	3310
mercola	3311
zeitgeistmovie	3312
zoopussy	3313
tumbleweedhouses	3314
woot	3315
wired	3316
ediblearrangements	3318
dendroboard	3319
samsclub	3320
rollingstone	3321
genuineapplianceparts	3322
carat	3323
thomasnet	3324
jwhomes	3325
visa	3326
finegardening	3327
edmunds	3329
conjuguemos	3330
0calc	3331
alphamom	3332
novastor	3333
anchorfenceonline	3334
birdwatchersdigest	3335
pchome	3336
classicspecs	3337
2727apts	3338
markedbyteachers	3339
midwayusa	3340
getthemax	3341
sparkplug-crossreference	3342
select-fabricators	3342
dragonflycave	3343
soyvay	3344
freehotchat	3345
cottageinn	3346
gundata	3346
nytimes	3348
arduino	3350
flightstats	3351
dar-al-masnavi	3352
kr4	3353
shmoop	3354
metropcs	3356
lc-ps	3358
tca-pictures	3359
geforce	3361
genealogycenter	3362
rcgroups	3363
areavibes	3366
annarbortalks	3367
grabagun	3367
wowamulets	3368
livestransforming	3369
onlinemictest	3370
fda	3371
jet	3372
yelp	3373
onet	3374
tips	3375
vwvortex	3376
esperanto	3377
patientslikeme	3378
menshealth	3379
noaa	3380
techonthenet	3380
vg247	3381
saudervillage	3382
myfitnesspal	3383
coursera	3384
celebrationcinema	3386
forgottenwars	3387
historynet	3388
kohls	3391
telegraph	3392
mrmoneymustache	3393
dreammoods	3394
gamejolt	3396
verywell	3396
comicconnect	3397
consumerreports	3398
premastrologer	3398
vk	3399
kayak	3402
xxxtubedot	3403
gmpartsoutlet	3404
payscale	3406
wholegrainscouncil	3406
steelwatergunsafes	3406
focusst	3407
intel	3408
foxnews	3409
minecraftsix	3410
memedroid	3411
bhphotovideo	3412
wi	3413
youtube	3632
cargurus	3635
firstrowsportes	3636
mindingthecampus	3637
wisecleaner	3638
futureball	3639
betterchickencoops	3640
homefinder	3640
banks-america	3640
tirerackwholesale	3641
totousa	3642
favim	3642
bodybuilding	3643
newspaperarchive	3644
nlppati	3644
mickeyleesoapworks	3645
urbandictionary	3648
envelopes	3649
kardwell	3650
mathplayground	3651
dictionary	3652
sterlinginn	3653
steamcommunity	3664
kotaku	3666
roms43	3666
watch-episodes	3667
bizjournals	3668
brenthugh	3669
zumiez	3670
worthofweb	3671
kia	3672
cnsnews	3673
furaffinity	3674
ulta	3675
cteelgin	3676
namekun	3676
govern	3676
songsterr	3677
teachertube	3678
wifelovers	3680
blogjob	3681
asiandate	3682
kroger	3686
buzzfeed	3686
okcaller	3687
tipsandtricksfor	3688
cato	3689
microsoft	3703
wilkinsandolander	3704
fimfiction	3704
goodsearch	3705
popsugar	3705
idigitaltimes	3707
gfs	3708
