techzilla	1
amtrak	2
tesrenewal	3
apple	5
ets	6
citationmachine	9
ascd	10
si	11
nih	16
steampowered	17
studentdoctor	18
vrbo	19
eatthismuch	20
mineshafter	21
torrentfreak	22
moneyning	23
intuit	24
portalebenessere	25
addicting-games	26
summitracing	27
ign	29
facebook	49
sfgate	50
htmlcolorcodes	51
webmd	52
bioware	53
lu	54
flyingmag	55
pokemondb	56
dota2	57
pearsonmylabandmastering	58
checkpeople	59
gogoanime	60
findip-address	61
twifordfh	62
511la	63
biblehub	64
rpgmakerweb	65
custhelp	66
cesarsway	67
travelandleisure	68
ncaa	69
northwestms	70
allrecipes	71
watchfree	72
asq	73
123helpme	74
hdmovz	75
skype	77
psu	77
nbcsports	78
trulia	80
purdue	82
japan-guide	83
marlinfirearms	84
walmartimages	85
vanillagaming	86
stihldealer	87
dci	88
minecraftexe	89
night	90
ebay	96
superbrightleds	97
paulaschoice	98
armstrong	99
megashare	100
palmbeachpost	101
firstbankms	102
trustmark	103
crafternoontreats	104
musingsofamuse	104
xvideos	108
bookingbuddy	109
weather	111
appledystopia	112
clevelandclinic	113
crazygames	115
century21	116
offeredby	117
sugarstats	118
animaljam	119
bestbuy	120
giantbomb	121
youjizz	122
olemiss	124
focusonthefamily	125
askandyaboutclothes	126
stuccu	127
real	128
udemy	129
steeda	130
wikipedia	167
gaypopbuzz	168
greekgear	169
gshock	170
donnaplay	171
justjoep	172
wsj	173
fbcpurvis	174
acmehowto	175
usps	176
analysischamp	177
themilitarydiet	178
usatoday	179
archive	180
yourchildlearns	181
npenn	182
teamfortress	183
mp3juices	184
techguy	185
veoh	186
fredsinc	187
gadgetube	188
bible	189
businessdictionary	190
appsforpcon	191
directtvinternetreviews	192
tires-easy	193
netflix	194
enterprise	195
minecraftfile	196
cheerbowsupply	197
lezhin	198
checkngo	199
ew	200
kubik	201
gencoupe	202
mountainbikingbc	203
sidereel	204
harryanddavid	205
americanrifleman	206
calvary-kids-pages	207
meridiancc	208
olemisssports	209
ahajournals	210
ummchealth	211
educatorstation	212
progeriaresearch	213
cprtoday	214
olt	215
animorphsfanforum	216
kat	217
basic-mathematics	218
watchseriesonline	219
northerntool	220
xfinity	221
bennington	222
prenhall	223
pornhub	226
adoption	227
my-personaltrainer	228
utah	229
carparts	230
kingjamesbibleonline	231
w3schools	232
ceramiccentral	233
roofingcalc	234
hardyboys	235
capitalone	236
thrillist	237
xoohq	238
ohiobar	239
cinemablend	240
kbb	241
carid	242
wordpress	243
imdb	248
fox17online	249
royalcaribbeanblog	250
guildwars2	252
bostonmagazine	253
ixl	254
fantasynamegenerators	255
aafp	256
bacctravel	257
amazon	262
marthastewart	263
yahoo	270
hitomi	271
warbyparker	272
kshb	273
harvard	274
psacard	275
wonderhowto	276
indexapk	277
dailymail	278
compare99	279
biblegateway	282
abebooks	283
petcarerx	284
craigslist	288
putlocker	288
cspire	289
allthealabama	290
sparknotes	291
lowes	295
nolo	296
battle	298
watchmha	299
coupons	300
mgccc	301
spotify	302
myarkansaslottery	303
cycletrader	304
retailmenot	306
fox	307
betterbidding	308
girlsaskguys	309
tbo	310
thompsonswaterseal	311
breakingmuscle	312
menupix	313
pof	314
watchseries	315
vim	316
k9-pines	317
reddit	323
technipages	324
etix	325
tablepress	326
al	328
gerberlife	329
pinterest	333
asinspectorreview	334
dhgate	335
brewersfriend	336
regions	337
academy	338
musiciansfriend	339
ucc	340
allmusic	341
cabelas	342
christianquotes	343
parentherald	344
ms	345
lifetoliveit	346
akvis	347
xxxtubelove	348
pikasaur	349
themathpage	350
redeeminggod	351
softonic	352
online-convert	354
umc	355
pro-football-reference	356
rocketlawyer	357
candlepowerforums	358
gamefaqs	360
bulbagarden	361
python	362
minecraftforum	364
tjx	365
washingtonpost	366
metrolyrics	367
dodgedurango	368
paypal	369
nhentai	370
charlesrilesfuneralhome	371
tenforums	372
kickstarter	373
yuksrus	374
greystone-lodge	375
bustle	376
onekingslane	377
csgostash	378
windows2universe	379
wayfair	380
rcbs	381
hardforum	382
coursehero	383
youtube-mp3	384
awana	385
silvercensus	386
wmcarey	387
gamepedia	389
stackexchange	390
classicfilmpreview	391
daybreakgames	391
tineye	392
ebrpa	393
laws	394
jpg2pdf	396
moddb	397
finishline	398
wikihow	401
manualslib	402
logossp	403
thewesterncompany	404
budsgunshop	405
f150online	406
kissanime	408
profootballfocus	409
minimalistbaker	410
porn	411
fedex	412
projectfreetv	413
fitbit	414
biblestudytools	415
fountainware	416
esmatube	417
ytimg	418
winbeta	419
briarpress	420
drudgereport	421
minecraftforge	422
foodnetwork	423
tipsforrealestatephotography	424
abaa	425
whatchristianswanttoknow	426
itsabusiness	427
dickssportinggoods	429
usm	432
autozone	433
allnurses	433
aopa	433
porndex	434
kongregate	435
audible	436
newegg	437
binghamton	438
history	439
wacom	440
cslewis	441
xnxx	442
cybertechhelp	443
go	445
zillow	446
gemcitycomiccon	447
bbc	449
studentdevos	450
schwarzerhund	450
wikia	458
csgojackpot	459
oldwayspt	460
geni	462
hardcoregamer	463
tapology	466
virtualworldsland	467
hp-drivers-download	468
nytimes	469
rugdoctor	470
encyclopedia	471
dove	472
wtva	474
ldsmag	475
hudspeth	476
simsfreestuff	477
tacklewarehouse	478
scout	479
whnt	480
citrix	481
deltastate	482
esportspedia	483
google	519
unijokes	520
kissmanga	521
jet	522
isagenixhealth	523
yougamers	524
viewmenu	525
oreillyauto	526
vg247	527
imotophoto	528
k5learning	529
roblox	530
gaijin	531
twitter	533
expedia	534
icy-veins	535
regaofparis	536
telegraph	536
googleusercontent	537
clarionledger	539
time	540
flexmls	541
kayak	541
payless	542
linksys	543
dvm360	544
xxxtubedot	545
alexa	546
popeyes	547
bladeandsouldojo	548
quizlet	553
thekrazycouponlady	554
youtube	590
howtogeek	591
leeprecision	592
zpppstop	593
fextralife	594
bladeandsoul	596
homedepot	597
stackoverflow	599
pilotsofamerica	599
imore	600
wrapwithus	601
morehod	602
rpgmakermv	602
bodybuilding	603
sonoma	604
wareable	604
perfectpekskennel	605
britannica	606
steamcommunity	608
search	609
giphy	610
exploit-db	611
3movs	612
vanderbilt	613
etsy	614
merckmanuals	615
mazzios	616
uniformadvantage	617
acemyhw	618
comcast	619
memphis	620
salmoneus	621
crackerbarrel	622
wizards	624
ocean-springs	625
kroger	626
batwarehouse	627
cornell	628
activision	629
microsoft	630
laportehotel	631
borda	631
priorityonebank	632
kingsnake	633
cheatcc	636
topverses	637
