kwikset	1
usps	2
mentalfloss	3
umwbulldogs	4
fast-growing-trees	5
makeitmissoula	6
gemplers	7
xnxx	8
drdigney	9
live	10
robertsspaceindustries	11
apple	12
nathanhoineslaw	13
epiccombo2	14
freepornx	15
nih	16
eastwood	17
reddit	22
merriam-webster	23
outrigger	24
umt	26
currentresults	27
bible	28
azlyrics	30
medigyllc	31
pinterest	33
thredup	34
alltrails	35
zillow	36
focusandleap	37
gospelherald	38
pcmag	39
hearthpwn	40
tacomaworld	41
worldonenesscommunity	42
goodhousekeeping	43
wikia	46
martindale	47
vorpx	47
biz-stay	48
nata	49
stuarttownsend	50
ruffledblog	51
pensketruckrental	52
spokesman	53
wikisexguide	54
textsmili	55
williams-sonoma	56
facebook	64
allthelyrics	65
asiacarrera	66
equuscs	68
nyc	69
hitorstand	70
nature-rx	71
reflectixinc	72
kfbb	73
uexpress	74
localjobsindex	75
webmd	76
tubepatrol	77
metalcarportdepotllc	78
copyleft	79
myanimelist	80
nancyleedavis	81
billingsgazette	82
dadant	83
quora	84
tumblr	85
scout	86
uhaul	87
google	100
chron	101
newteenpussy	102
whitehouse	103
yelp	104
protectingpatientrights	105
theonion	106
scienceontapflathead	107
gunvaluesboard	108
americanforests	109
happywheels9	110
biblehub	110
billingsclinic	111
consumercellular	112
yellowpages	113
copyright	114
northerntool	115
webs	116
orbiscascade	117
brazosport	118
poopreport	119
rustfreeclassics	120
pornhub	121
gottabemobile	122
sosmed	123
sexhungrymoms	124
elitedaily	125
flatheadbeacon	126
pornolab	127
rainbowshops	128
dirtypornvids	129
straighttalk	130
fms-bauer	131
allrecipes	133
avast	134
ssa	135
twitter	136
els	137
wikispaces	139
equusmagazine	140
arizonacivilwarcouncilinc	141
debate-motions	142
briggsandstratton	143
powerbassusa	144
ereplacementparts	145
bcbsmt	146
askjan	147
sharelatex	148
putlockerr	149
redbox	150
eberlinboats	151
jigidi	152
apa	153
purdue	154
mobafire	155
publicrecords	156
wellsfargo	157
strayer	158
d1baseball	159
airbnb	160
gerson	161
snapguide	162
ftbwiki	163
wordpress	164
gog	165
spanglaw	166
cuckoldpage	167
imdb	168
ebay	171
nfldraftscout	172
fashionbeans	173
stackexchange	175
foxnews	176
quizlet	177
sosmath	178
paycheckcity	179
thekrazycouponlady	180
valleyfcu	181
youtube	203
dafont	204
repec	205
tinyhousecommunity	206
putlocker9	207
triblive	208
huffingtonpost	211
coolmath-games	212
antlr	212
toysrus	213
sweetwater	214
mayoclinic	215
moddb	216
cafecourier	217
ecu	218
amazon	224
citi	225
pokemonforever	226
nike	227
xvideos	229
homedepot	232
restaurantsupply	233
yahoo	235
lyricsmode	236
usgs	237
piscatorialpursuits	238
linguistlist	239
ford-trucks	240
helenair	241
abs	242
therealtoothfairies	243
janusworldwide	244
tirefactory	245
sporcle	246
dictionary	247
evilangelvideo	249
lawyers	250
tasteofhome	251
agame	252
terapeak	253
anallizator	254
wistia	255
c21stores	256
search	257
fitbit	258
biblestudytools	258
wordreference	259
macmillanmh	260
gloryboundministries	261
dailymail	263
kottke	264
knpr	265
spankbang	266
kriskandelblog	267
ninjakiwi	268
explorerforum	269
nexusmods	271
foodnetwork	272
craigslist	279
aaos	280
putlocker	282
att	283
device-recovery	284
thenipslip	285
nymag	286
seattlepi	287
delta	288
stattrek	289
visitmt	290
playmonopoly	292
marmiton	293
kulr8	294
thebark	295
early-retirement	296
firstinterstatebank	297
thecompanystore	298
charter	299
diablowiki	300
discountpokershop	301
deviantart	302
pikore	303
duluthtrading	304
kiranico	305
norwegian	306
knowledgeplex	307
adp	308
buzzfeed	308
battle	310
wikipedia	323
acmepackingcompany	324
nd	325
nba	326
msn	327
microsoft	328
shimano	329
montanaoutdoor	330
vudu	331
montana	332
nascar	333
mt	335
mariowiki	336
boats	337
retailmenot	338
popsugar	339
menards	340
redtube	341
everesttech	342
walmart	344
ikea	345
music-tech	346
midiworld	347
classroomclipart	348
