kearneypublicschools	1
classiccars	1
go	1
centralia	1
timalmond	1
ramosandbusters	1
cnet	1
nbcnewyork	1
mankatofreepress	1
yahoo	6
wikimedia	1
everesttech	1
stubhub	1
esa	1
softwareadvice	1
stilltasty	1
mediaplex	1
americangirl	1
wordpress	1
ninjakiwi	2
ask	1
twitter	3
tenantdata	1
consolegameswiki	1
enotes	1
ne	3
amc	1
fextralife	2
history	1
fazolis	1
serialpodcast	1
whittemoredurgin	1
chowhound	2
lasvegas	1
repairclinic	1
junglesvibes1	1
uhfcu	1
wowhead	1
phonepagesinc	1
ndtv	1
med-health	1
hongkiat	1
bayschools	1
xg4ken	1
usatoday	1
edmontonjournal	1
telephonecollectors	1
dwellinginhappiness	1
gamespot	1
gamepedia	3
ketv	1
npr	1
github	1
esri	1
studyblue	2
bluemountain	1
babycenter	1
drugs	1
mercola	1
retailmenot	2
agar	2
espacioparabellezaybienestar	1
shootingtimes	1
pcgamer	1
rule34	1
nfm	2
girlsgogames	1
dailyinterlake	1
cuny	1
paypal	1
whitepages	1
trocadero	1
youtube	43
adblockplus	1
1-drivers	1
michiganredtoypoodles	1
wayman	1
newegg	2
csgolounge	1
thepiratebay	1
ford-trucks	1
purinaone	1
gretnadragons	1
pandora	1
fastcoexist	1
amctheatres	2
imdb	6
officedepot	2
thisoldhouse	1
ncaa	1
wayfair	1
expedia	1
speedtest	1
oxfordjournals	1
dell	1
sewessential	1
smckids	1
virtualsheetmusic	1
startribune	1
siddillonfordlincoln	1
hackaday	1
megabus	1
crazygames	1
hotmailsigninlogin	1
ecoseeds	1
youporn	2
vertical-smile	1
putlockerr	1
permaculture	1
nelottery	1
homedepot	1
ed	1
sheknows	2
zomato	1
corner-carvers	1
sparkfun	1
metaldetectingforum	1
intlgamco	1
smartpakequine	1
starcasm	1
bettycrocker	1
designntrend	1
bigfishgames	1
menards	1
columbustelegram	1
carsintrend	1
search	1
knowyourmeme	1
discover	1
elsevier	1
home-repair-central	1
superuser	1
pulmonaryspecialistsomaha	1
darden	1
wesleyberryflowers	1
outdoornebraska	1
buycox	1
palomar	1
lifehacker	1
fox	1
diagnosticimaging	1
craigslist	3
t-mobile	1
truecar	1
amortization-calc	1
ajronline	1
mappery	1
ew	1
weather	2
thefirearmblog	1
coursehero	11
kathybowlingdesignstudio	1
psychforums	1
willnewbery	1
freeones	4
foxfuneralhome	1
amtrak	1
washingtonpost	2
codeplex	1
ulmf	1
roblox	2
organicfacts	1
rockstargames	1
easycounter	1
netnebraska	1
nebslowpitch	1
sbnation	1
bellevistaschnauzers	1
easynotecards	1
lowes	1
directv	2
live	1
wikipedia	29
tracfone	1
backpage	1
thumpertalk	1
gottabemobile	1
amazon	14
ign	1
panerabread	1
gosunoob	1
cheaperthandirt	1
xnxx	2
cnn	1
chaturbate	1
nih	2
everythingkitchens	1
isitdownrightnow	1
cordyline	1
historytoday	1
vectorizer	1
eatright	1
unomaha	2
eve-guides	1
leasetolandstar	1
omaha	1
tumblr	1
zillow	2
ar15news	1
compare99	1
greatist	1
wow	1
namegeneratorfun	1
breezecourier	1
instagram	2
google	25
canyonlakeresortsd	1
wsj	1
brownells	1
stepchat	1
theriversedge	1
flatwaterahc	1
gamefaqs	3
foodnetwork	2
toro	1
schoolfusion	2
deviantart	1
blackwake	1
desmoinesautopartsswapmeet	1
chihealth	1
animaljam	1
venus	1
walgreens	1
yucatanliving	1
mensjournal	1
motherearthnews	1
seattlechocolates	1
journalstar	1
atkins	1
phoenixnewtimes	1
golfreview	1
stackexchange	2
smokingmeatforums	1
gamerescape	1
tomshardware	1
allegiantair	1
sfgate	2
thoughtsfromthepreacher	1
geekgirlsonline	1
purdue	1
extrudedpetfood	1
drexmet	1
intuit	1
bibleinfo	1
egullet	1
watchmoviefull	1
antiquekiwi	1
hentaihaven	2
beechaeroclub	1
uspsoig	1
consumerguide	1
gofundme	1
winscp	1
nydailynews	1
gamejolt	1
starherald	1
reddit	12
kiwaradio	1
biologycorner	1
instructables	1
unl	1
moaprecision	1
golf	1
pearsonmylabandmastering	1
tinyprints	1
illinois	1
wiley	1
snapchatpcdownload	1
mpsomaha	1
indeed	1
powerball	1
famousdaves	1
minecraftconsole	1
oplates	1
flyoma	1
artscyclery	1
mortgageloan	1
ncl	1
putlocker	3
bridalmusings	1
lyricsmode	1
quadhunter	1
missouri	1
sizeup	1
foreclosure	2
nikonusa	1
ancestry	2
metrolyrics	1
nasa	1
upmc	1
quora	1
aimsurplus	1
familychristian	1
webmd	2
schmidtslanding	1
coxcablespecial	1
gamesodo	1
steamcommunity	3
radass	1
nps	1
listenonrepeat	1
picsart	1
apartmentguide	1
thoughtcatalog	1
bbc	2
transunion	1
southwest	2
freeadvice	1
wikia	8
warframe	1
cr8rec	1
ma3comic	1
united	1
adobe	1
shefinds	1
juliantrubin	1
propublica	1
onlinetonegenerator	1
weddingpaperdivas	1
pbase	1
atresmedia	1
teamfortress	1
ubt	1
holyyogafoundation	1
baofengradio	1
cdc	1
pof	1
weddingbee	1
walmart	4
xbox	1
timewarnercable	2
kayak	1
stmarks	1
ihg	1
nfl	1
theoilersrig	1
geology	1
streamer	1
cheapoair	1
cc	1
theiet	1
daybreakgames	1
500px	1
youtube-mp3	1
ballerarcade	1
kissanime	2
experiencescottsdale	1
theflama	1
uscellular	1
food	1
cabelas	1
attackofthefanboy	1
420magazine	1
eclipseapparel	1
thefappening	1
allrecipes	2
dslreports	1
realtor	1
fanfiction	1
yourdictionary	1
louisvuitton	1
dogfoodadvisor	1
spokeo	1
aafp	1
diynetwork	1
weddingideasmag	1
jigzone	1
unity3d	1
huffingtonpost	2
laffgaff	1
landandfarm	1
vimeo	1
quizlet	4
facebook	23
minecraftsix	2
bestshockers	1
elkhornweb	1
tolkiensociety	1
steampowered	4
sagepub	1
411mania	1
yesterdaystractors	1
dogguide	1
2k	1
netscape	1
thesleepjudge	1
mccormick	1
ukutuner	1
agriculture	1
orlandosanfordairport	1
collegeconfidential	1
blackboard	1
bridgebase	1
archive	1
flickr	1
virginia	1
thingsremembered	1
nebraska	2
lincolnmarathon	2
obitsforlife	1
kearneycoc	1
lomanco	1
tripadvisor	1
1011now	1
websudoku	1
etrade	1
classicgamesarcade	1
pinterest	6
allamericanmetal	1
ironfistclothing	1
recipelink	1
macro-wow	1
d-maps	1
wrestlinginc	1
healthline	1
gethuman	1
apple	2
kraftrecipes	1
ultimate-guitar	1
xvideos	3
aaii	1
formswift	1
afa	1
myrecipes	1
dictionary	2
bramfuneralservices	1
myrelatives	1
si	1
lps	1
matildajaneclothing	1
dreamofashley	1
kpopviral	1
lushusa	1
mayoclinic	2
maurices	1
androidpolice	1
50states	2
nebraskataxesonline	1
cert	1
verizonwireless	1
pornhub	3
cplace	1
teachervision	1
chaptercheats	1
stackoverflow	1
catchannel	1
gazelle	1
microsoft	3
alliedmods	1
next2newauto	1
ebay	7
gl1800riders	1
bethanybiblefellowship	1
gunsinternational	1
maccosmetics	1
hifiengine	1
campsaver	1
businessinsider	1
spwickstrom	1
pixpix	1
microsoftonline	1
bankofthewest	1
ezhostingserver	1
nickjr	1
christianbook	1
