hvac-talk	1
kitco	1
visihow	1
go	2
mothersdaygift-grandmother	1
omnilife	1
bestsatelliteproviders	1
cnet	1
elmodelomexicanfoods	1
nmhu	1
yahoo	7
xivdb	1
haskell	1
abqtrolley	1
tvline	1
sandiaprep	1
rpodnation	1
acessinc	1
dogsnow	1
placitasrealty	1
wordpress	2
rvtrader	1
partsgeek	1
twitter	5
citationmachine	1
scp-wiki	1
consumerist	1
armstrongtools	1
gomedia	1
summitracing	1
condolencemessages	1
fextralife	1
convert2mp3	1
montescigarshop	1
history	2
teamfourstar	1
chegg	2
d20pfsrd	1
destinrealestatesales	1
hubbardsmusicnmore	1
1728	1
michaelkors	2
bingapis	1
kids	1
wikidot	1
futwiz	1
wilton	1
yamahapartspro	1
apaonline	1
husqvarna	1
reappropriate	1
sidereel	1
nytimes	1
linkedin	1
phonedog	1
thelmagazine	1
nba	1
denverpost	1
thesims	2
usatoday	1
gamespot	1
gamepedia	3
palmtube	1
silverstreak	1
delta	1
starbucks	1
thefreedictionary	1
thegardenisland	1
godlikeproductions	1
plccenter	1
tubekitty	1
agar	1
kiplinger	1
manta	1
texassuperstar	1
convertunits	1
washingtonfederal	1
suprememotos	1
rbnhd	1
dairyqueen	1
fdihb	1
whitepages	3
wunderground	2
cladwellguide	1
worldoftanks	1
youtube	37
asiatees	1
seagramsescapes	1
smogon	1
aplusrentalinc	1
howmanyhours	1
loveroms	1
newegg	1
thepiratebay	1
myfavoritegadgets	1
minecraftforum	1
bankrate	1
cbsnews	1
oilandgasbmps	1
pandora	1
msn	2
imdb	5
memecenter	1
locklip	1
thisoldhouse	1
trulia	2
wayfair	1
carlsbadnmschools	1
techradar	1
ohio	1
sandiahiking	1
speedtest	2
heavy-r	1
chickabug	1
blacklistednews	1
ligabancomer	1
nbc	1
skiptomylou	1
calculator	1
giovannispizzaalbuquerque	1
vegasworld	1
mom-bc	1
totalrewards	1
maturevideos	1
bestbuy	1
v-twinforum	1
ed	1
nmsu	2
zomato	1
classicmotorworks	1
jcp	1
hclips	1
spoongraphics	1
onetaste	1
jlbhood	1
dekuyperusa	1
researchgate	1
therogueangler	1
cotrip	1
knowyourmeme	2
wellnessmama	1
gamewinners	1
explorenm	1
superuser	2
sparknotes	1
dallascowboys	1
airbnb	1
narotama	1
lamar	1
cosplayfu	1
payless	1
in-n-out	1
shutterfly	1
la	1
medscape	1
beatport	1
ubi	1
krqe	1
vinereport	2
etemaaddaily	1
lifehacker	1
cam4	1
lenovo	1
picmonkey	1
mmorpg-life	1
craigslist	2
truecar	1
usps	2
coursehero	1
ascd	1
iccabq	1
redtube	1
contractorsnm	1
lifeway	1
sourceforge	4
ncsasports	1
prevention	1
easybib	2
tervis	1
debralynndadd	1
dailymail	1
barkbox	1
411	1
sci-hub	1
commoncoresheets	1
calipsoclient	2
hawaiianairlines	1
storeonanimeonline	1
genius	1
economtaxi	1
custhelp	2
prezi	1
greenmotion	1
images-amazon	1
muslimnames	1
easynotecards	2
lowes	1
koat	1
navy-prt	1
yellowpages	3
wikipedia	37
mobafire	1
live	1
christianhealingmin	1
tappedout	1
hotschedules	1
swendo	1
python	1
hulu	1
amazon	10
devargasfuneral	1
investopedia	1
landtrustalliance	1
arenafootball	1
clipconverter	1
netflix	1
sebiology	1
treeoflifewiki	1
mathworksheets4kids	1
cnn	2
emedicinehealth	1
xnxx	1
jcpenney	1
bernco	1
iunlockicloudlock	1
fishingnotes	1
giftcards	1
edvisors	1
melodyloops	1
utorrent	1
amazingribs	1
asdc	1
cheats4game	1
hebrew4christians	1
shooshtime	1
mvpromusic	1
tumblr	3
zillow	1
stevequayle	1
winteriscoming	1
loccitane	1
dalneitzel	1
hbogo	1
nmlottery	1
chessbase	1
texasguntalk	1
mtgsalvation	1
xhamster	2
movieweb	1
mobil1	1
sewsassy	1
happyhomefairy	1
google	28
lcps	2
thestar	1
emrn	1
publicrecords360	1
themineshafttavern	1
autoitscript	1
hp	1
factorio	1
gamefaqs	1
foodnetwork	1
deviantart	2
dailycamera	1
unm	3
goodreads	1
ipage	1
latintimes	1
cppdiesel	1
dandad	1
coolermaster	1
asknature	1
rivercitydiesel	1
emwgas	1
hotelabq	1
worldeasyguides	1
tomshardware	5
va	1
livestrong	1
bible	1
powerstroke	1
v8trikes	1
sfgate	1
leafscience	1
purdue	1
dumpshock	1
virtualpiano	1
bedbathandbeyond	1
behindthevoiceactors	1
ncsu	1
about	1
googleusercontent	1
gayroom	1
helixstudios	1
cars	2
sigmaaldrich	1
desmos	1
gpo	1
kohls	1
tommiecopper	1
postrex	1
shegotass	1
usda	1
gimmesomeoven	1
whaletail-forum	1
newspapers	1
zdnet	1
reddit	7
rebeccablacktech	1
edmunds	1
couchtuner	1
gadgetreview	1
motherjones	1
chron	1
hyatt	1
itsallabouttheyummy	1
intel	1
fusion	1
alibris	1
mybigcampus	1
team-integra	1
rpgfan	1
opticsplanet	1
mynamenecklace	1
att	1
eharmony	1
bonanza	1
waytekwire	1
blacknoise	1
lifescript	1
lawfirmrbs	1
consumerlab	1
nadaguides	1
webmd	1
escreen	1
rentthechicken	1
nypost	1
newmexico	1
buzzfeed	1
artinmotionllc	1
mindtools	1
hotair	1
steamcommunity	5
hollowearthnetwork	1
ourtime	1
yelp	1
campbellskitchen	1
southwest	1
facetime-for-windows	1
emuparadise	1
battle	3
tasteofcountry	1
wikia	9
nyu	1
differencebetween	1
adobe	2
groupon	2
marthastewart	1
walmartlocator	1
sourcefed	1
nesaranews	1
lakehavasuhomes4u	1
phhmortgage	1
discoverwildlife	1
esbuzz	1
pof	1
mo	1
hilton	1
walmart	3
todofut	1
timewarnercable	1
50plusmilfs	1
nfl	2
neon-dreamabq	1
selu	1
harborfreight	2
cc	1
upenn	1
globaltestmarket	1
theknot	1
silverstreamrailway	1
wccftech	1
rei	1
carbidedepot	1
bing	1
aol	1
planetminecraft	1
torbenrick	1
mypersiankitchen	1
cnm	1
adventureharley	1
planetda	1
realtor	1
budgetsaresexy	1
canva	1
cnjonline	1
acehardware	1
usmagazine	1
hdmovie2k	1
cycletrader	1
useaglefcu	1
justice	1
lifebuzz	1
imgur	2
huffingtonpost	3
myfrugaladventures	1
metacritic	1
quizlet	7
facebook	9
eatbydate	1
cheatengine	2
tenforums	1
pcmag	1
addresses	1
livestream	1
nintendo	1
steampowered	1
factoryauthorizedoutlet	1
copelandfurniture	1
kingarmory	1
target	1
crosswalk	1
kob	1
sweetwater	1
hollywood	1
smite	1
cocktailsandcocktalk	1
etsy	1
wikihow	3
foxhallinternists	1
abcam	1
joann	1
rockpapershotgun	1
savaseniorcare	1
getpaint	1
franchisesolutions	1
projectcamelot	1
tripadvisor	1
baseautosalesllc	1
dartsearch	1
ruled	1
energysuspension	1
dogstardaily	1
pinterest	2
forever21	1
digitalaudioreview	1
chase	3
360totalsecurity	1
whatdotheyknow	1
healthline	1
anybunny	1
apple	3
howtogeek	1
lessonplanspage	1
gct	1
xvideos	4
hentai	1
dictionary	1
merckmillipore	1
hayneedle	1
upscalejoint	1
tasteofhome	1
aa	1
communications	1
europcar	1
trijicon	1
interiminterrupted	1
americanexpress	1
globegazette	1
swinglifestyle	1
pornhub	4
manfrotto	1
janicejordan	1
stackoverflow	1
foxsports	1
removeicloudlock	1
woorkup	1
runporn	1
collegeboard	1
microsoft	4
newmansown	1
jaredashley	1
maturemoms	1
ebay	4
hornmatters	1
wedophones	1
stattrek	1
bestcheats	1
nhra	1
segmentnext	1
govx	1
msigeek	1
parentherald	1
homerhickam	1
wellsfargo	1
usaa	2
blackdesertonline	1
architectmagazine	1
scarborough	1
petmd	1
ar15	1
