longislandferry	2
democracynow	1
rivals	1
livingresources	1
stream2watch	1
thehill	3
citi	4
go	32
automotivetouchup	1
jimshooter	1
foxnews	4
bafordham	1
key	2
caloriesecrets	1
pace	1
kompletekollection	1
racked	1
jizzman	1
britannica	3
zetaclear	1
triblive	1
britishclematis	1
flixanity	1
scouting	1
cumm	1
yahoo	119
hallmarkecards	1
coupons	3
playerwives	1
forhair	1
hyundaiusa	1
thonky	2
neoseeker	1
showboxappdownload	1
ford	2
sorrentinosspaghettihouse	1
polandwanderer	1
ewrestlingnews	1
befrugal	1
compatible-astrology	1
noodletools	1
livecamclips	1
bottegaveneta	1
naviny	1
pixton	1
powayusd	1
eonline	1
thelpa	1
business-fundas	1
discogs	1
lovetoknow	1
hollywoodlife	2
viooz	1
express	3
goodgamebro	1
airgunproshop	1
pornjou	1
rosefloral	1
gatonegro	1
elinux	1
conectate	2
american	1
nhentai	1
cashvideotube	1
atlanticcity	1
fossil	1
wondershare	1
youjizz	2
elliman	1
pixiv	1
mod-minecraft	1
disabled-world	2
ffrf	1
learntoownthestage	1
ccilc	1
lifamilies	1
interviewmagazine	1
xnxx-teens	1
aesoponline	1
tcgrepublic	1
snagajob	3
laborlawtalk	1
charliefoundation	1
moikrug	1
openstates	1
topreviews	1
greatamericaneclipse	1
barelybad	1
foreignaffairs	1
filmibeat	1
ourhappyhardcore	1
propertyshark	4
seatgeek	1
eurogamer	1
ox	2
guitarcenter	2
goodyear	1
anecdotesdecuisine	1
noveltyhelmetshop	1
wgrz	1
huntingtonny	2
seymourduncan	1
twinery	1
payza	1
ratingcero	1
liquor	1
stereoday	1
wifebucket	1
mowpart	1
pbfences	1
fongaudio	1
biology-forums	1
zahipedia	1
rcc	1
123helpme	2
antennapoint	1
bddatabase	1
futbolred	1
financialsense	1
svdpwny	1
junglesvibes1	1
videosdemadurasx	2
aair	1
tcgplayer	1
filmjav	1
pressconnects	1
kabinetking	1
alt-codes	1
completehumanperformance	1
chatib	1
wepresent1000	1
comicui	1
prestigenyc	1
krav-maga	1
iaai	1
genealogyresearch	1
serebii	1
bsmovil	1
theplazany	1
whitexxxtube	1
iheart	3
sunymaritime	1
webegraf	1
mieleusa	1
gimp	1
whirlpool	1
historycommons	1
buffalobills	1
angel	1
silive	2
wordplays	1
dreamviews	1
jewfaq	1
tosbase	1
sew-helpful	1
poetryfoundation	2
fohk	1
neogaf	1
gamespot	8
nationalcar	1
gumbopages	1
fideliscare	2
komen	1
github	3
starbucks	5
littlefriend	1
powerboatlistings	1
studyblue	3
cornerstonecafenyc	1
thenomadhotel	1
advantagecartridge	1
topcad	1
nationalgeographic	2
novaragnarok	1
crystal-clean	1
thenude	1
springerpub	1
maddbloggermafia	1
veekun	1
studyguidezone	1
makeuseof	3
blomer	1
mangak	1
imgflip	1
drugs	7
scienceprimer	2
cancer	3
mozilla	5
jimssteakout	1
imvustylez	1
businessdictionary	2
largehdtube	1
liu	2
manta	3
gutenberg	1
online-literature	1
fitbit	2
premierleague	1
atlantic-city-online	1
recapped	1
coursera	1
creditonebank	1
nysenate	1
johnnyseeds	1
ucbtheatre	1
digitallesson	1
azquotes	1
alfredstate	1
denniskirk	1
berries	3
daum	1
hotmail	2
shturem	1
kent	2
kalymnian	1
crystalcommerce	1
sonos	1
tidal	1
viewalongtheway	1
ktu	1
okcupid	1
everything-wedding-rings	1
collectorsquare	1
missourireview	1
uniqlo	2
ticketliquidator	1
fdimoot	1
volvocars	1
rarlab	1
reverso	4
dreamincode	3
wattpad	1
txed	1
post-gazette	2
exambyte	1
crooksandliars	1
internetslang	1
ilsharedlearning	1
teacherspayteachers	1
alfred	1
mic	1
thepiratebay	9
in-depthoutdoors	1
squeakyfloor	1
elitedaily	2
commercialsearch	1
sheppardsoftware	1
hoxnif	1
disneygiftcard	1
danielmiessler	1
fcorgp	1
minecraftforum	5
porndig	2
cbsnews	3
opentable	1
arabianbusiness	1
generations-quilt-patterns	1
dinarvets	1
msn	5
hentaigasm	3
ftc	1
sporcle	1
uship	1
memecenter	2
brynmawr	1
ebnmaryam	1
al-bab	1
aauboysbasketball	1
trulia	9
newyorknine	1
lego	1
ohio	3
walkscore	1
samplesally	1
wardandsmith	1
sportsnet	2
mom2fuck	2
myalteredstate	1
rollsaxle	1
speedtest	4
pjmedia	1
biblehub	1
fineartamerica	1
hotels	3
gametracker	2
lovefromtheoven	1
vestedbb	1
mugenguild	1
almanac	1
usgbc-illinois	1
inforkomp	1
videospornobrasil	1
keezmovies	1
practicefusion	1
miparentscouncil	1
oneclickroot	1
cheap-auto-rentals	1
calurchin	1
listindiario	1
healingwell	1
ebates	3
stannsyonkers	1
intporn	1
dasautoshippers	1
fantasti	1
allexperts	1
drweil	1
lawyercentral	1
cushionsxpress	1
8iz	1
evanix	1
eatingwell	1
trb	1
uvm	1
thesiswhisperer	1
hotelcentraltenosique	1
obsidian	1
duelyst	1
warbyparker	2
seeckauction	1
authoritynutrition	1
antiquehelper	1
itsmahjong	1
thepioneerwoman	1
wikiquicky	1
mimomonitors	1
worldnewsdailyreport	1
holidayinsights	1
sharecare	1
consumercardaccess	1
startjuno	1
onlinemovien	1
palacedumplings	1
unicefusa	1
deadspin	2
northamericanbeagle	1
motorcycleclassics	1
rokenbokeducation	1
sherdog	1
5chajian	1
kayaktrader	1
artemisiacafe	1
sylvansport	1
thesmokingstore	1
joursferies	1
allaboutbirds	2
googledrive	1
mit	1
pokemonprices	1
regexr	1
todocanales	1
realclearpolitics	3
yoox	1
cute-games	1
askitfast	1
gettyimages	1
ucr	1
perio	1
myhomeideas	1
cayugalakenationalbank	1
logotypemaker	1
pastemagazine	2
teachersfcu	1
newschannel10	1
medilexicon	1
thumbzilla	1
pckeeper	1
start-american-sign-language	1
emagister	1
search	5
shakesville	1
flunearyou	1
aspiremetro	1
pacdv	1
droidforums	1
corningfingerlakes	1
theemilybloom	1
snoopsnoo	1
iselllakehopatcong	1
bbb	2
airbnb	1
carmelcinema8	1
minidsp	1
gov	1
fisiobook	1
wizards	3
diariogol	1
weatherbug	1
nvg	1
panasonic	1
theglobeandmail	1
leaguelineup	1
qvc	3
t-nation	1
jayandlloydskosherdeli	1
practicalhorsemanmag	1
mitierracolombiana	1
mortgagecalculator	1
huaren	1
roku	1
berkeley	2
movistar	1
iconmanhattan	1
cisconetworkingcenter	1
pearsonhighered	1
lenovo	2
vox	2
aeon	1
ebookee	1
gummymall	1
emp3s	1
pinimg	3
imgrum	1
aqua-calc	1
ew	2
desi-tashan	1
saltwaterfish	1
carmelgames	1
grammarist	2
coursehero	16
scambioetico	1
tiatizzianni	1
cursors-4u	1
besthealthandbeautytips	1
totaljobs	1
silverscreenandroll	1
superluchas	1
kmart	2
phonearena	1
prestigebloomingdale	1
amtrak	2
tlchealth	1
maggiesnyc	1
hymnsite	1
crystalxp	1
nad	1
comenity	1
jccrochester	1
symbolab	1
thedailyinfo	1
fastprinters	1
apa	1
stock-analysis-on	1
minted	1
meetingking	1
independenthealth	1
edcodex	1
ahalife	1
lawinfo	1
ngaugeforum	1
inspirationpeak	1
roblox	5
worldofwarships	1
calvin	1
xxxadd	1
latino-serialo	1
pnwboces	1
llbean	4
smartcarguide	1
usetopscore	1
quickanddirtytips	1
globalblue	1
barefootcontessa	1
medqpillbox	1
sbnation	3
rockauto	2
freemomspics	1
filmi-hd	1
prezi	5
digitalistmag	1
dxzone	1
colorlines	1
rubbermaid	1
freerepublic	1
rangerboard	1
nero	1
hanes	1
1saleaday	1
feelbabyname	1
anhtrang	1
volunteercny	1
vatel	1
dtwd	1
conencantoregalos	1
colta	1
losandes	1
seagate	1
integrativenutrition	1
yachtworld	1
wikipedia	450
dosin8	1
mastertradeplumbing	1
sandracires	1
uloop	1
cppreference	1
autism-society	1
fishkillsupplydepot	1
sosmath	1
online-movies	1
webcindario	1
snopes	3
global-cdn	2
peoplebyname	2
actionpark	1
eurweb	1
python	2
un	2
matplotlib	1
daemen	1
hulu	3
setonhill	1
vumber	1
philips	1
orangelake	1
mrporter	1
saatvamattress	1
investopedia	5
egbo	1
watchwrestling	2
siro-hame	1
techsupportforum	1
pulsd	1
pelicanparts	1
basilmarket	2
wegmans	2
fantasynamegenerators	1
torrentz	1
toywiz	2
netflix	14
ideascale	1
zipcar	1
law	1
classicmuscle	1
yifysubtitles	1
flightcar	1
jet	4
cnn	17
4women	1
moma	1
meethue	1
allstarhealth	1
raisedbeds	1
torchbrowser	1
archiveofourown	2
albany	2
kickasstorrentsim	1
nih	17
everythingkitchens	1
sports-management-degrees	2
grubhub	2
uchodzatelom	1
pyrotalk	1
frenchcrazy	2
hatla2ee	1
bp	2
mpp	1
rideapart	1
fancy18	1
medicare	1
planetfitness	2
mycould	1
whatmobile	1
podrobnosti	1
annualcreditreport	3
hewitt	2
garantieobseques	1
topologywithouttears	1
baseballsavings	1
wordreference	1
knpr	1
lakecompounce	1
mongabay	1
nyc	17
becker-poliakoff	1
cpuboss	2
treasury	1
autonews	1
claro	1
jockey	1
gamepressure	2
jmcorp	1
beebom	1
moviefone	2
xome	1
tumblr	36
seatow	1
nyc-arts	1
medialytics	2
wiizl	1
deseretnews	1
trebuckets	1
idigitaltimes	1
fulton-armory	1
freedomoutpost	1
waitingroombuffalo	1
evine	1
nypl	1
unesco	1
castlelearning	2
areavibes	1
trisports	1
afhu	1
chemicalforums	2
cracked	1
envato	1
netzerovillage	1
wow	2
barclaycardus	4
bravoautosalesinc	1
cowneck	1
movieweb	1
datosmacro	2
valuhomecenters	1
webs	1
fourloko	1
cypresscare	1
google	440
powersportsnetwork	1
watch-episodes	3
testmycam	1
ukessays	1
inkcouturenyc	1
bodyarmoroutlet	1
terripetersandassociates	1
luminafoundation	1
visasam	1
petco	1
westchesterrootcanal	1
pastorsearch	1
kissinkuzzins	1
legacy	7
mechanicalmcq	1
mejorconsalud	1
mophie	1
timelesstruths	1
schoolfusion	1
icloud	1
time	3
camwhores	1
windows10forums	1
mechon-mamre	1
stonybrook	2
construction-institute	1
rjchevrolet	1
wilmott	1
htpcbeginner	1
ifcdn	2
famousfootwear	1
tangeroutlet	1
mobilestrikedata	1
wix	1
azatrax	1
northernhydraulics	1
gardeners	3
thesolarco	1
tmart	1
britishairways	1
hafele	1
icmary	1
kora-online	1
purejapan	1
amnh	1
fidelity	3
interia	1
canalplus	1
latestone	1
minecraft-seeds	1
senai-ce	1
columbia	5
ausmed	1
supershuttle	1
airtel	1
vagrantup	1
zasshi-online	1
gobroncobilly	1
hss	1
griffinmilitaria	2
macstube	1
gamehouse	1
astrofix	1
teva	1
pennsauken	1
acecil	1
vrbo	1
coinstudy	1
whitehouse	1
movieinsider	1
creately	1
artpromotivate	1
vulture	1
theblackalley	1
nyshealthfoundation	1
omegawatches	1
redferncompanions	1
westernreservepublicmedia	1
upfuel	1
wsls	1
doctormurray	1
levinebenjamin	1
gufs	1
bible	1
synonym	1
mrrebates	1
sfgate	5
soulshepherding	1
wildcenter	1
fonemolabs	1
peliculasdeprincesas	1
skift	1
informer	1
pdfcloud	1
firestonecompleteautocare	1
about	11
googleusercontent	1
firstwhiteplains	1
kinderhooklibrary	1
henschke	1
osha	1
ccsd	1
rincondelvago	1
feiertagskalender	1
kohls	6
lavasoft	1
makeupmartini	1
healthboards	1
jav4you	1
firstniagara	3
citizensbank	1
nano-reef	1
animenewsnetwork	1
nissanversaforums	2
techpowerup	1
tasseldepot	1
viki	1
quarterdesigns	1
mnn	1
usda	1
hotelairportplaza	1
ubuntu	1
friedmanllp	1
stormking	1
allwomenstalk	1
toyota	2
extremetube	1
retroringtones	1
lijsoccer	1
moviepilot	3
rashanghar	1
thebuildingcodeforum	1
chemsynthesis	1
carvideotube	1
megafilmeshd20	1
pennstatehershey	1
decayoflegends	1
al-monitor	1
instructables	3
fetlife	2
image-line	1
rentalsonlakeerie	1
juggsjoy	1
changingminds	1
ss64	1
collarspace	1
babestan	1
syncrat	1
truthaboutpetfood	1
loxblog	1
hugehd	1
merriam-webster	8
freetranslation	1
askmen	1
samesites	1
garden-ny	1
ethanellenberg	1
got-archery	1
massivemusic	1
thespiritscience	1
marvel	1
barbaranowak	1
carcarekiosk	1
birdbraindesigns	1
tap4call	1
climatedepot	1
predatorproamtour	1
lasierrafilm	1
zieglers	1
humblebundle	1
ynet	1
mandiant	1
asu	1
gmcf	1
scotts	1
plannedparenthood	1
thrillist	1
nbcsports	1
carouselworks	1
mcw	1
jpmorgan	1
penfield	1
savefrom	1
risdall	1
dltk-kids	1
focusonthefamily	1
tradownload	1
clipgrab	1
hourglassangel	1
putlocker	12
mysexhookups	1
ratemyprofessors	2
umn	2
thecelebrityauction	1
songkick	1
infinitysw	1
epm	1
philippineblooms	1
eymm	1
windowtreatmentsandfabric	1
jmap	3
usna	1
nasa	3
360doc	1
nassauparadiseisland	1
devbootcamp	1
presentermedia	1
ctbythenumbers	1
olx	2
hotsauce	1
truckingtools	1
lunapic	1
citysightseeingnewyork	1
animaldottodots	1
dedicatedtodaniel	1
contempospace	1
sit4life	1
truevaluepaint	1
nadaguides	2
webmd	6
pasesetter	1
rumorfix	1
nab	1
flightsim-scenery	1
milog	2
insidethemagic	1
ios-data-recover	1
sabserial	1
projectfreetv	1
earlymoderntexts	1
ifunny	1
identi	1
yify-torrent	1
rapeasian	1
goodtherapy	1
tradingeconomics	2
buzzfeed	5
kosherinthekitch	1
gsmarena	3
spirit	1
burritobay	1
makespace	1
docbrown	1
bigupgadgets	1
amny	1
prizerestaurantequipment	1
terraria	1
udemy	1
2-remove-virus	1
pathofexile	1
theclassicporn	1
ws-tcg	1
kayavolunteer	1
txt2day	1
station	1
nextavenue	1
soap	1
ncjrs	1
zermatt	1
pehub	1
atpworldtour	1
monogram	1
rocketlawyer	1
ibest9	1
4rev	1
petapixel	3
prepscholar	1
mytractorforum	1
estatesales	1
theparkschool	1
arunrocks	1
bayberrycommunity	1
groupon	10
adobe	6
visa	1
gvnet	1
pdfaid	1
envelopesuperstore	1
cduniverse	1
warpportal	1
brandrunningaustralia	1
savedeo	1
staticflickr	1
noreast	1
legs-r-us	1
classfinders	1
learnerator	1
inboxdollars	2
alexandani	1
fagay	1
randolphyouthsoccer	1
swillburg	1
offqc	1
hbonow	4
smartphonesforum	1
liversupport	1
gamedev	1
macworld	1
scovillemenochevroletgmc	1
geeksforgeeks	1
1000bulbs	1
tcb-bank	1
nj	1
skyzone	1
teamfortress	1
crb2	1
indiaeveryday	1
machinima	1
tubepatrol	6
mybeautyloots	1
islamicvoice	1
mtggoldfish	1
z-stuff	1
nai-nl	1
promocode2016	1
itch	1
freegames	1
ucdavis	3
slp	1
dailyfx	1
citymaps	1
xbox	1
atariage	1
projectpokemon	1
newpeopleworld	1
epa	4
hollydaydesigns	1
whosdatedwho	1
journaldesfemmes	1
tidido	1
kayak	3
ihg	2
bubblespan	1
wilhelmina	1
isohunt	1
popularmechanics	2
shape	1
multor	1
thewatchseries	3
247wallst	1
dulfy	1
curezone	1
asset-cache	1
daybreakgames	2
advanceautoparts	1
suny	2
coriolis	1
goddard	2
bikeradar	1
ups	3
apartmenttherapy	2
pustakalaya	1
baidu	3
aol	17
suburbanorthodox	1
nmerrickschools	1
biohack	1
manhattan	1
adult-sex-games	1
allrecipes	8
hersheyentertainment	1
valdostatoday	1
ubuntuforums	1
charlotteappliance	1
math	1
kubuntu	1
thechive	1
firesidegames	1
swapalease	1
accountonline	1
rentacenter	1
goway	1
indiacurry	1
yangming	1
treeofsavior	6
streeteasy	4
coursesites	1
applesencia	1
riccoydolce	1
citefast	1
wisc	3
tdl	2
fwmk-law	1
citibank	1
jeanbaptiste	1
fcny	1
oldmanstownship	1
nflmocks	1
esl-lab	1
bgr	1
flavorwire	2
netmng	2
tvguide	1
salary	3
hko	1
guitarfetish	1
facebook	190
biblegateway	4
boohoo	1
ictgames	1
michaelsautonh	1
nationalactionnetwork	1
wolframalpha	1
uc	1
unoriginalmom	1
pcmag	3
ageofwushu	1
steampowered	9
rasmussen	1
ticketmaster	9
cookinglight	1
venmo	2
hdmovie14	1
gandermountain	1
gaycamvideos	1
chickenbones	1
crzforum	1
flokka	1
goasiantv	1
brainly	2
guardhouseholders	1
boobpedia	2
soundcloud	6
agriculture	1
postaljobsauthority	1
akburns	1
target	20
nassauboces	1
mycokerewards	1
easytogrowbulbs	1
wipo	1
quabook	1
pso-world	1
slimwalletjunkie	1
strongholdgames	1
pornoxyu	1
stewartsshops	1
ratemytoilet	1
belmond	1
dennis-carpenter	1
udayton	1
pre-employmentscreening	1
visionbrokerageservices	1
thesimpledollar	1
ketodietapp	1
bu	1
earlymorningfarm	1
audible	1
basspro	1
archive	1
vacuumsavvy	1
whosampled	1
al	1
dicamillobakery	1
era	1
hpmuseum	1
weebly	7
factsbehindfaith	1
shacknews	1
nursingtimes	1
ycharts	1
frostwire	1
myanimelist	5
p3international	1
bozemanscience	1
zara	1
reclameaqui	1
raymourflanigan	1
betsafe	1
skype	2
lincolncenter	1
ulstercountyny	1
tripadvisor	28
drf	1
hotsaucedepot	1
liftsecurity	1
videoclips	1
etrade	1
newyorkcares	1
digitalpoint	1
pinterest	30
mforos	1
flightclub	1
plentyoffish	1
postsecret	1
gamewith	1
maracasny	1
vidsshare	1
viator	1
animeland	1
tiffanypeay	1
gamecupid	1
omegle	2
anybunny	3
barenecessities	1
guiadohacker	1
xxxvideotuber	1
opendatany	1
enkivillage	1
sweetspotastoria	1
mangahere	2
hawaalive	1
dictionary	8
readaloud	1
simplicity	1
boweryballroom	2
shoepalace	1
creditkarma	1
uvntrack	1
montimoreno	1
broadwaydirect	1
e621	5
theboot	1
fancystreams	1
ytpals	1
webn	1
jegostrona	1
austinjug	1
wolfram	3
collegemagazine	1
americanexpress	3
realtimewithbillmaher	1
countrycurtains	1
ritathletics	1
oceanconservation	1
wow-professions	1
onetravel	2
allbluebook	1
scottksmith	1
calculatorsoup	1
menupix	2
thehockeywriters	1
peekyou	1
driverscloud	1
earlysunriserealty	1
apug	1
squareup	1
nextmedia	1
latinchat	1
aboutunemployment	1
com2us	1
eroids	1
holidayinn	1
tgifridays	1
screenrant	1
overdrive	1
catteryworld	1
kenyon	2
wroteit	1
familypoolfun	1
blackvoicenews	1
wheeldecide	1
dentalcare	1
fruit	1
bumped	1
gicare	1
adam4adam	2
collegeboard	12
wmacny	1
onlinestatbook	1
audiologyonline	1
morewinemaking	1
theweathernetwork	1
missmalini	1
theme-fusion	1
collectorville	1
sportsunlimitedinc	1
schoolwires	1
allnurses	2
mathway	1
run-li	1
reason	1
moi	1
maccosmetics	1
smithsonianmag	1
sho	1
swarthmore	1
ccbillcs	1
bridwellautocenter	1
gpacalculator	1
cosmopolitan	1
diamondherbs	1
finishline	1
businessinsider	2
tvaddons	1
swtor	1
microsoftonline	5
bleacherreport	8
onbestdeals	1
people	1
at	1
mcskinsearch	1
npmjs	1
wetransfer	1
moserengineering	1
findagrave	3
timeanddate	5
centralbank	1
cityofrochester	1
ng-learn	1
tor	1
musictimes	1
hottopic	1
tracysbeautyblogsphere	1
wctv	1
e-zpassny	3
quizrocket	1
historyvshollywood	1
humansvszombies	1
thecarconnection	2
avaya	1
bukkit	1
qz	1
wrestlingnews	1
intoday	3
mooreclocks	1
team-xecuter	1
matanzasappraisal	1
matematikciler	1
navient	1
behance	1
cnet	8
fortin	1
cusd200	1
universalorlando	1
mmofps	1
asos	2
theconversation	1
sunnyneo	1
chemrx	1
biblioklept	1
bulletproofme	1
boscovs	1
paulsmiths	1
stubhub	4
westeros	5
facerig	1
yibada	3
unc	3
warwickadvertiser	1
watchdbzsuper	1
mee6	1
japaneseemoticons	1
carsdirect	1
nwlc	1
harinezumi-teatime	1
watchgalis	1
fermedesaintemarthe	1
patienteducationcenter	1
enchantedlearning	2
gardenweb	3
mediaplex	1
sotc	1
usgamer	1
ereplacementparts	2
strongertogether	1
illinoisstate	1
ambfurniture	1
ppsmarket	1
thesimsresource	1
radaris	2
brachot	1
uflix	1
automotiveavenuesnj	1
dramione	1
aaa	3
mobogenie	1
sthugh	1
avrany	1
bankofcastile	1
listverse	2
backcountryedge	1
looksharp	1
popsugar	5
mathwarehouse	1
maryvaleufsd	1
clicktime	1
globalcashcard	1
fextralife	16
inc	3
freeroms	1
lakepowell	1
curiousv	1
tomorrows-people	1
chegg	6
karaokeparty	1
proaudiostar	1
retira	1
ascomp	1
anntaylor	1
cgmasteracademy	1
bomcondutor	1
nbtbank	1
pethealthnetwork	1
sunland-park	1
whatsapp	1
wdpromedia	1
animetv	1
seattleaudubon	1
dogfood	1
eschooldata	1
yooying	1
everydayhealth	1
sabq	1
future500idcamp	1
nordstrom	4
learningall	1
fox43tv	1
philly	2
videogamer	1
venturebeat	1
nytimes	25
kinovo	1
trsretire	1
act	1
homegoods	1
linkedin	18
couchsurfing	1
wowhead	8
louisck	1
woot	1
plos	1
worldatlas	1
extreme-board	1
henrystreettaproom	1
discordapp	1
mplayerx	1
holidayice	1
microsoftstore	1
johnnyshalfshell	1
nba	2
lymanproducts	1
motosport	1
nychhc	1
1377x	1
indyarocks	1
primerahora	1
timeout	3
ucirvinehealth	1
pafcu	1
earthquaketrack	1
hockeymonkey	1
petfinder	2
pbworks	2
rpgmaker	1
fairfield	1
ezfacility	1
pacificschool	1
gameplanet	1
primewire	2
xg4ken	1
fulltonovip	1
kongregate	2
thesims	1
woodcraft	1
webcamrecordings	1
cbssports	3
httpcn	1
mocomi	1
miraclebamboobra	1
raptr	1
talkshowyoutube	1
candycrushsodasagatips	1
musicme	1
videopower	1
revolvy	1
npr	4
holistichelp	1
cmfoxrealestate	1
delta	5
collegemeasures	1
ourtimebd	1
ushistory	3
worldofmods	1
peachandlily	1
corsica-ferries	1
helloquizzy	1
mojang	1
muzofox	1
gardeningknowhow	1
pafoa	1
printvilla	1
retailmenot	12
altervista	1
businessofcinema	1
goop	1
cockhero	2
boston	3
rutgers	1
chroniclevitae	1
thaikhmermovie	1
sindrive	1
plattsburgh	2
practicenotes	1
howtonode	1
atomikclimbingholds	1
zmovies	1
newhealthguide	1
flixsearch	1
appcelerator	1
unfair	1
sweethaven02	1
wgnamerica	1
capitalnewyork	1
galenaparkisd	1
java	1
dermnetnz	1
vegasexperience	1
uncorneredmarket	1
europeforvisitors	1
devry	1
kryon	1
nyyfansforum	1
youtube	532
getgraphic	1
gayquation	1
ladyfootlocker	1
petslovetoshop	1
hojo	1
cityhonors	1
moreofit	1
veggieboards	1
osu	2
medicinenet	5
coasttocoastam	1
ovguide	2
pocketgamer	1
thriftbooks	1
lumberliquidators	1
leerlibrosonline	1
mygabin	1
sosradon	1
rochester	5
newschoolers	1
nudevista	3
pornmd	1
hohnerkids	1
webtoons	1
riteaid	1
nasdaq	2
iartprints	1
dw	4
cargurus	5
politico	3
reviewed	1
corpconnect	1
ufc	1
modernizr	1
ecfmg	2
wayfair	8
ncaa	1
techradar	1
black-desert	1
shouldiremoveit	1
redwoodbarn	1
taringa	1
ship	1
excelfunctions	1
123inkjets	1
anagrammer	1
downtownexpress	1
walleyecentral	2
computerhope	1
broadwaybox	1
thefutoncritic	1
nba-stream	1
gorerentals	1
army	1
pureinsurance	1
you-books	1
glensfallscc	1
turnpoint	1
lulus	2
acca	1
utexas	1
starsue	1
spacenj	1
nationsphotolab	1
claires	1
bbqsource-forums	1
lifelock	1
italianfoodforever	1
golfsmith	1
disqus	1
dirttrackdigest	1
mlsli	2
ponant	1
fappingclub	1
jewishamericanheritagemonth	1
bizrate	1
putlockerr	3
significados	1
faqbay	1
fishretail	1
erpgreat	1
dmcsidecars	1
audisrs	1
unixetc	1
homedepot	29
thevapecaveyo	1
classadrivers	1
romanticflyers	1
gameitems	1
orthodoxwiki	2
ducksters	1
tactics	1
boostmobile	1
laptopmag	1
cadillac	1
thedroidguy	1
physiciannaturals	1
sunysccc	1
ustream	2
nationalenquirer	1
amallitalli	1
dhs	1
mcleodgaming	2
ucl	1
education	2
studentclearinghouse	1
ucar	1
gsmcodeserver	1
telegraph	4
pirlotvlive	1
abbreviations	1
starwars	1
negahmedia	1
kingstoncaps	1
synchronycredit	1
churro	1
thekitchn	3
uft	1
mielleorganics	1
prodigygame	1
ahfb2000	1
ifirstrowus	3
cartridgeworld	1
tricycle	1
tvsubs	1
simsglobe	1
lulu	1
gamestop	3
haitisupportgroup	1
hdx3	1
manatipr	1
lamar	1
swisslegend	1
poets	1
trustedreviews	2
vultr	1
sudoku-solutions	1
williams-sonoma	1
secretariatassistant	1
pinstripealley	1
umingo	1
snapper	1
menupages	1
watchknowlearn	1
kickstarter	1
trucoslondres	1
mallsofamerica	1
layersofhappiness	1
labdraw	1
celebirthdays	1
garciniacambogia100pure	1
craigslist	45
jagdishgos	1
enginelabs	1
gentlehandsinc	1
amsa	1
usps	14
tmonews	1
weather	19
mindyourdecisions	1
thesaurus	10
uclick	1
ro-ny	1
tr563	1
hiddenhitch	1
streamline-servers	1
quickposes	1
freeones	2
justanswer	1
jssor	1
wednet	1
paperrater	1
imprentasbaffi	1
teachaway	1
pigeonsandplanes	1
vin	1
jrbicycles	1
nd	1
diva-portal	1
dissertation-editor	1
dusiznies	1
tradeking	1
mountaincreekcabins	1
modthesims	4
tipjunkie	3
acphs	1
salesteamfocus	1
unian	1
costcochecks	1
megashare	1
leagueoflegends	7
totaljerkface	2
piratebay	2
zkipster	1
lyricsfreak	3
nslijweb	1
rockstargames	2
surveymonkey	1
themathpage	1
pokemondb	2
akronsoccerleague	1
genius	10
mpaths	1
pmatehunter	1
worldsnooker	1
canstockphoto	1
hirepurpose	1
wacom	2
voluntourista	1
syvum	1
1called	1
chryslerminivan	1
seawhothit	1
motogp	1
swansonvitamins	3
invert-embryo	1
pornsharing	1
ultimatebootcd	1
yellowpages	3
mobafire	7
newsflare	1
change	1
circuitstoday	1
popcornflix	1
bartleby	1
ospreypacks	1
batteriesinaflash	1
mcmaster	1
readmetro	1
equinenow	1
fivethirtyeight	2
showtimeanytime	1
adidas	3
ustraveldocs	1
nybakery	1
nismashop	1
1plus1tv	1
vins-pomerol	1
mercurynews	1
kremlin	1
steamanalyst	1
wildtangent	1
pornorabitt	1
mansioningles	1
africaresource	1
mavistire	1
o-suck	1
air-n-water	1
femdomcc	1
codeartist	1
mlblogs	1
acronymfinder	1
myforecast	1
tracxn	1
thelionteamnyc	1
handjobhub	1
celebritynetworth	1
jcpenney	2
plymouth	1
izurvive	1
procon	1
forestry-suppliers	1
nsproducts	1
nyra	1
vidtomp3	2
dramacity	1
guinnessworldrecords	1
mybigtitsbabes	1
audentio	1
ultimateclassicrock	1
hornbunny	1
wholefoodsmarket	1
pole-emploi	1
voyages-sncf	2
oswego	1
savethechimps	1
nobullying	1
urbanleakz	1
birdsoutsidemywindow	1
utorrent	2
academy	1
caller	1
energizedrealtygroup	1
onlinecreditcenter6	1
nycbikemaps	2
4chan	4
gogoanime	4
gesek	1
tune	2
hqhole	1
tastingtable	1
bssbank	1
naturalnews	1
evgrieve	1
homeadvisor	1
freshnet	1
vayama	1
mentalhealthamerica	1
apsu	1
fashionista	1
aiu3	1
avma	1
easycalculation	1
myvtc	1
lots0cash	1
bollywoodlife	1
rhinoforums	1
tutorialku	1
rimonthly	1
hespress	1
sunearthtools	1
planeta-mult	1
radio-online	1
dunntire	1
diablofans	4
paperpresentation	1
auctionzip	3
thefuntimesguide	1
anita	1
masimagenes	1
lanterntheater	1
gasl	1
startups	1
veoh	1
thenorthface	1
greenlawnfarms-ny	1
austech	1
foodnetwork	9
deviantart	10
toptenreviews	4
videobank	1
houseofsoforte	1
bladeforums	1
tut	1
cplusplus	6
monroecc	1
vitacost	2
gastronomia	1
xpgamesaves	1
mirror	1
bigblueinteractive	2
wildstar-online	1
hmhco	1
vintagesleds	1
cheapfareguru	1
gamevilusa	1
kinogo	1
dashnet	2
urbanoutfitters	2
bagelsngreens	1
oclc	1
emaxhealth	1
lbimedia	1
study	7
bhphotovideo	9
shu	1
graze	1
boomsbeat	1
unb	1
junk-king	1
translancer	1
janaswedding	1
petsafe	1
navywriter	1
tistory	1
sitejabber	1
planbonestep	1
91ddcc	1
caravan	1
gwu	2
airgunsoftexas	1
seatguru	1
realcoolvideos	1
seamless	3
yts	2
nsu	1
gluten	1
watchmovie	1
videosdeincestos	1
maturealbum	1
okcaller	2
tomshardware	7
socialanxietyinstitute	1
shymkent	1
hearingaidacademy	1
nifty	1
bcbsm	1
publicauction411	1
karendekker	1
sjsd	1
priceline	1
code42	1
portlandnursery	1
wku	1
mylust	1
bestreviews	3
hotspotsalonandspa	1
zodiackiller	1
shemalemodelstube	1
pressrepublican	1
uexpress	1
theweek	1
porn	1
careerjoin	1
wordmissionchurchinternational	1
vitals	2
intuit	5
appamatix	1
hawaiihie	1
stjosephsabudhabi	1
consumersearch	1
tested	2
eecp	1
enjin	1
head-fi	2
pornobuceta	1
beezerboy	1
minitab	1
eaea	1
freeforums	1
ieee	2
elon	1
fixya	2
raz-kids	1
ptzoptics	1
autoanything	1
may1	1
italiaitaliano	1
priceritesupermarkets	1
foxporns	1
bestrussiantv	1
orgsyn	1
acfun	1
superchevy	1
nk	1
omtimes	1
beeg	1
cymax	1
queendom	1
gurneys	1
eclipsecomputers	1
bignosebird	1
estacio	1
nhl	4
movies4you	1
couchtuner	1
carminesnyc	1
chron	7
companyowl	1
hessmer	1
ooyyo	1
golf	1
uenr	1
tommy	1
cassiedepecol	1
dramanice	1
hotelscombined	1
freemidi	1
mountaingoatrun	1
copradar	1
creditcards	1
ganool	1
empressminiatures	1
oup	1
scoopnest	1
javstore-hd	1
netgear	2
colombia	1
designscrazed	1
bestappleprice	1
potterybarn	1
chemteam	1
indeed	14
bananaidolshow	1
foodtrucknasruas	1
porntube	1
tommyjohn	1
hotshotshotsauce	1
golos-ameriki	1
justballgloves	1
techulator	1
ncl	2
gazetadopovo	1
rec-tube	1
pricechopper	1
dominicandatingconnection	1
byzantinemuseum	1
truckersedge	1
midwestsupplies	1
ncc	1
louisarmstronghouse	1
mom	2
r-bloggers	1
stellaceptforums	1
ancestry	5
yandy	1
grainger	1
mi-foro	1
spacebattles	1
ramseyoutdoor	1
ancensored	1
agkn	1
experienceproject	1
thedronefiles	1
beachchairscientist	1
protonex	1
uiowa	1
tomatousb	1
silvercoins	1
kfor	1
dragonballtime	1
cpulster	1
harley-davidson	1
etonshirts	1
eponymousflower	1
haaretz	1
mythd-club	1
collegexpress	1
campersinn	1
toysrus	2
longisland	1
thebitbag	2
recovery-android	1
thefix	1
rezora	1
pearsoned	3
autotrader	2
rmsc	1
urj	1
teanabroad	1
askubuntu	1
hbgsd	1
nypost	8
championcounter	1
radford	1
radiorocio	1
cafeastrology	1
geologyin	1
coolrunning	1
newyork	2
epipen	1
steamcommunity	31
fantasyflightgames	1
inspirednutrition	1
listenonrepeat	1
acousticguitarforum	1
carlchapman	1
topdesignmag	1
physicsforums	2
bustle	2
armandomontelongo	1
unblockdomain	1
muyzorras	1
flowerdelivery	1
haulinitllc	1
deadgames	1
squarespace	1
southwest	2
emuparadise	2
netsoundsresources	1
battle	5
coach	1
pepboys	2
southerntierchevy	1
lizardpoint	1
nicebusschedules	1
united	1
greececsd	1
wcny	1
marthastewart	2
gameofthronesseason6episode2	1
regentsprep	2
macmillan	2
projectworldview	1
formula1	1
indexxx	1
hoskinghardwood	1
texasroadhouse	1
o-mighty	1
science20	1
dailydot	1
secureserver	1
hotmovies	1
lejike	1
dirtyasiantube	1
parsippany	1
lucasoil	1
orientexpress	1
walmartone	1
stedwards	1
benchwarmer	1
cookiefactoryllc	1
merchantcircle	1
marsdd	1
golfwrx	1
utsouthwestern	1
baby2see	1
buffalorumblings	5
filmstreaming	1
jcwhitney	1
planetpublish	1
capes	1
blu-ray	1
laimoon	1
metroid-database	1
dmso	1
pgatour	2
intmath	1
media-match	1
brthemes	1
pptfaq	1
eastbay	1
lorextechnology	1
artprice	1
nintendoeverything	1
wsrc	1
drita	1
fontspring	1
campintouch	1
greenviewfertilizer	1
nerfplz	2
greatvalleyfireco	1
nshoa	1
containerstore	1
elsevierhealth	3
alohatube	2
upenn	1
youtube-mp3	4
theknot	3
marasculpture	1
glock	1
kissanime	4
thefiscaltimes	1
topsmarkets	3
deepin	1
metareddit	1
dasanfall	1
tv	1
gocardinalsports	1
accountingtools	1
cabelas	1
theimpossiblequiz	2
tvonlinelimbo	1
owensmartialarts	1
gq-magazine	1
harpersbazaar	1
nycbestbar	1
thepaleodiet	1
slack	1
twc	1
pro-football-reference	2
torrents4all	1
briggsandstratton	1
hsbc	2
allocine	2
woodturnerscatalog	1
solutioninn	1
dslreports	1
brighttherapy	1
newsweek	2
9minecraft	1
fedex	4
customstickershop	1
bushcraftnorthwest	1
imgix	1
wjgnet	1
realtor	12
laws	2
aofmakeup	1
royalgames	1
danse-macabre	1
nola	1
lifeder	1
lexusofrockvillecentre	1
spokeo	2
usmagazine	2
thecoli	1
soma	1
gethuawei	1
rankingsandreviews	3
nursingsociety	1
bethpagefcu	1
redalyc	1
qmuniforms	1
anthem	1
twstats	1
andysautosport	1
americanfunds	1
therighthairstyles	1
meraki	1
fangraphs	3
ifly	1
eqmages	1
barnesandnoble	1
gilmorenews	1
fandango	2
cheatengine	1
healey6	1
anthologyfilmarchives	1
minecraftsix	2
openbible	1
altlinux	1
montrealvisitorsguide	1
etddiscounttire	1
vettefacts	1
childwelfare	1
financewalk	1
gbrobertsagency	1
tntdrama	2
tractorsupply	3
meowiso	2
fostermotorco	1
yale	1
qu	1
activityvillage	1
mlive	1
edreform	1
talkbajan	1
frontier	1
edgemontsc	1
cnsnews	1
mylush	1
cruzetalk	1
slovakcooking	1
roslynvillagegallery	1
medium	1
ccm	5
victorspizzaandpasta	1
nesaporn	3
stripers247	1
estellesdressydresses	1
ppy	3
worldofsolitaire	1
wikihow	15
freetone	1
cyberlink	1
playtrickster	1
chutneymary	1
cuisine-france	1
romania-insider	1
slate	4
corneacare	1
pornharmony	1
socialanxietysupport	1
anandtech	3
switchingtomac	1
3dprinters	1
colourpop	1
nycaudubon	1
inven	1
gsu	2
dagonbytes	1
casioeducation	1
nbmgmt	1
state	7
hobbylobby	2
romanmade	1
mobilexweb	1
data	1
juliasweeney	1
mdanderson	1
interviewexchange	1
fatquartershop	1
tvairdates	1
opm	2
irs	4
emunahchannel	1
oasisnyc	1
airvinnitsa	1
goodinbed	1
bigskytool	1
blueapron	1
credit	1
gracelandbrooklynnewyork	1
brightdrops	1
voanews	1
sierraclub	1
consequenceofsound	2
world-religions-professor	1
searchamateur	1
mygolfspy	1
tudou	1
ijaict	1
windowparts	1
godaddy	1
chase	14
linda-goodman	1
spatiallearning	1
thewoodsmanmagazine	1
mtb	1
nosdevoirs	1
sublimetext	1
wrestlinginc	1
issteamdown	1
wordfind	1
123notary	1
kraftrecipes	1
health	1
valueline	1
ultimate-guitar	6
historydiscussion	1
xvideos	53
syr	7
ranker	2
shultsnissan	1
generalsjoes	1
si	5
literarydevices	2
globalcyclingnetwork	1
instantcheckmate	1
puremature	1
bank-locations	1
apkmirror	1
khanacademy	4
reference	1
lps	1
panda	1
mercatobarandkitchen	1
aa	2
sparkpeople	1
jlaforums	1
librerianorma	1
bailbondcity	2
highlightreviews	1
canadavisa	1
timebie	1
halstead	1
ub	1
mpcourier	1
mayoclinic	8
packers	1
coldsteel	1
coolrom	1
grannypornpics	1
sanfoundry	1
ilmatieteenlaitos	1
countryplacesinc	1
untied	1
glass-elevators	1
cvent	1
publicrecords	1
factcheck	1
impactjournals	1
stackoverflow	43
texasheart	1
step1models	1
pennlive	1
napaautojobs	1
foxsports	1
citypass	1
lakehouse	1
hitesite	1
bmwbum	1
foodandwine	1
hotpads	1
growyourown	1
runporn	1
oxhp	1
microsoft	22
aufeminin	1
independent	3
theodysseyonline	1
lesedwards	1
hudl	1
sunyulster	1
iqbalurdu	1
wholevegan	1
laguardia	1
c-ij	1
origin	1
vg247	3
discuss	1
boxrec	1
mckesson	1
hopelakelodge	1
chem4kids	1
urmedicine	1
indianetzone	1
uwsp	1
salespider	1
random	1
cheathappens	2
ahoroskop	1
copicentrodigital	1
greenfelt	1
tubemillion	1
gap	1
vintage-hotels	1
uscis	3
samsungdrivers	1
icelandairhotels	1
behindthesteelcurtain	1
khwiki	1
h3xed	1
hardcoregamer	1
stardewvalleywiki	1
ebags	1
theverge	1
shopping	1
ishares	1
m4ufree	1
worldbank	2
moanmyip	1
chineseinla	1
mp3songpreview	1
adultmaturepics	1
starz	1
hasitleaked	1
goodmenproject	1
rive-france	1
ghin	2
albertine	1
18tube	1
spotify	4
javidol	1
biblestudytools	1
scholeio	1
aq	2
steporebook	1
pcadvisor	1
tasteofcinema	1
go2hr	1
circuitbasics	1
musingsofamuse	1
telesal	1
dayzdb	1
martyncurrey	1
blink182	1
massmuscle	1
competitivecyclist	1
futures	1
audiocircle	1
redfin	4
roadrunner	4
croplife	1
acmehowto	1
abc30	1
ipornogratis	1
rschronicle	1
jmhs	1
wordpress	23
seacrestbeachhotel	1
unimi	1
complex	1
nationalpriorities	1
ask	4
sdsu	1
prodeez	1
guestlistapp	1
macmillandictionary	1
tvbusa	1
dnvod	1
crownwineandspirits	1
twitter	58
hearthpwn	3
sketchup	1
prostatecancer-riskcalculator	1
healthunlocked	1
mta	7
footlocker	1
blogspot	1
thisjapaneselife	1
psychologytoday	5
allaboutdoors	1
playitmovies	1
angelfire	2
enotes	4
umanovguitars	1
plattscsd	1
mdjunction	1
leroy	1
19mall	1
spanishdict	6
a1spiceworld	1
hbo	3
dreamtrannytube	1
mammothgiftideas	1
pragueoperatickets	1
mommynearest	1
dhgate	1
pirate4x4	1
tomsguide	3
startbootstrap	1
history	7
greyhound	1
weathertech	1
ursongspk	1
michaelkors	2
westfaliasforsale	1
wallhaven	1
mp3lie	1
faraweek	1
freetoursbyfoot	1
6pm	3
kizi	1
plant-quest	1
8notes	1
discounttiredirect	1
snu	1
tufts	2
incrediblydetailed	1
ripoffreport	1
ipaddicas	1
bestincloudstorage	1
thebluealliance	1
metacafe	1
wolsteincenter	1
singletrackworld	1
geni	1
comingsoon	1
nyceac	1
rtrk	1
ae	2
budgetbytes	1
tsirtech	1
rt	2
kidssundayschool	1
hammacher	1
searchhomeremedy	1
office	2
melitta	1
cmu	4
hobbytron	1
knowledgeinbox	1
loopnet	1
stopandshop	2
billburr	1
thewirecutter	2
cheapflights	2
softonic	5
adelphi	2
newyorkscienceteacher	1
mheducation	2
whitehorsegear	1
weismannweb	1
entireeducation	1
podbay	1
flightrising	1
kaplanuniversity	1
absolventa	1
gardensalive	2
denverpost	1
hongkiat	1
baldingbeards	1
naviance	3
visagesoft	1
watertowndailytimes	2
gothamist	5
stateoftheair	1
americanapparel	1
netau	1
userbenchmark	1
thepittsburghmarathon	1
faucetdirect	1
hummingbirds	1
nycourts	3
theatlantic	2
mediaite	1
practicalmachinist	1
hawaiiindependent	1
fixitshop	1
troweprice	1
lowrance	1
nelnet	1
cheatsheet	1
mob	1
vocabulary	3
gamepedia	11
wheel-size	1
aan	1
theway	1
breakingtheviciouscycle	1
rawstory	3
tapuz	1
chaminade-hs	1
mlb	9
samsung	2
alltheparties	1
indiatimes	2
csscheckbox	1
huntrealestate	1
vine	7
lonelyplanet	2
bedbugregistry	1
planetsuzy	1
brazzers	1
sur	1
bornfitness	1
ravenresearch	1
centurymartialarts	1
paramushyundai	1
babycenter	1
artofmanliness	1
skidrowcodex	1
dirtcheapsigns	1
lifeant	1
agar	3
kiplinger	1
jerryssportscenter	1
zodiac-signs-astrology	1
praisecharts	2
visionquestconsulting	1
naturalsociety	1
ssbelajar	1
rd	1
scarabjetboats	1
roadsideamerica	1
deadline	3
avemariafunds	1
largeformatphotography	1
ramforumz	1
cruises	1
pepperball	1
watchkabaneri	1
ualbanydining	1
transformice	1
myfitnesspal	1
1aauto	1
metasrc	1
uworld	1
hornblower	1
ucanr	1
paypal	9
ptindirectory	1
wunderground	1
supercuts	1
electrotherapy	1
essaywritersgeek	1
26thmarines	1
hockeydb	1
visapro	1
worldoftanks	1
sabaya	1
hemamaps	1
instagr	1
iccwbo	1
avis	3
thenewsurvivalist	1
howtoforge	1
aappublications	1
plazmaburst2	1
furnacecompare	1
hawaii	1
www	1
mp3goo	1
hifixxx	1
theoatmeal	2
crydee	1
loveroms	1
grandcanyon	1
scheels	1
accuratetax	1
acs	2
theenergycollective	1
lomonosovbar	1
pandora	4
fundsforngos	1
filmaffinity	1
notable-quotes	1
globalhealingcenter	1
marshallforum	1
gerberlife	1
amctheatres	3
ameblo	1
real-statistics	1
enschool	1
matweb	3
ishootnyc	1
shodor	1
trashbackwards	1
asbmb	1
dorkadore	1
agjohnson	1
expedia	10
gaonchart	1
broadcastify	1
cod4x	1
tascam	1
mihanblog	1
hiltontheatre	1
mimi	1
sfasu	1
touro	2
dell	5
diabetes	1
bonnesimages	1
moneymanagement	1
heavy-r	2
se	3
tum	1
finesexchat	1
nbc	2
flashscore	1
tribuneindia	1
instagress	1
albumcopier	1
worldmoviesfree	1
sleepys	2
yanair	1
dukejournals	1
grizzly	1
kinkfetish	1
reservation-desk	1
wnd	1
georgeusher	1
op	1
medicalbillingandcoding	1
shawguides	1
bubble-sheet	1
freepbx	1
religioustolerance	1
policeone	1
treccani	1
alahlionline	1
digitaljournal	1
paisdelosjuegos	1
aauw	1
winesinniagara	1
thedailymeal	1
youporn	10
randallamplifiers	1
secretescapes	1
activistpost	1
channel4embarrassingillnesses	1
officer	1
francetv	1
rome2rio	1
steamcompanion	1
derekmolloy	1
kingstonaudiology	1
accuweather	11
vegas	1
leadershipcouncil	1
sheknows	3
candyfind	1
justporno	4
vividseats	1
choosemyplate	1
seattlepi	1
broan	1
appleinsider	1
tovenshelties	1
20thcenturyglass	2
careerplanner	1
todayifoundout	1
budget	1
monster	1
javacodegeeks	1
trailershopper	1
lipuppet	1
researchgate	4
michaelpage	1
lolking	1
booking	2
khinsider	1
cliffsnotes	1
rochesterfirst	1
pkmn	1
limeshot	1
gilt	1
mtv	2
oulu	1
nascar	2
thegeektwins	1
concreteconstruction	1
peliculasrey	1
elsevier	1
discover	3
castheads	1
rogueamericanapparel	1
wellnessmama	1
grillparts	1
superuser	1
sparknotes	10
digitaltrends	1
masashi-k	1
oldwestbury	1
payless	1
inkscape	1
xtube	2
iadb	1
jetnation	1
libanswers	1
medscape	5
siterips	1
hse	1
dc37	1
pri	1
wikisum	1
cam4	2
ashleyfurniturehomestore	1
techflirt	1
churchadminpros	1
marvelouscustoms	1
t-mobile	6
lyricsplayground	1
apetube	1
hotlatinaschat	1
gotobus	2
backyardchickens	1
connectyourcare	1
redtube	6
gijoeclub	1
seriesperu	1
stardew	1
kingworldnews	1
spacemov	2
bostonpizza	1
shesfreaky	1
ip-tracker	1
circuswarehouse	1
nyevwofrome	1
ewg	1
opensky	1
graylineofcharleston	1
vessos	1
redheart	1
flyers-templates	1
litcharts	2
govisland	1
beardtrimandgroom	1
gfny	1
newyorkupstate	1
atdhe	1
vmus	1
testament-obseques	1
dontpayfull	1
panynj	1
sunglasshut	1
sba	1
mrbluecoat	1
suzukihayabusa	1
drugstore	2
sundayobserver	1
richlandgemstones	1
historyofwar	1
samsunggeeks	1
tutorialspoint	4
axs	1
latinamericancupid	1
nasioc	1
storyit	1
brooksrunning	1
usinfosearch	1
gnu	1
welt	1
lakii	1
sunysuffolk	1
superstrokeusa	1
youthhealthmag	1
cointrackers	1
saponlinetutorials	1
smashboards	1
houzz	5
sharelatex	1
mp3-juices	1
allfordmustangs	1
bourbonstreetny	1
corvette-web-central	1
mr2	1
java2s	1
northwell	1
mobileaction	1
generationready	1
abril	1
thinkcentral	1
stack	2
pharmtech	1
djangopackages	1
live	20
english-theatre	1
torontobeautygroup	1
doe	1
greendot	1
fanbards	1
shopliberty	1
milanoo	1
tracfone	2
litmagazine	1
backpage	7
upintheloftblog	1
carid	1
rlcdn	1
medicaljobdiver	1
cardgamesolitaire	1
rangen	1
fiammarochester	1
topix	2
alliancesoftball	1
colgate	2
pornhd	1
amazon	145
juno	1
who	1
nystyledeli	1
massdrop	1
heavengames	1
truckpaper	1
ding	1
ttec	1
mybeasttube	1
gry-do-pobrania	1
beacontheatre	2
motore	1
assemblesystems	1
addapinch	1
vijesti	1
goethe	1
metopera	1
prada	1
castleconnolly	1
fabwags	1
routerforums	1
movie-locations	1
kiranico	1
spartan	1
sothebyshomes	1
tgbus	1
company-detail	1
quotewizard	1
chaturbate	2
geraiservicecenter	1
pdffiller	2
tuscorridas	1
hitvfx	1
fullhdjav	1
bloomberg	2
medvedrunwalk	1
denofgeek	1
cisco	1
nreca	1
pwslaundry	1
niche	3
boroughofpalmyra	1
billboard	3
mexbusinfo	1
playrust	1
artekit	1
smashbros	1
drsfostersmith	1
cobblestonesquareapt	1
vintageflash	1
cactussalon	1
amyruths	1
routefriend	2
mymathuniverse	1
waldenu	1
lordsofpain	1
enotalone	1
msnks	1
gadventures	1
ehealthme	1
cnycentral	1
christiananswers	1
photobucket	2
winteriscoming	4
countycomm	1
ganewsfeed	1
geico	2
coastalpet	1
cinstreaming	1
vndb	1
pbskids	1
appass	2
zumba	1
howcast	1
gloryholeswallow	1
steamshowersinc	1
famousboard	1
ralphlauren	1
homeworkmarket	1
goal	4
trucktrend	1
goodsearch	1
games	1
oculus	1
xhamster	8
sindromemma	1
thingiverse	1
uhappyevents	1
instagram	15
fanpop	2
eu4wiki	1
epubor	1
wsj	5
brownells	1
adweek	1
gbatemp	1
realtime-art	1
tirerack	4
cancercenter	1
nocookie	1
topdocumentaryfilms	1
goodrx	1
factorio	1
treato	1
renovate	1
gamefaqs	22
onnidan1	1
quiltedblessings	1
wireshark	1
cafepress	1
dakkadakka	1
janvanderasdonk	1
pointafter	1
protegepartners	1
bestplaces	1
crunchyroll	4
goodmans	1
schuylervilleyouthlax	1
ls-rp	2
serenesforest	1
topchurro	1
cpubenchmark	1
upccode	1
tech	1
empr	1
wareable	1
finaid	1
goodreads	5
earthworkstrucking	1
psd401	1
aflamsexy	1
cnbank	1
hookedonhouses	1
northwestmajors	1
2ndbombgroup	1
stevehoffman	1
pellandent	1
garden	1
last	1
unikom	1
searsoutlet	1
uber	1
xinshipu	2
bathandbodyworks	1
campmor	1
brac	1
npccny	1
tubegalore	1
udel	1
simple-im	1
prowheelbuilder	1
flightattendantcareer	1
femalecityflex	1
zmovie	1
northcountrynow	1
pixlr	1
vassar	1
gujaratuniversity	1
smallbusiness	1
ordersnapp	1
realsimple	1
programmingsimplified	1
vk	5
finviz	1
nothnagle	1
amd	1
template	1
honeoyefallsmarketplace	1
quepublishing	1
softstarshoes	1
bad-dragon	1
comfortablefood	1
healthyfoodhouse	1
emerilsrestaurants	1
vkakarting	1
eporner	1
namegenerators	1
boomeranggo	1
studyzone	1
familysearch	1
etrailer	1
engadget	1
ssa	4
mydr	1
ytimg	1
manchester	1
lithoguru	1
lexisnexis	1
placestogoinalbany	1
reginfo	1
indiamart	1
tattoobite	1
bedbathandbeyond	5
cayugamed	1
ncsu	1
thesmarttiles	1
uiuc	1
dax	1
indystar	2
redhdtube	1
littledreamer	1
cars	3
searspartsdirect	1
emmalinebride	1
oldschoolhack	1
routard	1
operaamerica	1
lacompagnie	1
aliexpress	2
e-reading	2
astrology	1
paulaschoice	2
macmall	1
dominos	2
tuckertire	1
microchipsbiotech	1
daporn	1
garagejournal	1
crutchfield	1
exteen	1
openoffice	2
managementhelp	1
allfactorywheels	1
allenbwest	1
topshop	1
webcamwhores	1
nydailynews	8
gamejolt	1
overstock	8
repairpal	1
wechat	1
dummies	4
hm	4
outdoorlife	1
stadiumsofprofootball	1
nick	3
ptable	1
z80	1
democratandchronicle	2
aaate2016	1
wrestlingclassics	1
glaz	2
20000-names	1
hvmag	1
metstaff	1
mimp3s	1
daycare	1
historyextra	1
fifa	1
takepart	1
careerbuilder	1
straightdope	3
listentoyoutube	1
illinois	2
loandepot	1
animalfactguide	1
ipl	1
conocereislaverdad	1
mashable	3
ustr	1
wiley	1
filthmatures	1
craftbeer	1
profootballfocus	4
makeupalley	1
ulg	1
cookpad	1
parkerhydraulics	1
destinytracker	1
gnc	1
rapidtables	3
fivestarladies	1
teach	1
androidbeat	1
citybicycleworks	1
boonmodels	1
ryansrebuilds	1
mylearningplan	1
powerball	2
cbaclelegalconnection	1
watkinsglenkoa	1
verbix	1
asknumbers	1
nitroroms	1
riu	1
ajc	1
psyweb	1
esmatube	1
umich	1
ca	1
chevrolet	1
vt	2
sexstories	1
downthestretchs	1
ark	1
tundratalk	1
b3wellness	1
agcopartsbooks	1
myubcard	1
lovelylowrider	1
nuzlocke	1
iwank	1
duckduckgo	1
hellokids	1
opticsplanet	1
baike	1
2x2forum	1
stanford	5
ning	1
hairstyleonpoint	1
northerntool	3
campusdish	1
brownsville	1
quora	17
weconnectfashion	1
froedtert	1
genesee	1
theguardian	8
kevinmd	1
kintera	1
games-academy	1
sevenforums	2
buffalowizards	1
nature	1
treasurydirect	1
pavementinteractive	1
10best	2
corningcu	1
pitt	1
minecraftforge	1
jetbrains	1
mudcat	1
cvs	2
clearblue	1
merryjane	1
ihoradot	1
poststar	1
sharktourshawaii	1
travelocity	1
squareheadteachers	1
zanduco	1
casio	1
swmanagement	1
skysports	2
java-forums	1
stroock	1
nps	3
zoro	1
lexusfinancial	1
wnyc	1
xpadian	1
foxsyracuse	1
websta	1
iepdirect	1
americanheart	1
inspired2quilt	1
redditlurker	1
hgtv	1
nova	1
dailymotion	7
thepartsbiz	1
uhaul	3
2ddl	1
manoramaonline	1
macrumors	2
visitlakegeneva	1
hannaford	1
dde	1
wikia	92
grannyfucks	1
realself	1
nyu	10
compromat	1
androidpit	1
simchaspot	1
laestokada	1
pogo	3
pbteen	1
differencebetween	1
jctusedautosales	1
chinesefood-eye	1
strose	2
wildaboutmovies	1
supertoinette	1
youngandraw	1
namu	1
kelloggsfamilyrewards	1
funnyjunk	1
focal	1
occtransport	1
battleborn	1
yesteryearstools	1
noaa	2
jobtomic	1
talroudnerplasticsurgery	1
pcsb	1
singletracks	1
petedge	1
movietickets	1
diplomatresort	1
arborday	1
apartments	1
bmrhockey	1
mtu	1
fandjentertainment	1
greatneck	1
esbuzz	3
brookings	1
netdoctor	1
intelius	3
in5d	1
projectrevolver	1
opel	1
steelers	1
fullcalendar	1
forbes	12
livescience	1
armyofmen	1
boatdesign	1
glassdoor	10
instituteforpr	1
estrellacolombia	1
epo	1
sunyac	1
ilike2learn	1
foxwoods	1
instalikes	1
kisspanda	1
phrontistery	1
drugrehabtreatmenthelp	1
inquisitr	4
d9soft	1
belandorganicfoods	1
walmart	15
metabomb	1
dmv	1
bodybuilding	5
nist	1
cameronmitchell	1
biography	1
musicaneo	1
examiner	1
cathaypacific	1
eltiempo	1
pc	1
dandwiki	1
bizzare	1
socialmediaexaminer	1
alisonsmontessori	1
zagat	1
thepostgame	1
realtyusa	1
fanbb	1
southerneventsonline	1
pansaver	1
mostreaming	1
dltk-bible	1
cvphysiology	1
epiphone	2
onlybandanas	1
bing	3
sears	8
food	4
italki	1
sunywcc	1
rosstraining	1
attackofthefanboy	1
santanderbank	2
whatismyip	1
selectblinds	1
megaessays	2
independentgolfreviews	1
radio-electronics	1
filme5	1
repelis	1
bangordailynews	1
immigrationvisaforms	1
sbaccount	1
spkfans	1
apecita	1
nyevents	1
bittorrent	1
ragnosphere	1
guildwars2	7
htcvive	2
ugc	1
documatica-forms	1
mvsubtitles	1
stockbridgeinn	1
stoneplyresidential	1
discovery	1
ymcanyc	1
williamslumber	1
sims-online	1
se7ensins	2
ml	1
easports	1
pmlive	1
lifetimehealth	1
kotaku	3
cwtv	2
mercadolivre	2
geek-retreat	1
optimum	7
zulily	2
ultipro	1
corneta	1
rge	3
sallybeauty	1
babble	1
unity3d	6
biglots	3
imgur	9
ibvpn	1
arduino	3
newyorkjets	1
bimmerforums	1
seretbox	1
walldevil	1
vimeo	4
canisiushigh	1
quizlet	42
oracle	3
maxim	1
eurometaux	1
sabra	1
wtop	1
getbodysmart	1
roosterteeth	2
lushstories	1
livestream	1
sanfranciscodays	1
therealdeal	1
glowgaze	1
sephora	3
fullhdfilmizlesene	1
lapetitegrocery	1
threadless	1
hsn	1
rareseeds	1
grandislandhalfmarathon	1
tsn	1
vodbomb	1
honeywellsafety	1
mynycb	1
algebra	1
vitaminshoppe	1
bowl	1
newworldencyclopedia	1
247mahjong	2
traditionaloven	1
therefinersfire	1
fc2	1
smogtips	1
collegeconfidential	4
nybreds	1
dongs2	1
behindthename	1
ktastro	1
nyfirearms	1
richestcelebrities	1
cartoonnetwork	1
eightforums	1
pgcc	1
kinja-img	2
arabgeographers	1
what-song	1
deepworldgame	1
favoritepetproducts	1
neprecisionwelding	1
jhu	4
bigclosetr	1
ewtn	1
barnesbullets	1
joann	2
petersons	1
homes	3
ÿþm i n e o ¬0¤0É0	 1 
usaid	2
persell	1
graysonline	1
flickr	1
ethw	1
bigsex	1
memrise	1
24t	1
igranova	1
studybarn	1
searchlock	3
gcflearnfree	1
rarecelebrity	1
watchseries	4
curves	1
trailsidezoo	1
staples	8
secondlife	1
54health	1
wendys	1
priape	1
websudoku	1
baen	1
all-free-download	1
orbitz	1
internations	1
t-biznetwork	1
ineedebooks	1
vapingcheap	1
debatesofthecentury	1
startchurch	1
semanticscholar	2
aerlingus	1
mcchevstables	1
companiesny	1
papajohns	1
pissedconsumer	1
rent	1
howtogeek	6
motelsign	1
pinespsm	1
huangdiliebiao	1
skdtac	1
gullwingmotorcars	1
astrolis	2
myrecipes	1
shivtr	1
paulayoung	1
saratogaschools	1
creativeskillset	1
lindfuneralhome	1
xfinity	1
schwab	1
geneseo	4
hvcc	1
aao-usa	1
irokotv	1
scaryforkids	1
coolstuffinc	2
wholelattelove	1
nordhavn	1
nyrei	1
wellsvilledaily	1
washington	3
jiskha	2
purevirginhair	1
wish	1
bplans	2
oldnavy	1
redbubble	1
recordonline	4
n4g	2
ray-ban	1
nysora	1
nuwber	2
tribloo	1
hearthstats	1
brzostek	1
academia	5
lightinthebox	1
mybroadband	1
geourdu	1
bulthaup	1
gop	1
chistescomicos	1
acorn	1
pegasuslighting	1
selz	1
carmax	1
smart-torrent	2
efexploreamerica	1
ciachef	1
caywoodsfuneralhome	1
nixon	1
firstrowsportes	2
dofus	2
nightvisionguys	1
dailygrocerycoupon	1
caesars	1
kelloggs	1
donwinter	1
beforeitsnews	1
armorgames	1
imobie	1
bsgfdlaw	1
googleforwork	1
uline	2
stattrek	2
alleydog	1
achanime	1
condomdepot	1
popphoto	1
gizmodo	2
babobotanicals	1
techlicious	1
sfcuonline	1
pfizer	1
hifiengine	1
basic-mathematics	1
diyadvice	1
jblpro	1
ahajournals	1
microstrategy	1
variety	4
gawker	1
exrx	1
boweryboogie	1
thecelebritycafe	1
guru99	1
petmd	1
healthgrades	2
tumho	1
free-iqtest	1
simplynoise	1
disboards	1
getauto	1
journeys	2
slitherio	1
standrewsrcchurch	1
e5musicnet	1
postcrescent	1
scotlandrailways	1
nolo	2
comicbookresources	2
fultonschools	1
aviation-business-gazette	1
freedentalcare	1
acponline	2
musica	2
droid-life	1
cricfree	1
displays2go	1
raspberrypi	1
whatculture	2
horizant	1
sexvid	1
dairyone	2
leica	1
bandcamp	4
nbcnewyork	1
manualsonline	1
idiotsguides	1
amerimark	1
cfna	1
reverb	1
tutorvista	1
wyomingco	1
hopkinsmedicine	1
damplips	2
myvaporstore	1
tseve	1
papystreaming	1
ensinamentos-das-pleiades	1
f-1firearms	1
dictionarydomains	1
alibaba	2
stilltasty	1
ktla	1
autoeurope	1
wikiquote	4
voyeursexfilms	1
ulta	2
asiatranspacific	1
princess	1
space	1
blc	1
kiehls	2
clintoncountygov	1
ntnu	1
faucet	1
gunbroker	2
bettymills	1
antiques	1
citationmachine	4
mac-torrent-download	2
probiller	1
heavy	4
ea	1
worldspeakschool	1
revitcity	1
bbg	1
glamourtubes	1
hubpages	1
divlor	1
buyautoparts	1
jquery	1
fitness-singles	1
publishersweekly	1
amc	3
zazzle	2
kabbalah	1
uri	1
silverspoonsbk	1
thelimited	1
nationaleczema	1
andresgallardo	1
mysql	1
steves-digicams	1
alsnewstoday	1
businessesforsale	1
militaryrussia	1
lnmtl	1
norse-mythology	1
youtubeloop	1
greentestprep	1
wuh-tuh-fuh	1
dotsignals	1
adirondackcountryhomes	1
jstor	4
briggs-riley	1
ls1tech	1
animalliberationfront	1
petsmart	2
wikidot	3
cdninstagram	1
searchcode	1
next-episode	1
16personalities	1
zagg	1
pcworld	4
eatthis	1
dot	1
chowhound	3
mybreo	1
verawang	1
esbnyc	1
courtcasefinder	1
xingzhanfengbao	1
hamilton-medical	1
adultism	2
otzovik	1
doctorswithoutborders	1
malegra	1
math-aids	1
sonodriftzone	1
adultswim	2
samsclub	1
aumamen	1
topoquest	1
musicals	1
joerocket	1
seriesonlinehd	1
trendting	1
waterworks	1
puffgames	1
hotmovs	1
esportspedia	1
mooreshomes	1
atlassian	1
visitrochester	1
fireflyworlds	1
uscreditcardguide	1
aei	1
sunyorange	1
nfpa	2
cgdev	1
manualpdf	1
curse	1
usatoday	12
commondreams	1
rollingstone	3
genvideos	1
wikibooks	3
measuredup	1
monroecollege	1
ribworks	1
mathoverflow	1
mathsisfun	4
ehow	2
tedsmithlawgroup	1
paheal	1
everyculture	2
imsa	1
mycampusloan	1
mahansurf	1
theweedblog	1
geologyclass	1
servicedogcentral	1
sdstate	1
radioemisoraslatinas	1
schalmont	1
thefreedictionary	9
cosplay	1
freemumia	1
boats	1
privateerpress	1
allsoftwaredownload	1
rug	1
aljazeera	1
coolmath-games	1
liveworkthrive	1
startimes	1
guiainfantil	1
novusordowatch	1
tvpocos	1
techstars	1
tentonhammer	1
etonline	1
grc	1
hollywoodreporter	1
grandin	1
ccsdschools	1
pcgamer	2
baby-hazel-games	1
nexusmods	6
eeoc	1
thedailybeast	1
ted	1
tubitv	1
ramtrucks	1
uh	1
memebox	1
dreamwidth	2
cuny	25
xxxbunker	1
soccerway	1
nike	1
playstation	1
nationalreview	1
whitepages	10
flightstats	3
bls	1
ntsb	1
pods	1
ivarsdisplay	1
breitbart	1
newgrounds	3
learn4good	1
boards	1
tvsubtitles	1
xda-developers	4
perfectgirls	1
primagames	1
wegmancompanies	1
purple-planet	1
hometown-heroes	1
absolutdrinks	1
smogon	1
css-pc	1
newegg	10
desifive	1
mybuilder	1
ford-trucks	1
friv	1
namesilo	1
equibase	1
blorge	1
animeherald	1
bankrate	4
apsa	1
zappos	4
ambulatoryadvisor	1
factorydirectcraft	1
couponfollow	1
homesteadingtoday	1
chefdehome	1
sellingpower	1
lainformacion	1
inthewildkitchen	1
oswegocountytoday	2
miniclip	4
imdb	48
ibtimes	1
chanel	1
officedepot	3
waldeneffect	1
libn	1
computereconomics	1
harvardradiationoncologyprogram	1
stonybrookmedicine	1
network54	1
tunngle	1
aarp	1
indoorextremesports	1
zing	1
fairfieldproperties	1
jax	1
kitces	1
dallasnews	1
merckmanuals	1
fcksex	2
bavsound	1
oxfordjournals	1
filmon	1
yardsalesearch	1
theblessedseed	1
glassesdirect	1
arboristsite	1
thenextweb	1
skedula	1
personalcreations	1
gaes	1
econlib	1
smartworld	1
uslove	1
ftd	1
modchipcentral	1
bravotv	1
womenshealthmag	1
asco	2
brainyquote	2
oxfordaasc	1
vermontsoccer	1
enagames	1
mp3juices	2
radiomirchi	1
reservations	1
parlemag	1
pornpassw0rds	1
icanhazchat	1
janitronicsinc	1
moreyspiers	1
seriouseats	2
euphoriaporn	2
madehow	1
theeastendmushroomcompany	1
n2yo	2
mail	2
coldfront	1
tenantresourcecenter	1
hostgator	1
sjcny	2
nymag	2
gazetekeyfi	2
stickgames	1
ren	1
crosswordheaven	1
familydoctor	1
wonderhowto	2
bestbuy	9
polepositionraceway	1
bogleheads	1
wiktionary	4
buddabox	1
canadarobotix	1
futhead	1
milfsexytube	1
tdameritrade	1
palmbeachpost	1
ed	4
etereman	1
cdkeys	1
varsitytutors	1
foodservicedirector	1
hclips	1
sextubefuck	1
macys	9
spankbang	5
wardsci	1
bidetking	1
tollsbymailny	1
gocomics	1
enterprise	1
duq	1
justjans	1
survivor-story	1
thefederalist	1
orientaltrading	1
sat-serviciotecnicobosch	1
carleton	1
canadavet	1
kindsnacks	1
copperelectronics	1
mshparisnord	1
rxlist	1
nbcwashington	1
sextube	1
westarenergy	1
syracuse	4
prospectivedoctor	1
greenvillecounty	1
knowyourmeme	1
radiopaedia	1
poki	1
mass	1
cartoonbrew	1
bikesdirect	2
partition-tool	1
uwex	1
tdautofinance	1
minigamers	1
wesleyberryflowers	1
shadowfist	1
democraticunderground	1
stjude	1
fast-growing-trees	1
jellyneo	2
soccersquirts	1
chrysler	1
trouver-ip	1
shmoop	7
michaels	1
alz	1
turnitin	1
buffalonews	1
powr	1
lalecheleague	1
harvard	5
sweetmodels	1
smartrics	1
unlocator	1
aptoide	1
lifehacker	6
clips4sale	3
telecanales	1
nationwide	1
cruisin	1
stevemadden	1
c-span	1
jblearning	1
worldstarhiphop	4
e-cigarette-forum	1
seventhavenue	1
xxxmemberpasswords	1
delfi	1
desiredreels	2
abcmouse	1
farzadlaw	1
woundcarecenters	1
hardwarezone	1
rcn	1
buylighting	1
sulekha	2
olivegarden	1
hulumoviehd	1
sourceforge	3
investinganswers	3
acrosscountrymovers	1
pwmania	1
accounting-simplified	1
qfashionworld	1
misaskim	1
usc	1
easybib	4
dealsplus	1
portforward	2
albrari	1
washingtonpost	9
lww	1
tamingthesaxophone	1
chordfrenzy	1
aspca	1
wwe	4
epicurious	3
snapchat	1
elestimulo	1
dailymail	9
gotpetsupplies	1
shopgoodwill	1
bluetraxx	1
kikloginonline	1
gotquestions	1
fortune	1
northeastacura	1
mmobomb	1
cigna	1
greekreporter	1
bcsdny	1
craftsy	1
megaepub	1
androidcentral	1
123movies	1
oceanofgames	1
porneq	1
mycamgirl	1
thepointsguy	1
command	1
tiger-algebra	1
nkhome	1
baseballmonkey	1
scirra	1
chanceraps	1
newadvent	1
accountantforums	1
modernlowcarb	1
kisscartoon	3
anotherairgunblog	1
lowes	10
aconcordcarpenter	1
iconosquare	1
easynotecards	4
doc	1
willyfogg	1
spyderchat	1
managementstudyguide	1
antigonexxi	1
tvtropes	2
tcdailyplanet	1
taleworlds	1
lineq	1
gaystarnews	1
drexel	1
hookandbullet	1
oneradionetwork	1
mydiwan	2
tdpri	1
foxbusiness	1
routeoneapparel	1
alternativewireless	1
cheatsguru	1
autorepairmenow	1
inflibnet	1
mrconservative	1
coffitivity	1
cornell	2
yourdirtymind	1
marinsm	2
usatf	1
ign	8
touchtapplay	1
crichd	1
gosunoob	2
jaclynsmith	1
designmantic	2
slither	7
pornvideoq	1
mathalino	1
northernbrewer	1
appap	1
lds	1
anthonyspark	1
cinemablend	6
azurilland	1
lafitness	1
kosti-tv	1
caliosonline	1
funimation	3
springhillnursery	1
economist	2
nysed	2
xnxx	13
whattoexpect	1
battlecalculator	1
lilpasteeaters	1
unclehildes	1
ditutor	1
bigassfans	1
1800flowers	1
championselect	2
beritasatu	1
doisongphapluat	1
betterexplained	1
rivercitystreetrods	1
jeep	1
modelmayhem	1
raquetteriveroutfitters	1
promopro	2
eater	2
msdn	1
broadwayworld	1
storenvy	2
plex	1
buyavette	1
amazingribs	1
atnyulmc	1
butterisnotacarb	1
hamiltonwatch	1
myfreecams	1
gafollowers	1
icy-veins	5
musicconnection	1
filmsite	2
avwalker	1
dotahut	1
heroesfire	1
gateschili	1
urbandictionary	10
os	1
steamidfinder	1
zillow	19
gadgetguideonline	1
faraci	1
soapcentral	2
alllaw	1
physicsclassroom	2
hbogo	8
guildwars2guru	1
onlinemovies-pro	1
charter	1
findmysoft	1
picascii	1
sikhs	1
yaboja14	1
acunetix	1
molloy	2
rovicorp	1
donaldjtrump	1
epubsoft	1
metropcs	5
scientificamerican	2
nysedregents	4
vornado	1
allisontransmission	1
shimchemistry	1
kanyewest	1
rpmministries	1
mtgsalvation	1
lhf	1
sticksports	1
junodownload	1
namethatporn	1
free-power-point-templates	1
learncodethehardway	1
hotnewhiphop	2
westchesterlibraries	1
walterfootball	1
nesterovits	1
apiu	1
gdrc	1
hp	5
lanyrd	1
victimsofcrime	1
travelweekly	2
tiaa	1
birmingham	1
anon-v	1
autoevolution	1
hoodamath	1
oysterbaytown	1
hillsville	1
sabah	1
costco	3
allscripts	1
unm	2
walgreens	3
kali	1
jokes4us	1
fruitfromwashington	1
falconchristmas	1
chicagoengines	1
motherearthnews	1
sevenos	1
yamahastarbolt	1
peek	1
thestreet	1
newyorker	2
aidsmap	1
vanityfair	1
kbtus	1
radonhomeservices	1
songsterr	1
tampabay	1
sinonimos	1
tistorage	1
monoprice	2
jimmyjazz	1
gameservers	1
winstonchurchill	1
stackexchange	14
brannaman	1
trekbikes	1
ultimatereef	1
whatsmyip	1
knittingpatterncentral	1
stpiusxschool	1
dayzmap	1
whatismyipaddress	2
tameteo	1
pruneville	1
headsetshops	1
wnep	1
census	1
smith-wesson	1
kickassplr	1
lords-prayer-words	1
mywebgrocer	1
mbu	1
sunyjcc	1
blizzhackers	1
adagio	1
binghamton	3
wonderslist	1
livestrong	5
mkvxstream	1
va	1
stuccu	4
rennlist	1
operaphila	1
theridechannel	1
giphy	4
zoosk	1
curcle	1
onlineclock	1
myvidster	1
hiphopengine	2
usarus	1
uno	1
labslanding	1
remax	1
shailsnest	1
libsyn	1
virtualnauta	1
basisindependent	1
purdue	6
n2td	1
sgs	1
luckyvitamin	1
famousbirthdays	1
taxifarefinder	1
fda	1
troubleshooters	1
partypinching	1
keep	1
cambabe	1
grey	1
ntdtv	1
consumeraffairs	1
encyclopedia	1
deathsnacks	1
dyc	1
greensingles	1
webstaurantstore	1
bc	1
hsdecktracker	1
sigmaaldrich	1
livenation	1
watchstation	1
datpiff	1
metunes	1
framesnyc	1
mathworks	4
php	1
socscistatistics	1
bensdeli	1
subispeed	1
campanellafence	2
rockyourglock	1
sportstream	1
nationwidelifts	1
worldsoccershop	1
cydiaremove	1
capitalone	4
blogger	1
reddit	112
manhattanjeepchryslerdodge	1
rosewoodhotels	1
divinityoriginalsin	1
jackboxgames	1
estesrockets	1
ahs	1
psu	2
the31club	1
sharptruck	1
itbrain	1
k12	1
voicetube	1
monikaknutsson	1
sony	1
arhangel	1
hyatt	1
iafd	1
racism	1
pearsonmylabandmastering	3
skimaine	1
wamc	1
paulstravelpictures	1
terranearpmc	1
ilwu	1
intel	1
medicalnewstoday	2
joshuakennon	1
designaddict	1
slavicsoulparty	1
freshandconyc	1
premiercarts	1
square-enix	1
division	1
longchamp	1
pearsoncmg	1
acapela-group	1
cdw	1
yummly	1
chameleonjohn	1
saksfifthavenue	1
asstr	1
agatavalentina	1
usgs	1
stereogum	1
aazea	1
cuckoldmarriage	1
sydney	2
doublexscience	2
verizon	8
activism	1
booker	1
aicpa	1
gardenofeaden	1
tractorhouse	1
vogue	2
selfstorage	1
alexa	1
jsfiddle	1
mangafox	2
padmapper	1
linguee	3
tiaa-cref	1
thisismyhappiness	1
grantstoops	1
greatschools	1
windows10download	1
webpt	1
predominantlyorange	1
thegearpage	1
ediblearrangements	2
foodnavigator	1
cswarzone	1
cliphunter	1
att	2
anysex	2
yutorah	1
avast	1
laars	1
gamewalkers	1
purplemath	2
prvaudio	1
greenmtn	1
rit	7
womansworld	1
film-en-stream	1
searchall	1
trafficland	1
newsday	5
fathers4kids	1
elizabetharden	1
spydercosource	1
maestronet	1
pajiba	1
sierratradingpost	1
snapfish	2
the-end-time	1
hackolo	1
vst4free	1
abc15	1
proflowers	2
sciencemag	1
busybeemarket	1
supercell	1
bowsite	1
endlessparadigm	1
wefullmovieonline	1
tarantino	1
bimmershops	1
elitehuntingusa	1
entrepreneur	1
thecapitalgrille	1
jimmycarr	1
pokemon	1
dickssportinggoods	6
tdbank	2
eventbrite	1
teignmouthfolk	1
azlyrics	9
petzl	1
mindtools	1
ourtime	2
yelp	24
foxchase	1
stumbleupon	1
cio	1
twitch	6
radaronline	1
apartmentguide	1
americanmusical	1
bankofamerica	5
victoriassecret	4
ddowiki	1
bbc	5
blog	2
physicslab	1
free	1
wrightleatherworks	1
literotica	3
tes	1
fool	1
nexon	1
explorethemed	1
commentcamarche	2
nattyornot	1
pipingrock	1
mcfc	1
atlus	1
hawahome	1
bayridgebrooklyn	1
filson	1
charlotterusse	1
cinemark	1
spps	1
junkluggers	1
trainsim	1
ptcusercommunity	1
icelandunlimited	1
midas	1
pornjam	1
techtimes	2
poptropica	1
narusaku	1
green-desk	1
armslist	2
kodokanjudoinstitute	1
kyobobook	1
przyslijprzepis	1
defensacentral	1
californiatoplawyers	1
umd	2
wranglerforum	2
greatamericancountry	1
sdarotbox	1
slideshare	4
oyez	1
usnews	9
dropbox	4
consumerreports	7
tapweb	1
go2marine	1
nbcnews	6
calculatinginvestor	1
linuxsat-support	1
sportsmansguide	1
carsdir	1
sacredheart	1
coderanch	1
yourarticlelibrary	1
cis	1
kingjamesbibleonline	1
readysetfix	1
pof	4
desales	1
seventeen	1
watchwrestlingup	1
windows	1
malwarebytes	1
patch	2
avsim	1
costcophotocenter	1
fotki	1
timewarnercable	4
pix11	2
furnacecreekresort	1
boltdepot	1
pussyspace	2
dressbarn	1
bzpower	1
sandisk	1
nfl	7
quiltedjoy	1
mybobs	1
engageny	1
katzhot	1
stfrancisheartcenter	1
timestables	1
sasvyuniformssilam	1
cheapoair	2
answers	8
seagov	1
scholastic	3
harborfreight	1
hertfordshire-genealogy	1
temptalia	1
rei	1
wccftech	1
ny	39
tours4fun	1
mapquest	7
origami-resource-center	1
bling	1
aniroleplay	1
excellusbcbs	1
soundboard	1
back2college	1
njportal	1
dyson	1
kbb	2
androidguys	1
thefappening	2
middlebury	1
bulbagarden	11
sunhyemi	1
bluelight	2
pewresearch	1
freeebooks-download	1
bethlehemlacrosseclub	1
dovemed	1
snapfon	1
kamaayurveda	1
trekbbs	1
osxdaily	1
desiringgod	1
mash	1
makesauerkraut	1
mccall	1
ukulelechordssongs	1
rotoworld	1
blm	1
jetblue	4
cityrealty	1
informe21	1
usahockey	1
cb2	1
bainbridgeisland	1
fanfiction	1
engagementexperts	1
yourdictionary	1
dodgetalk	1
myagway	1
thenational	2
uscreditcards101	1
livingsocial	1
mowers4u	2
foodrepublic	1
geniusbox	2
marybel-castro	1
stihldealer	1
huffingtonpost	11
disney	2
kingroot	1
stylepresso	1
maxpreps	1
charismanews	1
esf	1
animespirit	1
taioaan	1
garmin	1
vasatrainer	1
mymms	1
tenforums	6
sterlinghillminingmuseum	1
ahdictionary	1
wxxi	1
brooklynfriends	1
robson	1
efl	1
kaango	1
rouletteb	1
theinfatuation	1
pennywoodward	1
cbslocal	3
gmis	1
langanfuneralhome	1
iona	2
teaching-certification	1
wikispaces	3
watchfree	2
macxdvd	1
thenation	1
smbc-comics	1
kutol	1
metafilter	2
cbn	1
matures-naked	1
kob	1
xmovies8	3
codecanyon	1
animecornerstore	1
dcinside	1
anthropologie	1
etsy	7
onrampfellowship	1
hiphopdugout	1
gm-trucks	1
fcc	1
breedingseasongame	1
filehippo	2
cond	1
camel	1
pokernews	1
kodi	2
studentdoctor	3
woodgears	1
austin	1
putmv	1
cancercarefdn	1
flalottery	1
voatiengviet	1
hellopcgames	1
moz	1
city-data	4
tube8	2
nyseg	1
topuniversities	1
bonnieplants	1
anon-ib	1
a1supplements	1
hapvida	1
dartsearch	2
slashfilm	1
sundance	1
wpb-radon	1
doinggood	1
premedlife	1
forever21	3
overclock	1
oldrhinebeck	1
nordicvisitor	1
securitas	1
igeeksblog	1
3movs	1
gagnescottages	1
build-muscle-101	1
vegasseven	1
firstcoastnews	1
indiana	1
dccomics	1
digifind-it	1
btsdiary	1
play-old-pc-games	1
unfadewhatfades	1
swiatkwiatow	1
healthline	4
frontiersin	1
havefunteaching	1
c64	1
immanueldetailingcompany	1
apple	16
beeradvocate	1
encoreplay	1
aaii	1
bjs	2
sexysims	1
portnet	1
excelsior-palermo	1
filmzestreaming	1
tasteofhome	1
chia-anime	1
gizmag	1
musiciansfriend	3
alpinecinemas	1
primaryarms	1
karmadecay	1
pier25	1
nana10	1
cosmoquest	1
archives	2
gloriesworld	1
looksbyleanna	1
geforce	2
engineeringlegacies	1
cookingwithjulian	1
vincentlaforet	1
rocwiki	1
ftbwiki	1
airgundepot	1
discountmugs	1
angstoic	1
hdsa	1
kentchemistry	1
evolutionsoundstage	1
sharerice	1
cngstationsnearme	1
copperchef	1
verizonwireless	3
pornhub	42
b10f	1
michaelblackson	1
xenforo	1
chess24	1
myfwc	1
apkdot	1
ultimateoutsider	1
deathindexes	1
chaptercheats	1
riggingwarehouse	1
shoprite	1
stocklayouts	1
firstalert	1
ionaudio	1
playhd	1
kanyetothe	1
tellbostonmarket	1
sysprobs	1
jossandmain	1
sunflowerschoolhouse	1
healeychevroletbuick	1
wordcounter	1
techsupportalert	1
sjsu	1
yummybazaar	1
narutoget	2
wordhippo	2
discountonlineparts	1
catholic	1
icd10data	1
rcfp	1
wine-searcher	1
evite	1
westernunion	2
morfix	1
hsdl	1
theshadowlands	1
texaslre	1
ebay	63
napscience	1
tntph	1
digitalocean	1
eatclean	1
ikea	4
iihf	1
allmusic	4
k-o-o-p	1
wellvin	1
ufl	4
fairsentencingforyouth	1
rottentomatoes	5
flagma	1
smileherb	1
smart-homeowner	1
miniwebtool	1
firstrade	1
websterhall	1
sharecg	1
globo	1
wellsfargo	2
usaa	1
spacetoon	1
blackdesertonline	5
tealighthouse	1
buffalo	1
kat	3
miele-at-home	1
lorenzodriving	1
waynepost	1
magellangin	1
onelook	1
savings	1
douglastonclub	1
dreadlocksoflove	1
esfathletics	1
bike	2
