reservations	1
thecigarstore	1
loverslab	2
bismarcktribune	3
fullthrottlesaloon	1
whfoods	1
mixhdporn	1
spokesman	1
b4ubuild	1
pioneercarclub	1
chicagotribune	1
autozone	1
goodreads	1
harborfreight	1
dulfy	1
chevytalk	3
terapeak	1
youtube-mp3	1
yahoo	3
theknot	1
choa	1
thefiscaltimes	1
thetruthaboutguns	1
ups	2
tippmannsports	1
life979	1
ratrodbikes	1
orientaltrading	1
allrecipes	1
fleetfarm	1
lolking	1
fargogolf	1
game-oldies	1
flashcardmachine	1
zap2it	1
blackdeserttome	1
opposingviews	1
hastingsfilter	1
macnoise	1
longrealty	1
tvshowsondvd	1
search	1
westernbanks	1
knowyourmeme	1
livestrong	1
twitter	1
digitaltrends	1
informer	1
wizards	1
bedbathandbeyond	1
tomsguide	1
netmng	1
metric-conversions	1
allenedmonds	1
quizlet	2
facebook	4
aeriagames	1
islamqa	1
craigslist	1
hookedonhallmark	1
confitdent	1
tractorsupply	1
ndcde	2
coursehero	1
spaceengine	1
batteryclerk	1
vixporn	1
kmart	2
mnn	1
freeones	1
pcworld	1
capitalone	1
reddit	1
brothersoft	1
cruzetalk	1
washingtonpost	1
lantanaapts	1
mtdparts	1
nd	4
samsclub	1
nytimes	1
shedsforlessdirect	1
edmunds	1
etsy	2
linkedin	1
wowhead	2
leagueoflegends	1
slate	1
corwinscion	1
discussingdissociation	1
ndsu	1
wishwishwish	1
oreillyauto	1
tube8	1
lowes	3
usatoday	1
cbssports	1
tripadvisor	1
live	4
wikipedia	10
gamepedia	2
purezc	1
navbug	1
laalmanac	1
paheal	2
freepicseries	1
searchman	1
pinterest	1
vt	1
whatchristianswanttoknow	1
bcbsnd	2
versatube	1
billsgs	1
saferwholesale	1
esea	1
amazon	5
shutterstock	1
ign	1
imgflip	1
tubekitty	1
gosunoob	1
ultimate-guitar	1
crazyspermbank	1
slither	1
mobilevrxxx	1
rule34	1
nexusmods	3
webmd	1
buyandselltucsonrealestate	1
autotrader	1
mydxf	1
cvs	2
uwcentre	1
jet	1
lakotarv	1
cnn	1
willyoupressthebutton	1
c2	1
freematurepussypics	1
imagefap	1
polarcomm	1
buzzfeed	1
autobytel	1
youtube	9
thefitindian	1
cisco	1
apartmentguide	1
newegg	1
stackoverflow	1
fullhdpictures	1
literotica	1
tasteofcountry	1
wikia	6
cbsnews	1
vidaliaonion	1
kxnet	1
meme	2
imdb	2
preppergunshop	1
zillow	3
bethsoft	1
trulia	3
plantperfect	1
navytimes	1
capcu	2
votesmart	1
msubeavers	1
hotels	1
und	1
fentonartglass	1
businessinsider	1
arizona	1
hbonow	2
google	7
kat	1
flydenver	1
rggamesite	1
libertyellisfoundation	1
hotrodders	1
forbes	2
timeanddate	1
coub	1
