stream2watch	2
thehill	1
citi	1
go	12
irobot	1
foxnews	4
classicstonecreations	1
kissmanga	1
poolcenter	1
toucharcade	1
gmauthority	1
dol	1
dodge	1
flixanity	1
hickoryfurniture	1
neuspeed	1
yahoo	47
hallmarkecards	1
wikimedia	1
coupons	1
hentaizone	1
zerohedge	2
ford	1
andersonfordmotorsport	1
uncc	4
therefuge	1
eonline	1
hollywoodlife	1
redditenhancementsuite	1
lenscrafters	1
doom9	1
wyzant	1
proboards	2
goodhousekeeping	1
youjizz	2
starnewsonline	1
unlockphonetool	1
suntrust	2
reflector	1
dailyburn	1
cargogear	1
aesoponline	1
snagajob	1
activemind	1
simplyquinoa	1
9gag	1
coinflation	1
bearsden	1
chevyhardcore	1
ox	1
guitarcenter	1
jetpens	1
fanical	1
woohome	1
stlyrics	1
callawaygolf	1
playboy	2
turbohkforums	1
mymanga	1
thewindowsclub	1
firstpremier	1
easel	1
atwar-game	1
tunein	1
myflashstore	1
epicgames	1
decider	1
firstcitizens	1
ndtv	1
dominosdxp	1
poetry-archive	1
nfldraftscout	1
coloringpanda	1
porninhd	1
psymed	1
mooya7	1
flexjobs	1
topclassactions	2
iheart	1
centos	1
gimp	1
whirlpool	1
usf	1
buffalobills	2
twitchviewerbot	1
gamecrate	1
spirit-of-metal	1
poetryfoundation	3
insidermonkey	1
blinkroadside	1
neogaf	1
gamespot	2
organizedhome	1
faasoft	1
realitytea	1
goodsamclub	2
oxxfordclothes	1
starbucks	1
studyblue	9
ldschurchtemples	1
nationalgeographic	1
makeuseof	3
tryitnow	1
drugs	3
equip	1
basf	1
salisburypost	1
outerbanksvoice	1
nestor-hotels	1
premierleague	2
hhgregg	1
bkstr	1
tourisme-gaspesie	1
siriusxm	2
seetorontonow	1
aroodawakening	1
showbiz411	1
berries	1
morganton	1
reverso	2
mugshots	1
medcost	1
teacherspayteachers	1
amazonadviser	1
hot-animal-porn	1
downforeveryoneorjustme	1
readingrow	1
geekinterview	1
salesforce	1
corporationwiki	1
starcitygames	1
minecraftforum	2
tubeoffline	1
festivalinthepark	1
cbsnews	2
shopstyle	1
carrackadvice	1
msn	7
geek	1
nyaa	1
yogainternational	1
memecenter	1
heart	3
haixusa	1
thisoldhouse	1
trulia	6
organicauthority	1
group-ib	1
speedtest	4
biblehub	3
cda-microworld	1
paranormalsoup	1
hotels	1
cartelmovies	1
apartmentfinder	2
zebrapen	1
yardbarker	1
ebates	1
neverstoplooking	1
cheatcc	1
videoscache	1
therpf	1
cherokee	1
warbyparker	1
drugabuse	1
cwclocks	1
esabna	1
numismaster	1
wnd	1
infowars	1
teach-nology	1
mouser	1
biginterview	1
mit	2
delcampe	1
realclearpolitics	2
mamavation	1
gettyimages	1
soundgraph	1
pastemagazine	1
the-digital-picture	2
lu	1
moneypit	1
checkersgame	1
search	3
tuscl	1
asexyservice	1
bbb	1
airbnb	1
mouthhealthy	1
biola	1
gov	1
wizards	3
weatherbug	1
theglobeandmail	1
thenamemeaning	1
qvc	2
powells	1
oshrisk	1
ubi	1
mortgagecalculator	1
synthesiagame	1
roku	1
uwmedicine	1
vox	1
jegs	1
mommyshorts	1
lyngsat	1
pinimg	1
accruepartners	1
brainscape	1
ew	1
coursehero	21
porngatherer	1
addforums	1
comedybarn	1
playatmcd	1
phonearena	1
kmart	3
kidsrkidslkn	1
catawbacountync	1
freeemailtrace	1
cookiebouquets	1
k-state	1
commonsensemedia	1
comenity	1
uwstout	1
auto-tune-up-and-repair-options	1
marketwatch	1
roblox	1
worldofwarships	1
mbworld	1
calvin	1
fastcompany	1
llbean	1
nsysu	1
century21	2
stmarys	1
sbnation	1
rockauto	2
prezi	2
thetraditionapts	1
coldwellbankerhomes	1
usayellowpages	1
wikipedia	171
wrestlezone	1
brownskennels	1
snopes	2
global-cdn	1
videoszoofilia	1
gq	1
rogerhub	1
jcrew	1
digitaltutors	1
hulu	1
hungamahub	1
ponderweasel	1
saatvamattress	1
placesofvalue	1
investopedia	3
malankaraworld	1
netflix	8
worldmarketexplorer	1
backingthepack	1
boundless	2
avg	1
freelogoservices	1
carolinashealthcare	1
cnn	8
d127	1
allstarhealth	1
emdomusa	1
captivemale	1
divorcenet	1
archiveofourown	1
pronouncekiwi	1
dllruntime	1
nih	5
kickasstorrentsim	2
mctools	1
bp	1
allwinnertech	1
diabloprogress	1
um	1
perezhilton	1
mattressfirm	1
ccs	1
carowinds	1
outsideonline	1
treasury	1
onlinecreditcenter2	1
moviefone	3
tumblr	13
videosdemaduras	1
freesfx	1
fulton-armory	1
zenbellycatering	1
ssulmanhwa	1
ally	1
selenagomez	1
goavengingangels	1
mymoparpart	1
homeworknow	2
countryliving	1
buyandselltrucksleepers	1
shemales-time	1
fotosearch	1
comicsfromhell	1
google	191
playon	1
nutrition	1
ourlads	1
petco	2
legacy	2
mec	1
socrative	1
verywell	1
boardgamegeek	2
time	1
shyp	1
htpcbeginner	1
science-forums	1
cannabis	1
wired	1
charmeck	1
playstarbound	2
tghn	1
fidelity	1
nc-educationlottery	14
caggiasocialstudies	1
greasyfork	1
techinsider	1
vitorrentz	1
gigabyte	1
skidrowreloaded	1
vrbo	2
kerbalspaceprogram	1
vulture	1
moniquewmorris	1
abcya	1
creativecommons	1
bible	1
synonym	1
dirtydirt2	1
sfgate	2
odu	1
dodgefayetteville	1
tutor-homework	1
about	6
omnihotels	1
seapines	1
epson	1
todayshomeowner	1
sugarbombed	1
nccrimecontrol	1
paypalobjects	1
kohls	3
lulubclothing	1
standard	1
searchincognito	1
pcgames-download	1
ncdcr	1
techpowerup	1
usda	3
schwinnbikeforum	1
mnn	1
gimmesomeoven	1
david-tennant-news	1
forsyth	1
bigmoneyarcade	1
toyota	1
treehousetv	1
sandersfordsales	1
bladeandsoul	1
moviepilot	1
fetlife	1
elawngarden	1
driverwhiz	1
beachbody	1
dog-porn-vids	1
merriam-webster	2
askmen	1
medtran	1
betterbooksonline	1
puremango	1
theadairgroup	1
hsn	2
humblebundle	1
fishing-nc	1
asu	1
icefilms	1
typepad	1
purezc	1
nbcsports	1
focusonthefamily	1
republicwireless	2
putlocker	3
chefandthefarmer	1
studentsoftheworld	1
aoi	1
ratemyprofessors	2
girlsontherun	1
suntimes	1
steamrep	1
jewelrytutorialhq	1
luscious	1
tributes	1
nasa	1
eve-survival	1
rtp	1
wcnc	1
cmich	1
canalporno	1
smhs	1
nadaguides	2
webmd	5
freecomicbookday	1
southernsurfstomp	1
mabinogiworld	1
ww2incolor	1
socialgiftz	1
vantagepointechurch	1
treatcurefast	1
spirit	1
amny	1
flipboard	1
coinapps	1
freakonomics	1
invoicingtemplate	1
heraldsun	1
nextavenue	1
ncjrs	1
legacyrepertory	1
nationalcdp	1
airspacemag	1
adobe	1
groupon	2
uncommongoods	1
scstudentloan	1
fishpondusa	1
internationalstudentguidetotheusa	1
repairfaq	1
care	1
warpportal	1
apartmentratings	1
atlantichomesnc	1
elizabethsflowerspa	1
legalzoom	1
designcrowd	1
capitalbank-us	1
hbonow	1
pacsun	1
800notes	1
cookieandkate	1
flightglobal	1
denshi-jisho	1
tiffany	1
fairfoodnetwork	1
theacc	1
cdc	1
weddingbee	1
hilton	1
xbox	1
depth-first	1
epa	1
ihg	1
fbcrichmond	1
the-commercial-group	1
fao	1
nedaengineering	1
shape	1
dennys	1
thewatchseries	2
zombiemodding	1
advanceautoparts	3
daybreakgames	1
paulbegleyprophecy	1
apartmenttherapy	1
eternalpawprints	1
baidu	1
aol	7
charlottehounds	1
carnival	1
abtu	1
villagetavern	1
sydex	1
ssbwiki	1
allrecipes	9
elephantjournal	1
gameforge	1
racingjunk	1
pollen	1
chapoutier	1
atdmt	1
worldofbeethoven	1
forsalebyowner	1
preakness	1
treeofsavior	1
carparts	2
citefast	1
ncworks	1
nflmocks	1
hoobly	1
tvguide	1
whistleout	1
facebook	80
comicvine	1
biblegateway	2
windstream	2
wolframalpha	1
educacionsuperior	2
pcmag	4
steampowered	4
edsteibelimports	1
anyporn	1
medhelp	1
venmo	1
thehulltruth	1
ravelry	1
seaworldparks	1
mowersdirect	1
neimanmarcus	2
aoa	1
wallstreetoasis	1
soundcloud	4
target	7
katvondbeauty	1
vtc	1
sunshinehouse	1
poi-factory	1
charlottesgotalot	1
liebelib	1
resortcams	1
bu	1
quicksprout	1
basspro	2
archive	1
speakeasy	1
casebriefs	1
newmedicine	1
lumosity	1
riogrande	1
abc11	2
weebly	2
tummytuckbelt	1
shacknews	1
theblaze	2
myanimelist	5
cumonprintedpics	1
skype	3
ashevillenc	1
tripadvisor	10
residentevilforums	1
pinterest	16
napavalley	1
riftgame	1
lyst	1
animeland	1
anybunny	1
fos-scans	1
pacificcustoms	1
fbi	1
heartharena	1
bluebookofguitarvalues	1
borderconcepts	1
dictionary	2
hayneedle	1
homemademuscle	1
realestatestagingassociation	1
creditkarma	2
e621	1
aetna	1
wolfram	1
gracethrufaith	1
americanexpress	1
signandgoautosales	1
studyspanish	2
runescape	1
theeroticreview	2
dealsofamerica	1
1001fonts	1
menupix	1
screenrant	1
callofduty	1
overdrive	1
alpha-real-estate	1
greenwichmeantime	1
ncsecu	6
collegeboard	6
tmz	2
meme	1
lafayettevillageraleigh	1
mathway	1
listcrux	1
abcdesignshomes	1
smithsonianmag	1
styleforum	1
mypurium	1
cosmopolitan	2
businessinsider	2
womansday	1
microsoftonline	2
scartists	1
bleacherreport	3
samaritanamb	1
jasonisbell	1
lincolncounty	1
graflexsabers	1
cbf	1
findagrave	1
timeanddate	3
windows10themes	1
projetaladin	1
ragdollkittens	1
mangaonline	1
littleurbanity	1
playithub	1
sistersinarms	1
unca	2
joinsquad	1
quizrocket	1
lfg	1
gsk	1
newsobserver	4
thehighroad	1
christianpost	2
christianpf	1
gdunlimited	1
diamondcandles	1
cnet	11
urologicalcare	1
serverfault	1
housebeautiful	1
terapeak	2
autodesk	1
wikicars	1
scales-chords	1
boscovs	1
westeros	4
stubhub	1
unc	5
surfline	1
japaneseemoticons	1
mhhauto	1
jellynote	2
gardenweb	3
extendedstayamerica	1
radaris	1
geeknation	1
hrp	1
jessicaandtheinscrutablesoul	1
campfirelodgings	1
slavensracing	1
imobileadvice	1
pnc	4
aupairworld	1
listverse	2
csgopoints	1
newhaven	1
gearsofwar	1
fextralife	5
freeroms	1
staffccs	1
chegg	2
apollo-na-uploads	1
grocerycouponcart	1
howtopronounce	1
blankmediagames	2
roubaixinteractive	1
navyfederal	2
everydayhealth	1
pikore	1
archeagegame	2
nordstrom	1
cryptozoic	2
amainhobbies	1
pinkyparadise	1
firefold	1
oxfordreference	1
philly	1
repairclinic	2
setuprouter	1
speckproducts	1
hotspotshield	1
act	1
blaylockwellness	1
linkedin	6
wowhead	4
moneychimp	1
freshrag	1
enworld	1
nba	3
go4computers	1
xg4ken	3
meshnetworks	1
kongregate	1
mindbodygreen	1
icarly	1
jmu	1
familysavvy	1
videopower	1
npr	2
electronicrumors	1
delta	2
freeonlinemahjonggames	1
hwy55	1
the-dispatch	1
atriumtech	1
webshots	1
computerworld	1
partselect	3
retailmenot	2
askthecards	1
scout	2
dollargeneral	1
bennucenter	1
vintage-pics	1
legionpeliculas	1
onlyonecommand	1
canvasprintfactory	1
spiritjersey	1
celebsnow	1
lcmedicalgroup	1
tvfplay	1
youtube	262
audiokarma	1
goodwillnwnc	1
cdachamber	1
fourwheeler	1
truckingtruth	2
colostate	1
myheritage	1
ark-survival	1
medicinenet	2
cengagebrain	1
usedprice	1
coxneedham	1
nasdaq	1
movoto	2
wayfair	4
techradar	3
nastygal	1
nclonline	1
royalcaribbeanblog	1
askbaby	1
army	1
renaldohonda	1
revolution4cats	1
beachfestmatthews	1
petermax	1
utexas	2
daisy-ridley	1
calculator	1
printeron	1
bestvpn	1
ucbi	1
autozone	2
wlonk	1
rxeconsult	1
engineering	1
henryfields	1
homedepot	3
appstate	2
tophd	1
boostmobile	1
ustream	1
blockland	2
dhs	1
bettycrocker	2
chromlea	1
game-oldies	1
flashcardmachine	1
soundstagedirect	2
naughtydate	1
fingerhut	1
telegraph	2
terrijohnsoncreates	1
sweetpotatoes	1
themuse	1
berghaus	1
crowncomplexnc	1
storybites	1
thekitchn	3
winamp	1
lulu	1
lamar	1
thetreemaker	1
christianlyricsonline	1
tutvgratis	1
poets	2
trustedreviews	2
southernliving	2
simplypsychology	1
nstperfume	1
findwhocallsyou	1
indiancountrytodaymedianetwork	1
astrondental	1
affordable-health-insurance-plans	1
popcorn-time	1
hvacsupply365	1
craigslist	23
usps	4
weather	11
nightshift	1
thesaurus	3
societyofrobots	1
uclick	1
gidforums	1
heinzenhof	1
astonefitness	1
justanswer	2
freeones	1
waynecountyschools	1
fox8	1
medicalfaq	1
encclassifieds	1
eastcarolinachryslerdodge	2
deadwood	1
trueachievements	1
deltateamtactical	1
thebigoutside	1
megashare	1
leagueoflegends	9
reverbnation	1
totaljerkface	1
happyhouserealty	1
csgocrosshairs	1
mullerchokes	1
4imprint	1
vacationrentalsatoceanisle	1
pokemondb	2
innerbody	1
genius	4
monrovia	1
musicnotes	1
flvto	1
patreon	1
recruiterbox	1
swansonvitamins	1
pcsoftpro	1
familyfriendpoems	1
yellowpages	11
zendesk	1
mobafire	3
webassign	1
mysubscriptionaddiction	1
bartleby	1
tappedout	1
habitat	1
showtimeanytime	1
fivethirtyeight	1
locu	1
adidas	1
reliaslearning	1
twobeerdudes	1
conehealth	1
wakehealth	1
mediamatters	1
tennis	1
carburetor-manual	1
jesuschristsavior	1
f150forum	1
exton	1
easyscienceforkids	1
getbustours	1
bibles-direct	1
liteloader	1
justgay	1
spotrac	1
oreida	1
ivycommons	1
securesearch	1
badnewsracing	1
atlanticavenuegarden	1
flamingoland	1
make-affiliate-money	1
kneadedenergy	1
nudematureladies	1
burgesscellars	1
lsac	1
jcpenney	3
livelifenutrition	1
procon	2
forestryforum	1
copperpennync	1
historytoday	1
academy	2
skf	1
katespade	1
tosluts	1
hawaiinewsnow	1
gogoanime	1
zpalette	1
duluthtrading	1
cjponyparts	1
energyunited	1
governmentjobs	1
altapower	1
dllbook	1
dgcoursereview	1
t-s-s-a	1
sfxperformance	1
justapinch	1
arizona	1
todayspigskin	1
alansfactoryoutlet	1
gradesaver	2
diablofans	1
hrblock	1
solarmovie	2
thestar	1
riversidesubarunewbern	1
autoparkchryslerjeep	1
foodnetwork	10
deviantart	5
bladeforums	1
vitacost	1
wrestlingnetwork	1
mirror	1
yankeelady	1
superteachertools	1
formsbirds	1
gamevilusa	1
keepingitheel	1
certifiedlanguages	1
emaxhealth	1
study	3
homeremediesforlife	1
shepherdbushiriministries	1
lectionary	1
animalhospitalofclemmons	1
nfltraderumors	1
allaboutvision	1
findforms	1
gracecentralcoast	1
thebeatplug	1
chickensmoothie	1
adj	1
kntu	1
glamourmagazine	1
partycity	1
valleyvet	1
ppdi	1
oceanislebeach	1
gamerescape	1
videosdeincestos	1
tomshardware	3
carsondunlop	1
cgsociety	1
priceline	1
parkablogs	1
mayfairetown	2
iospress	1
intellicast	1
oakhollowgc	1
bourbonenthusiast	1
valamb	1
actionagainsthunger	1
capitalmazdaofcary	1
maxstudio	1
porn	1
247sports	1
gearnuke	1
carolina1670	1
temple	1
intuit	1
justfly	1
e-hentai	3
ncdenr	1
labtestsonline	1
hrmars	1
globalmissions	1
jhrperformance	1
elon	1
fixya	2
sling	2
autoanything	1
yaeliq	1
onlinehome-server	1
waynecc	1
classicoldsmobile	1
warhammer	1
drinkhacker	1
edmunds	1
nichollancaster	1
britax	1
splashtop	1
greybox	1
companyowl	1
bcbsnc	1
autonetworkoftriad	1
visitberlin	1
test-guide	1
studydroid	1
norton	1
hu-berlin	1
chemteam	1
indeed	5
thsengineering	1
porntube	1
tribunecontentagency	1
getbankingdone	1
careers	1
freddiemac	1
dark-world	1
ncstatefair	1
solwayscuba	2
influenster	1
tagged	1
ancestry	2
lulz	1
rpgmakerweb	1
toparkservers	1
techtarget	3
marlboroacademy	1
ganggreennation	1
thescore	1
discountedwheelwarehouse	1
perfectcirclenetthrower	1
grantland	1
helpyourback	1
rondomusic	1
windowsreport	2
thebitbag	1
marietta	1
autotrader	2
htaccessredirect	1
askubuntu	1
horses-and-horse-information	1
g2a	2
modsworldofwarships	1
rabbitsreviews	1
imagefap	2
nypost	1
therealtoothfairies	1
cafeastrology	1
megamillions	2
la-z-boy	2
steamcommunity	14
kinnek	1
boattrader	1
birchbox	1
bustle	2
thoughtcatalog	1
mymosaicrealty	1
ucalgary	1
mosquito	1
squarespace	1
emuparadise	1
battle	4
returndates	1
allen-heath	1
karennews	1
wizard101central	1
marthastewart	2
regentsprep	1
randmcnally	1
formula1	1
texasroadhouse	1
jetcost	2
metmuseum	1
strayer	2
hqtube	1
taxjar	1
brthemes	1
furaffinity	1
referenceforbusiness	1
365-login	1
liveviolet	1
stuff	1
mexconnect	1
people-press	1
kellyfind	1
containerstore	1
cc	2
youtube-mp3	2
newbalance	1
kissanime	1
bladereviews	1
tv	1
markmanson	1
corolla-outerbanks-realestate	1
cabelas	2
twc	1
briggsandstratton	1
etix	1
ncpublicschools	1
polyvore	1
meridianhm	1
newsweek	1
sparta-nc-real-estate	1
salon	1
realtor	4
crestline	1
elftronix	1
spokeo	1
maddentips	1
guitaretab	1
jrank	1
carolinatheatre	1
mygirlfriendshouse	1
carfax	1
barnesandnoble	1
fandango	1
hendersoncountypublicschoolsnc	1
seedwise	1
openbible	1
minecraftsix	1
stickpage	1
aller-ease	1
escapehere	1
yesterdaystractors	3
tdsmeter	1
bethesda	1
showings	1
lootcrate	1
sextvx	1
frontier	1
pediatricdentistry-sanramon	1
bullcitycrossfit	1
taraparkerphotographyblog	1
betterboink	1
vegasgolfpros	1
handcraftedhomes	1
hupu	1
cancernetwork	1
midwayusa	1
another71	1
wikihow	6
novaksights	1
jsexnetwork	1
wikicristiano	1
theminiaturespage	1
sbsun	1
obeythekitty	1
ucla	1
bellgalleryandgarden	1
state	4
hobbylobby	1
walmartmoneycard	1
irs	1
runnersworld	1
carsunder500	1
blueapron	1
burkenc	1
hollywoodtuna	1
inspirationcruises	1
acupoftea	1
eppraisal	1
godaddy	1
walkoffame	1
chase	3
wrestlinginc	2
ustours	1
ultimate-guitar	2
qstuff	1
xvideos	23
freekigames	1
ranker	2
koreanwar	1
ddo	1
xtarlight	1
si	1
literarydevices	1
instantcheckmate	1
canon	1
lakeside	1
khanacademy	1
anything2mp3	1
aa	1
wsfcs	1
normalboots	1
sparkpeople	1
backcountry	1
eating-made-easy	1
inkarnate	1
mayoclinic	3
trutv	1
coolrom	1
freep	1
notsohumblepie	1
mountainbikespirit	1
distance-cities	1
stackoverflow	3
teespring	1
freepianosheets	2
foxsports	1
hotpads	1
brother7	1
microsoft	18
dji	1
globalcitizen	1
tractordata	1
8m	1
worldometers	1
mypearson	1
greenfelt	1
us-freealbums	1
avery	1
nickjr	2
stardewvalleywiki	1
theverge	1
colorbondpaint	1
jenslabs	1
pier1	1
tripod	2
ostraining	1
dailyddt	1
fredandersontoyota	1
barnivore	1
templefurniture	1
dunnpt	1
nordstromrack	2
autoblog	1
spotify	2
biblestudytools	2
wifetube	1
dayzdb	1
pcadvisor	3
upr	1
golifestore	1
onlinevideoconverter	1
staroversky	1
carolinarapids	1
redfin	2
footwearetc	1
roadrunner	1
catawbabrewing	1
exstreamist	1
strokeassociation	1
hungryhowies	1
astronomycafe	1
wordpress	12
catfishedge	1
cpcc	2
rvtrader	1
automaticwasher	1
orcz	2
twitter	23
hearthpwn	3
bestdeals	1
healing-from-home-remedies	1
mta	1
today	1
ladysfuneralhome	1
psychologytoday	2
indianembassy	1
consolegameswiki	1
angelfire	1
enotes	1
battlestarwiki	1
beachwoodgolf	1
mgmgrand	1
banggood	1
lexcs	1
spanishdict	2
hbo	3
broderbund	1
tomsguide	1
history	1
foundersfcu	1
weathertech	1
poshmark	1
insurance-forums	1
nerdwallet	1
nmediapc	1
uncp	2
6pm	1
gpsinformation	1
3gpking	1
wral	6
pornelk	1
thinkprogress	1
comingsoon	2
mainheartclinic	1
managewp	1
chubbinudinpublic	1
metalalbum	1
cyberciti	1
alldaychemist	1
100millioncameras	1
cirnopedia	1
office	4
carolinacarerx	1
smithfield	1
cmu	1
remingtonpowertools	1
thewirecutter	1
belk	1
softonic	2
bjupress	1
mheducation	3
thisishell	1
penny-arcade	1
flightrising	1
blackswingersclub	1
healthstatus	1
ritesite	1
resumagic	1
theonlineyardsale	1
christianstandard	1
fragrantica	1
vetstreet	1
openenergymonitor	1
mediaite	1
wallethub	1
cheatsheet	1
travelex	1
gamepedia	10
mlb	2
websitebuilderexpert	1
nibusinessinfo	1
hargray	1
azek	1
bhg	3
vine	1
lumendatabase	1
lonelyplanet	1
muzoik	1
tripping	1
thepreppylife	1
everydaynodaysoff	1
cnx	2
squadron	1
esupplydepot	1
hickoryrecord	1
babycenter	3
mercola	1
agar	2
petwave	1
visitmusiccity	1
u-s-history	1
rd	1
deadline	1
abtech	1
angieslist	2
soar-strategy	1
myfitnesspal	1
1aauto	1
jawjackers	1
cblproperties	1
taxlabsinc	1
paypal	2
free-smiley-faces	1
sortmylist	1
buddytv	1
everymac	1
wunderground	2
nchsoftware	1
worldoftanks	1
thrivemarket	1
desncc	1
frontgate	1
myfox8	3
eventful	1
culteducation	1
dollartimes	1
acespirits	1
sciworks	1
apexspeed	1
digitalspy	1
drugwatch	1
muirskate	1
vacuumclub	1
budsgunshop	2
acs	1
rotawheels	1
thepennyhoarder	1
xwing-builder	1
pandora	1
amfibi	1
treehugger	1
brighthorizons	1
lp	1
drillyourownwell	1
nso	1
duke	2
finegardening	1
therapearl	1
masonicworld	1
valenciacollege	1
acmepackingcompany	1
expedia	1
rubmaps	1
fastmaps	1
metalsupermarkets	1
eminemmarshmallow	1
pianolamp	1
cprogramming	2
abchomeopathy	1
voidswrath	1
streetsatsouthpoint	1
htvanime	1
op	1
tracephonecalls	1
customzombiemaps	1
freshbooks	1
youporn	6
osrsmap	1
capefearvalley	1
weavervillerealty	1
easyfreepatterns	1
accuweather	2
relevantmagazine	1
dodgedurango	1
zomato	1
justporno	1
petshed	1
koofers	1
seattlepi	1
fabbeautydresses	1
legalgenealogist	1
sprint	2
researchgate	1
blackteenspussy	1
lolking	1
catalog	1
booking	1
grandfather	1
driveduracell	1
khinsider	1
cliffsnotes	1
bigfishgames	1
mtv	1
nascar	3
a1ammo	1
girlshealth	1
discover	1
sgammo	1
elsevier	1
mtbr	1
superuser	1
digitaltrends	3
sparknotes	3
look-for	1
gwdtoday	1
fdungan	1
ownedcore	1
payless	1
pussypics	1
medscape	5
aircrack-ng	1
hackedarcadegames	1
mobilization	1
simplyhired	1
ashleyfurniturehomestore	1
toolaid	1
truecar	1
ajbs	1
phaser	1
redstate	1
patient	1
loyolapress	1
thirtyhandmadedays	1
realtystore	1
redtube	2
lyndhurstgyn	1
conniesmithmusic	1
handmadeology	1
guitartricks	1
maxon	1
rand	1
autoserviceprices	1
zurichna	1
lightmare	1
anime	1
alphacoders	1
flashhavoc	1
dollshouse	1
goduke	1
allegacyfcu	1
ipaddress	1
ncbuy	1
houzz	1
nudegrannypics	1
pornsource	1
centurylink	2
directv	2
polkaudio	1
soft112	1
live	3
outlawpulling	1
website	1
ricksteves	1
serato	1
witn	1
haroonkhadim	1
littlemisshipster	1
pcci	1
chinagardenconcord	1
backpage	2
carid	1
cardgamesolitaire	1
pantip	2
topix	2
theync	1
proz	1
when-release	1
myfedloan	1
amazon	75
animeflavor	2
boatersland	1
who	1
seekingarrangement	1
kw	1
littlecaesars	1
wect	1
babylon-software	1
connectusfund	1
silvercoastnc	1
smutty	1
im9	1
perfectgame	1
carolinacreations	1
pharmapacks	1
trunews	1
openstreets704	1
chaturbate	2
therockpit	1
pdffiller	1
unclesirbobby	1
previewsworld	1
fuquay-varina	1
oceanlakes	1
rightdiagnosis	1
springparadeofhomesws	1
bloomberg	2
woodsmith	1
denofgeek	2
soonerstatearsenal	1
clemson	1
amerockforless	1
minecraftlist	1
guesstheemoji-answers	1
billboard	1
wfu	2
drsfostersmith	2
phickle	1
wallpaperscraft	1
ncmcs	1
fredmiranda	1
whole-dog-journal	1
jefflindsay	1
aetv	1
egyptartsite	1
fasttech	1
salem	1
ralphlauren	1
princeton	1
durhamtech	1
goodsearch	1
games	2
xhamster	5
canfieldmetals	1
instagram	5
rdu	1
attitudeisaltitude	1
truevalue	1
wsj	1
brownells	2
teaysvalleybaptist	1
tirerack	1
biguz	1
golfgalaxy	1
orchidweb	1
thunderalleyhawaii	1
gamefaqs	11
sinclairintl	1
livemixtapes	1
richland	1
saigonbao	1
goodreads	3
clockway	1
hookedonhouses	1
dealspotr	1
nextpvr	1
kramarecap	1
dollreference	1
silvergames	1
6sqft	1
shoplocal	1
searsoutlet	2
bluegartr	1
travelportland	1
tubegalore	1
sologirlguide	1
wilkescc	1
crazy4jigsaws	1
treia	1
nerdfitness	1
pixlr	1
hphe	1
realsimple	1
butzz	1
apne	1
mmafighting	1
odcr	1
linustechtips	1
bizpacreview	1
workshopaddict	1
yourtango	1
pbs	2
gotprint	1
homewyse	1
etrailer	3
familysearch	2
manchester	1
bestproducts	1
obsproject	2
collec	1
onegoodthingbyjillee	1
waltherarms	1
caring	1
bedbathandbeyond	1
prettygirldressess	1
ncsu	8
uiuc	1
wwbw	1
aliexpress	3
malwaretips	1
projectcontrolsonline	1
environmentalchemistry	1
dominos	1
porngames	1
crutchfield	1
1800mattress	1
carls-sims-4-guide	1
westmarine	1
gamejolt	1
oldehickorytaproom	2
nydailynews	3
hentaibedta	1
freedommortgage	1
nobelprize	1
overstock	3
repairpal	3
pivotphysicaltherapy	1
customgheenoe	1
dummies	1
teamhoyt	1
pottermore	2
real-webcam-sex	1
cruel-orgies	1
spiritualarchivesnews	1
ravensingstheblues	1
straightdope	1
listentoyoutube	4
ni	1
animalfactguide	1
cbgames	1
mashable	1
profootballfocus	1
outcastboats	1
dawnofthedragons	1
rapidtables	1
wheelhero	1
bizjournals	2
defrostingcoldcases	1
powerball	1
collegeatlas	1
webvest	1
dlink	2
unrestrainedworship	1
asknumbers	1
esmatube	2
onechristianministry	1
drivetime	1
tundratalk	1
amegolf	1
northwestern	1
todaysmower	1
fyi	1
digital-photography-school	1
chatsports	1
goblueridge	2
gunsamerica	3
metrolyrics	1
tempurpedic	1
skydaz	1
gtranslator	1
models	1
northerntool	1
yuku	1
campusdish	1
twcc	1
quora	10
lettercount	1
homestudiocorner	1
theguardian	1
dillards	1
intervalworld	1
digikey	1
nature	1
minecraftforge	2
finecooking	1
addictinggames	2
guitarworld	1
cvs	1
usga	1
travelocity	2
supercheats	1
hbowatch	1
fyvor	1
missouribotanicalgarden	1
nps	1
pelicanssnoballs	1
drmitchelltepper	1
grocerycouponnetwork	1
self-healingexpressions	1
hgtv	3
dailymotion	4
uhaul	2
novanthealth	1
rfachurch	1
wikia	51
nyu	2
buy5starauto	1
chasintailsoutdoors	1
theoutnet	1
physics	1
oodle	1
islamtoday	1
letsrun	1
wiseoldsayings	1
civinfo	1
majornelson	1
ncdps	1
torrentfreak	1
arborday	1
apartments	1
esbuzz	1
netdoctor	1
livescience	1
forbes	8
mhvillage	1
glassdoor	2
ssclt	1
freenas	2
lordandtaylor	1
thesun	1
inquisitr	2
pixnet	1
walmart	18
metabomb	2
dmv	1
tetraplegicliving	1
bodybuilding	6
coolmath	1
indiantrailcdjr	1
hollywoodtake	1
biography	1
vwvortex	2
andersonrifles	1
perfectsupplements	1
pickban	1
startingstrength	1
rakuten	1
studystack	3
myfax	1
bing	2
sears	4
ffwa	1
food	2
justia	1
attackofthefanboy	1
planetminecraft	1
reimaginerpe	1
gayot	1
nationstarmtg	1
ncgolfpanel	1
uttermost	1
tennistours	1
qq	1
guildwars2	2
douglas	1
renren	1
discovery	2
edmhunters	1
crvp	1
howmanyofme	1
surfchex	1
tulsaworld	1
turfdiseases	1
mirageinc	1
paindr	1
trivalleycentral	1
diynetwork	1
zulily	2
morris4x4center	1
jrsoftware	1
softballperformance	1
foodlion	1
dealsea	1
unity3d	3
astralreflections	1
imgur	3
sunbeltrentals	1
clothingpickup	1
arduino	1
vimeo	2
meaningfuleats	1
quizlet	59
waynewaterdistricts	1
spigotmc	1
brighthubpm	1
dcu	1
re-member	1
rainierland	1
joansbridalcouture	1
algebra	2
vitaminshoppe	1
palgrave-journals	1
definebabe	1
myecp	1
iss	1
thesecretworld	1
beme	1
gentlemansride	1
artsandartists	1
summerstonenursery	1
flynashville	1
cartoonnetwork	1
pinkrod	1
kinja-img	1
iihs	1
looper	1
caregiverslibrary	1
seriesflv	1
lse	1
ewtn	1
howardforums	1
kirkusreviews	1
onstar	1
petersons	1
rubylane	1
kinkclassic	1
bigsex	1
bluewaternc	1
messenger	1
spin	1
ammunitionstore	1
dominosugar	1
reynoldahouse	1
staples	1
pornfuror	1
halowaypoint	1
memorialairportparking	1
neuseriverbrewing	1
concise-courses	1
papajohns	3
cato	1
rent	1
poemslovers	1
howtogeek	3
freesmileyfaces	1
thesac	1
magnacharta	1
thefreecountry	1
dynastyseries	1
coffee-mate	1
webnode	1
trustpilot	1
bilara	1
coolstuffinc	1
allpoetry	1
thecomedybutton	1
jiskha	1
oldnavy	1
sistersonthefly	1
english-grammar-revolution	2
rodgersinstruments	1
wasteprousa	1
usaswimming	1
academia	1
meetup	2
oceanaresorts	1
guidestone	1
uncg	3
upc	1
bilibili	1
edn	1
estoresbyzome	1
nhcgov	1
dafont	1
piano-sheets-for-free	2
perquimanscountync	1
powerzone	1
stattrek	1
novaskin	1
totalwine	1
gizmodo	1
wards	1
charlestonnewhomestour	1
ecmweb	1
healthgrades	1
free-iqtest	1
genteflowmp3	1
macsinlaw	1
journeys	1
slitherio	1
hhmi	1
youtube2file	1
raspberrypi	1
playretrogames	1
the-horror	1
rockycreeksportingclays	1
mybikeshop	1
oralhealthgroup	1
sugarpopscandy	1
renovopower	1
hotcelebs	1
performancebike	1
reverb	1
i-ready	1
meetme	1
understand-accounting	1
kaufmann-mercantile	1
e30tech	1
ulta	1
w3schools	4
zoosexuality	1
tech-artists	1
milb	1
beverly-hanks	1
bettymills	1
100state	1
rcgroups	1
citationmachine	1
esmschools	1
caddisflyshop	1
ecu	1
weightwatchers	1
heavy	6
ivcc	2
ea	1
umass	1
schoolofdragons	1
harboronline	1
policemag	1
condolencemessages	1
ecrater	1
mysql	1
reinssturdivant	1
ncwise	1
decoratorsbest	1
lotterypost	2
giantbomb	1
regmovies	1
indian-date	1
jstor	1
nashcc	1
mgr	1
windows2universe	1
celebritystyleguide	1
burmacampaign	1
hgtc	1
pcworld	1
expertreviews	1
airberlin	1
chowhound	2
butlerfh	1
dornc	1
samsclub	5
tabernaclegastonia	1
systemrequirementslab	1
rv007	1
aaucm	1
tfgamessite	1
carryoutcabby	1
tourismontheedge	1
chewy	1
wakegov	3
sarasotafilmfestival	1
naturessunshine	1
druryhotels	1
insightcreditunion	1
uscreditcardguide	1
periscope	1
staining123	1
voxengo	1
rollingstone	1
usatoday	8
strideline	1
mathsisfun	1
ehow	4
novajeepers	1
hanime	1
pinecrestinnpinehurst	1
patenergy	1
statisticshowto	1
aoeventplanning	1
wikinvest	2
thefreedictionary	2
cityofws	2
whitehousehistory	1
marineengineparts	1
boats	1
ucsg	1
rug	1
vision-nutrition	1
greatbooks	1
coolmath-games	1
writersrelief	1
shopyourway	2
cbreclarion	1
cxfakes	1
gw2timer	1
hollywoodreporter	1
miraclesalad	1
taboop	1
mitchellcc	1
startcooking	1
thedailybeast	1
nexusmods	5
washingtonexpress	1
nike	1
playstation	1
whitepages	3
nmwpc	1
fastcodesign	1
extremetech	1
acurazine	1
breitbart	1
alzheimers	1
mybodygallery	1
hmfusa	1
michaelandrewsbespoke	1
poblanosmexicangrill	1
perfectgirls	1
trailspace	1
extraspace	1
oxforddictionaries	1
newegg	5
dollywood	1
triad-city-beat	1
originlab	1
adhdandyou	1
friv	1
kinvey	1
bankrate	1
zappos	1
phpnuke	1
aapc	1
hnntube	2
wtnnews	1
co-optimus	2
imdb	23
ebony-beauties	1
corectecreview	1
zules	1
bobshelton	1
hopebaptistcolorado	1
merckmanuals	1
johnpolacek	1
carolinacomedyclub	1
eknazar	1
oxfordjournals	1
candycrushmom	1
encyclopediadramatica	2
strawbsweb	1
econlib	1
trello	1
mrworldpremiere	1
methodist	1
kinkshed	1
safehorizon	1
financialducksinarow	1
jasonhartman	1
ukmcpro	1
danielsapex	1
nymag	1
popupportal	1
unctv	1
wonderhowto	1
zoneoffroad	1
bestbuy	2
bogleheads	1
wiktionary	2
homeofthenutty	1
apps-your-ideas	1
ed	7
thegardeningcook	1
nccu	1
hclips	1
kajabi	1
macys	3
spankbang	3
com	1
mariayee	1
thelumineers	1
eeemo	1
ethereallight	1
jehovahs-witness	1
woundedkneemuseum	1
sportsnaut	1
sextingusername	1
ridgid	1
saps	1
wxii12	3
knowyourmeme	4
shoryuken	1
downtownwaynesville	1
barton	1
poki	3
carservicecoupon	1
minecraftskins	1
moparone	1
sceducationlottery	1
stjude	1
findthedata	1
wcpss	1
michaels	1
creonline	1
buffalonews	1
sbcodez	1
exploreasheville	1
xcyclerepair	1
lifehacker	4
nationwide	1
talkingthreads	1
momjunction	1
cinebistro	1
bbt	3
sourceforge	1
dealsplus	1
pequannock	1
gangnamman	1
washingtonpost	3
discoverfranklinnc	1
ncdot	2
wwe	1
epicurious	2
dailymail	2
gotquestions	1
pianoclues	1
homeaway	1
uselessfacts	1
sleepreviewmag	1
craftsy	1
123movies	1
androidcentral	1
alternativeto	1
trekbicyclesuperstore	1
chanceraps	1
whitney	1
kisscartoon	2
lowes	10
tvtropes	4
marinewarehousecenter	1
ask-the-electrician	1
convertio	1
lincare	1
uis	1
aoeu	1
opendll	1
kik	1
mrconservative	1
cornell	3
marinsm	1
ign	2
nextluxury	1
sup	1
kawasakienginesusa	1
zumiez	1
runthegauntlet	1
slither	2
myboltpattern	1
oneplace	1
wcu	3
cinemablend	4
topshoeswomen	1
elle	2
onelatenight	1
xnxx	4
hoovers	1
pcatweb	1
1800flowers	1
wolflair	1
svscomics	1
jeepforum	2
primalwear	1
eater	1
plex	1
boatus	1
teenink	1
myfreecams	1
ameresco	1
icy-veins	2
marriott	1
manporn	1
urbandictionary	4
zillow	15
vevo	1
charter	1
hbogo	3
sautoequip	1
durhamsummercamps	1
pronouncenames	1
yaboja14	1
homeflooringpros	1
adamsfunerals	1
lakelandparents	1
bbcamerica	1
sjhardware	1
donaldjtrump	1
mtgsalvation	1
tablespoon	1
tn	1
walterfootball	1
jaxkayakfishing	1
ibm	1
ccsonc	1
hdforums	1
iomcollege	1
hp	3
tiaa	1
gasbuddy	1
dpacnc	1
competitor	1
thriftyfun	2
costco	2
ncesc1	1
animaljam	1
latimes	2
proprofs	1
53	1
benegg	1
newyorker	1
pipesandcigars	1
vanityfair	2
networkingconcepts	1
madisonseating	1
dragonflycapital	1
stackexchange	8
harristeeter	1
census	1
livecareer	1
aquahobby	1
3sigmaathlete	1
temp-mail	1
toyotaofdallas	1
bibliotecapleyades	1
va	2
livestrong	2
visitkorea	1
crystalvaults	1
delvage	1
marines	3
fda	1
slithero	1
lasweepstakes	2
lowbackpainprogram	1
sitterselect	1
wonderwinkscrubs	1
encyclopedia	1
cineblog-01	1
thegraciouspantry	1
motherless	1
theeconomiccollapseblog	1
8tracks	1
parkroadbooks	1
php	1
socscistatistics	2
tracrac	1
supergames	1
celebritycruises	1
easyworship	1
mundotienda	1
capitalone	2
zdnet	1
reddit	41
flintknappers	1
racesonline	1
wordbyletter	1
aidsresearch	1
moneyandbanking	1
graphicdesignbasics	1
sony	1
netdna-cdn	1
motherjones	1
sellwithwp	1
hyatt	1
smokeymountainmunitions	1
hotwire	1
dailytekk	1
tacomaworld	1
medicalnewstoday	1
menuism	1
atlas-games	1
whatkatewore	1
yummly	1
orgoniseafrica	1
asstr	2
notebookreview	1
alibris	1
nzentertainmentpodcast	1
selfstorage	2
mangafox	3
chevydealer	1
foter	1
free-download-dlls	1
paradoxian	1
teara	1
thegearpage	1
goarmywestpoint	1
throughthefencebaseball	1
1059therock	1
christyrobbins	1
postcodebase	1
ignatius	1
att	1
anysex	1
bonanza	2
goldpalace	1
freesunpower	1
purplemath	1
gunboards	1
gin-platonic	1
newsday	1
4wd	1
proflowers	1
amolatina	1
lesechos	1
champssports	1
cheatdaddy	1
pittcc	2
pokemon	1
dickssportinggoods	5
eventbrite	1
azlyrics	8
yelp	5
cuevana2	1
fisheaters	1
looperman	1
apartmentguide	2
englishthesaurus	1
chesapeake-nmra	1
americanmusical	1
bankofamerica	1
womentowomen	1
bbc	1
office365	1
ntb	1
bonappetit	1
rr	2
chatzy	1
sermoncentral	2
nxt-comics	1
cbs	1
bassresource	2
gamefly	1
charlotterusse	1
armslist	1
rockandresole	1
menstruation	1
humbleisd	1
straighttalk	1
usnews	2
dropbox	1
go2marine	1
scribd	2
verytwinks	1
cafemom	2
vopnc	1
ijav	1
hudsonfuneralhome	1
mobypicture	1
malwarebytes	1
fbfscompanystore	1
crossout	1
worthington-biochem	1
timewarnercable	5
koraorganics	1
pussyspace	1
99designs	1
nfl	6
moorepet	1
geology	1
preventelderabuse	1
harborfreight	2
answers	6
cheapoair	1
rei	1
mapquest	6
ny	3
chrissholar	1
us-funerals	1
curiouscountrycreations	1
soundboard	1
jeepreviews	1
kbb	3
bulbagarden	4
bluelight	1
thewindowsplanet	1
hardforum	1
skillport	1
combatreform	1
dragonballzepisodesss	1
raleighfurnituregallery	1
thoughtsmelt	1
fanfiction	2
albagals	1
sheetz	1
dogfoodadvisor	1
redbox	1
bird-in-hand	1
hdmovie2k	1
kowakivory	1
thermosoft	1
countryinns	1
geniusbox	1
franchiseopportunities	1
sciencedaily	1
harringtonham	1
huffingtonpost	5
disney	2
dallasobserver	1
trafficmonsoon	1
talkingpointsmemo	1
tenforums	2
af	1
emojipedia	1
expressionsvinyl	1
nintendo	2
dwdrums	1
legendofkrystal	1
congressforkids	1
eduers	1
cbslocal	1
wiremod	2
slotfreebies	1
wikispaces	1
watchfree	4
stopting	1
edreaminterpretation	1
dish	1
gstatic	1
cbn	1
metafilter	1
pizzahut	1
jeepsunlimited	1
deluge-torrent	1
bankifsccode	1
holloporn	1
etsy	5
terrapower	1
bit-tech	1
911truth	1
thebestnotes	1
color-hex	1
aaomp	1
kodi	1
peopleperhour	1
city-data	5
tube8	2
corsair	1
astrocenter	1
rsgp4u	1
gogglesnmore	1
sprudge	1
direxioninvestments	1
sportsauthority	2
postjobfree	1
dartsearch	2
honestech	1
boisestate	1
forever21	1
fixsystem32	1
bausch	1
meritagehomes	1
3movs	1
menshealth	1
maltosefalcons	1
nassaucountyny	1
bhcosmetics	1
phf	1
healthline	4
apple	9
economicsonline	1
beeradvocate	1
boston-catholic-journal	1
berathen	1
dickblick	1
thenclawyer	1
thecarrollcompanies	2
northstarfigures	1
musiciansfriend	1
duolingo	2
approvedmodems	1
geforce	1
incipio	1
davidterr	1
e8cdc	1
css-tricks	1
mytime	1
downtowngreensboro	1
verizonwireless	3
pornhub	24
ultrahdwallpaper	1
thebestestever	1
resellerratings	1
drinkaware	1
apetiteretreatspa	1
purepilatesasheville	1
rexhospitalopen	1
samhillbands	1
wordcounter	1
kowalskypage	1
techsupportalert	1
wwpowder	1
minecraftworldmap	1
catholic	1
icd10data	2
celebbikinis	1
yellowbook	1
buffalolib	1
ebay	40
gmfinancial	1
bdfgraphics	1
allmusic	2
rottentomatoes	5
zetataualpha	1
bedandbreakfast	1
rackwarehouse	1
miniwebtool	1
popsci	1
webestools	1
wellsfargo	4
advrider	1
kat	1
hotrodders	1
