weairsoft	1
mentalfloss	2
aafa	3
npr	4
sparkpeople	5
lakehouse	6
rankingsandreviews	7
pcsx2	8
fitpregnancy	9
thekabobplace	10
signaturestyle	11
southminster	12
cinepunjab	13
bw	14
steampowered	21
chowhound	22
gethealthygethot	23
buildabear	24
artofmanliness	26
niceonedad	27
alistairovereem	28
thehairshoppeandspa	29
forrent	30
playatmcd	31
mit	35
bsnl	36
zitscomics	37
ldproducts	38
bankrate	39
summitracing	40
seanelvidge	41
designyourway	42
lucasmha	43
iranimag	44
dailydiapers	45
bioware	46
nofilmschool	47
pokemondb	48
championselect	51
thewindowsclub	52
lawyerherald	53
publicstorage	55
huntington	62
jimmyjohns	63
creditonebank	64
mapquest	66
symbios	67
gamestop	70
motorsportmagazine	71
grizzlygunworks	72
birdfeeders	73
regentsprep	74
sitnews	75
kodiwizards	76
corvettecentral	77
ncl	78
hearstmobile	79
ginghamsburg	80
onceuponachef	81
freeflowerbulbs	82
xxxbunker	83
puretalkusa	84
allrecipes	92
boxofficeticket	93
etekcity	94
survivalistboards	95
watchfree	96
totalrewards	97
dagger	98
obitsforlife	99
myelec-traks	100
backyardberryplants	101
anthonywayneschools	102
timeanddate	103
didigames	104
blackstonelabs	105
purdue	110
mtdparts	111
morrowcountyohio	112
downdetector	113
footsmart	114
akc	116
futuremark	118
maturemoms	119
tirerack	120
gcsescience	121
directtextbook	122
highgroundgaming	123
megashare	124
hastingspistonrings	125
missioncollege	126
ecu	127
hud	128
earyummy	129
6pm	131
dtnpf	132
mybridalstore	133
aboutfloridalaw	134
webcrawler	135
apnaview	136
indeonline	137
yourhoustonnews	138
weather	149
curseforge	150
clevelandclinic	152
homage	153
aspsolutionkirit	154
hondafinancialservices	155
askmrrobot	156
premierleague	157
opskins	158
eco-pres	159
healthgrades	160
viooz	161
poorhousestory	162
subway	163
westcookymca	164
gameblog	165
beebom	166
santa-monica-resort	167
redbull	168
nipatea502	169
zara	170
fitday	171
bestbuy	176
storage	178
outback	179
elpais	180
cincinnati-oh	181
awesomegifs	182
deathpenaltyinfo	183
sonycreativesoftware	184
cartoonsnew	185
polleverywhere	186
unitjuggler	187
llbean	188
indiancountrytodaymedianetwork	189
ohio-state	191
24hourcampfire	192
theconfessionsofaproductjunkie	193
mcpehub	194
cdc	195
about	204
ifixit	205
hotelanalyst	206
justgarageplans	207
armslist	208
analyzemath	209
simcoesoils	210
dartsearch	212
wikipedia	405
retrocollect	406
msn	409
gamesheet	409
aspdotnet-suresh	410
greatlakeschevrolet	411
canyonbeachwear	412
howtomakesomemoneyonline	413
novaskin	414
pioneerec	415
acmehowto	416
pickerington	417
hayward-pool	418
hearthstonetopdecks	419
fischerhomes	420
deathandtaxesmag	421
bluelight	422
gianteaglelistens	423
companyowl	424
geteducated	425
truckingplanet	426
scamwarners	427
myrecipes	431
bible	432
civfanatics	433
chase	435
porndull	436
amazonadviser	437
sexyrealsexdolls	438
streetsblog	439
humankinetics	440
listoffreeware	441
tires-easy	442
goodhousekeeping	443
firstenergycorp	444
phandroid	445
veoble	446
planetfitness	447
freshwatersystems	448
deadspin	450
testprepreview	451
puffpuffvapelv	452
totaljerkface	454
christianfriendlysexpositions	455
lexmark	456
mitchellshomemade	457
cnn	461
burpee	462
medicinalmarijuanaassociation	463
familyhandyman	464
ehow	465
emuparadise	466
invisishade	467
stampingwithgail	468
ucdavis	469
nerdwallet	471
coshoctonredskins	472
addictinggames	474
1059thex	475
hubzu	476
laptopmag	477
marcos	478
torrentz	479
anybunny	480
kumc	481
encyclopediadramatica	482
thehun	483
paisdelosjuegos	484
arabic-media	485
elevenwarriors	487
creditkarma	490
53	494
alibaba	495
thehighroad	496
downthetrail	497
balihaigolfclub	498
pornhub	516
hollywoodmahoningvalley	517
cnzhangjiajie	518
sun-sentinel	519
fiehrermotors	520
barbecuebible	521
lazair	522
juno	523
momjoi	524
animalplanet	525
customcurbwi	526
wikimapia	527
w3schools	532
uusc	533
thisoldhouse	534
apexlearning	535
dreallday	536
linux-magazine	537
powersteps	538
dispatch	539
bing	541
gsu	542
minerals	543
greatschools	545
lonestaronline	546
bigfootbooksblog	547
wright	548
songshd	549
capitalone	552
realsimple	553
tri-c	555
summonerswar	556
howtobbqright	557
androidauthority	559
biography	560
ubi	561
legendsofequestria	562
xpressbet	563
springer	564
uniformsoft	565
barefootweddings	566
springleaf	567
deadoraliveinfo	568
videocopilot	569
golfvacationinsider	570
medscape	571
toysrus	572
laylaskitchencolumbus	573
bossip	574
budgetball	575
littlefriends	576
paleohacks	577
youss10	578
acpromdress	579
theweek	580
gap	581
bea	582
greybox	583
ieee	584
warbyparker	585
sprint	586
remax	587
brasstrains	588
justporno	588
fcdlibrary	589
grasshopper	590
randomwallpapers	591
thinglink	592
hilton	595
mailchimp	596
teradeep	597
thedrugstoreprincess	598
fisk	599
soapoperanetwork	600
99colors	601
instantcheckmate	602
babycenter	603
chewy	604
countryliving	605
ghostvidstube	606
kikoauctions	607
habseyesontheprize	608
sparknotes	609
raymond	610
pptfun	611
couponfollow	613
watchfullfree	614
motoredbikes	615
iosguides	616
disney	620
bankforeclosedlistings	621
nj	622
eso	623
github	624
marines	625
spotify	627
cenfedcu	628
projectfreetvshow	629
retailmenot	631
flickr	634
ketodietapp	635
nhanow	636
landtrustalliance	637
tripadvisor	647
costcotravel	648
craftly	649
kirkusreviews	650
studystack	651
realtydigs	652
smart-torrent	653
artposters247	654
thebetterhealthstore	655
tunechef	656
bingolocator	657
commonsenseatheism	658
gamefly	659
reddit	723
uidaho	724
pugetsystems	725
jasons-indoor-guide-to-organic-and-hydroponics-gardening	726
blackdesertonline	728
floridagoldcoast	729
udayton	730
excel-2010	731
brewersfriend	732
nathanscomida	733
sovgcc	734
cruisintimesmagazine	735
k7iza	736
paypal-community	737
monkeysfightingrobots	738
encyclopediavirginia	739
asianbridesonline	740
flyingpigmarathon	741
theroyalforums	742
armstrongmywire	743
acehardware	744
homesteps	745
adafruit	746
smugmug	747
geocities	748
oneexchange	749
batteryspace	750
appsychology	751
tumblr	762
unity3d	767
cc	768
wards	769
iruni	769
geocaching	770
aep	772
blu-ray	773
thechocolatebar	774
rutgers	775
estately	779
metafilter	780
mushroomwisdom	781
ed	785
joann	787
bgsu	789
chamberlain	790
visualhistology	791
hersheys	792
colorsofaurora	793
ebaumsworld	794
asset-sales	795
petland	796
lamarsmithsignature	797
virginmobile	798
cosmopolitan	799
rentacenter	800
emoji2answers	801
drugs-forum	802
partycity	803
clipconverter	804
lardbucket	805
carmeldollshop	806
bloggingmis	807
rockhall	808
whitepageprofiles	809
servint	810
canon	811
foodreactions	812
luscious	813
orbitz	815
mcschematics	816
thumbtack	817
brainyquote	818
manualsdir	819
phys	820
wkyc	821
grizzly	822
cincytool	823
crossout	824
coursehero	833
wrestlezone	835
shopyourway	836
crunchyroll	838
youtube-mp3	841
pcrichard	842
maplewoodcc	843
gamepedia	850
pdx	851
rev1ventures	852
byrdcallstudio	853
manualslib	855
delmarfans	856
wmich	857
nicovideo	858
allpoetry	859
ucourtyardathens	860
usf	861
chicagology	862
samsonite	863
sycamoretownship	864
adobe	868
funnysayings	869
young	870
drummerworld	871
caresource	872
kissanime	873
profootballfocus	876
jobtorch	877
lorainccc	878
animefushigi	879
furman	880
porntube	880
porn	881
wikitree	882
18flirt	883
picksandparlays	884
wtae	885
bloodjournal	886
freepatentsonline	887
yourtango	888
remembercliffside	889
dummies	890
delta	892
petemills	893
roundhouse-eng	894
tinyhousebuild	895
callername	897
modthesims	898
michaelsymon	899
autozone	902
adultfriendfinder	903
geauga	904
portage	905
convert2mp3	906
tutsplus	907
gianteagle	909
newegg	913
phrases	914
dfw	915
annieandco	916
history	919
nhm	919
portclinton	920
ecuador	921
aqueonproducts	922
walmart	944
weatherbug	945
ea	946
ticketofficesales	947
shopstyle	948
usgamer	949
pussyspace	950
paperrater	951
office	957
mooseroots	958
webenglishteacher	959
cyoc	960
cutner	961
apartmentguide	963
abcya	964
bookfinder	965
ccsoh	966
olay	967
zillow	982
zoosk	983
cbs	985
technobezz	986
amendiesel	987
streaming-free-online	988
bbc	990
autoheartmusic	991
classical-music	992
wikia	1041
bleepingcomputer	1042
amateurxxxtubes	1043
starbeacon	1044
loc	1045
calibex	1046
57center	1047
gastronomiavegana	1048
dicegamedepot	1049
hbo	1051
charlotterusse	1052
riteaid	1057
nyc	1058
simplebites	1059
studyblue	1061
starbike	1062
cleveland	1073
grahamedgecombe	1074
democraticunderground	1075
imgur	1079
stratfordhall	1080
stereo	1081
theanimeplace	1082
morningstar	1083
oxmoorflm	1084
peoplewhocare	1085
commentarymagazine	1086
study	1088
contabilidadyfinanzas	1089
overstock	1091
toledoblade	1093
americanheritagegirls	1094
monamiwinery	1095
reginaspektor	1096
thewoodwhisperer	1097
oakley	1098
people	1099
roblox	1101
randomhouse	1102
images-amazon	1103
bis	1104
twitter	1124
nadaguides	1125
supplechic	1126
bibliotecapleyades	1127
marinebattleherk	1128
truckpaper	1129
godaddy	1130
valuecityfurniture	1131
provenceweb	1132
thegothicshoecompany	1133
voiceforge	1134
flansmod	1135
emmyonline	1136
payless	1137
kenrockwell	1138
yourcover	1139
airbnb	1140
interbasket	1141
uwo	1142
nippyshare	1143
alarabiya	1144
deathbymage	1145
quizlet	1166
catholic	1169
cdlib	1170
cu-portland	1171
playersguildtheatre	1172
tractorsupply	1175
howtogeek	1176
whatculture	1177
metabomb	1178
csuohio	1180
gordonelectricsupply	1181
cardzreview	1182
saacforum	1183
aol	1192
le	1193
distancecalculator	1194
marijuanagrowing	1195
winemag	1196
sjgames	1197
ohiolegalservices	1198
campuscu	1199
nintendo	1201
neoseeker	1202
interiorish	1203
rebot	1204
hindcine	1205
wowhead	1210
wordreference	1211
thekitchn	1216
etsy	1221
delphosherald	1222
frontier	1226
metroparkstoledo	1227
cruisecritic	1229
savethedateoriginals	1230
nordstromrack	1231
hymnary	1232
picmonkey	1233
ussc	1234
att	1238
mbt3th	1239
plbg	1240
finnishblackmetal	1241
mowersdirect	1242
avon	1243
kustomkoozies	1244
jcpenney	1246
deviantart	1255
ruenu	1256
greenpipelineinitiative	1257
soundandvision	1258
qadeerandco	1259
customerlobby	1260
ichacha	1262
vt	1263
disasterrecoveryplanningitrescue	1264
brennansfishhouse	1265
open	1266
doityourself	1269
brit	1270
avclub	1271
factcheck	1272
thefreedictionary	1275
zazzle	1277
drlam	1278
uk-mkivs	1279
ikea	1281
rosemortem	1282
sigmaaldrich	1283
sinclair	1286
footlocker	1287
sbnation	1291
abcmouse	1292
apple	1301
citationmachine	1302
jailbreakqa	1303
maximizingmoney	1304
answersingenesis	1305
tools-plus	1306
growery	1306
purplemath	1307
merriam-webster	1308
bonanza	1309
parksidechurchwestside	1310
nipvideos	1311
hyatt	1313
factmag	1314
thesims	1315
clashdaily	1316
youku	1317
justfab	1318
topdreamer	1319
awolbush	1320
ign	1325
slickdeals	1326
bookseriesinorder	1327
haxx	1328
umcdiscipleship	1329
multipelife	1330
webmd	1336
gunloads	1336
nps	1338
thenaz	1339
pokemonshowdownteams	1340
macmillandictionary	1341
tvguide	1345
reverendsunmyungmoon	1346
rcplanet	1347
chucklehound	1348
moonpalacecancun	1349
arborday	1350
pbskids	1353
daprogs	1354
paycor	1355
famousfootwear	1356
kixeye	1357
disablemycable	1358
stream2watch	1359
vegasslotsonline	1361
gameroomguys	1362
sparefoot	1362
hubblesite	1363
colliderporn	1363
wasted-on-lol	1364
schoolworld	1365
newsweek	1365
hhgregg	1367
wwe	1370
gta5-mods	1371
usbank	1372
postsecret	1373
rochester	1373
pongoresume	1374
chacha	1375
bobvila	1376
dom	1377
vaporizerviews	1378
skype	1380
trunkclub	1381
harborfreight	1383
psu	1385
icloud	1387
boxrec	1388
rachellegardner	1389
mundogamers	1390
pnc	1391
shivhans	1392
orha-ocala	1393
hatsandcaps	1394
thecity1	1395
supertechohio	1395
mobafire	1397
radaris	1398
bcs	1399
pcgamesn	1401
kotsovosbridalfursandprom	1402
drugstudy	1402
quick-training	1403
backyardchickens	1404
pcworld	1406
dropbox	1407
discountfilterstore	1408
codecademy	1409
wunder2	1410
aspforums	1410
wpcu	1412
powerthesaurus	1413
parmigianoreggiano	1414
freetetris	1415
pga	1415
trekbikes	1416
ups	1417
redlobster	1418
pbworks	1420
java	1422
thecannabist	1423
lovemycodes	1424
perfumeoils	1425
metaldetector	1426
toyota	1427
nike	1429
lakelandcc	1431
freemathhelp	1432
atomiccrossfit	1433
scsk8	1434
quickchangeoil	1435
selectmotoras	1436
everydayhealth	1437
the-digital-picture	1438
redskins	1439
hiddenvalley	1440
designntrend	1441
fauxpanels	1442
hoperf	1443
aldi	1444
genius	1446
kobieta	1447
itspronouncedmetrosexual	1448
animaljam	1449
celebritymoviearchive	1450
planetminecraft	1451
pocket-lint	1452
lifehacker	1454
baseballexpress	1455
tinyprints	1456
celebdirtylaundry	1457
stormfront	1458
photoshopessentials	1459
valleyview	1460
game-oldies	1461
battleborn	1462
hollywoodsgoldenage	1464
xcum	1465
usaa	1466
aidancbrady	1467
black-desert	1467
finearttips	1468
promocode2016	1469
onlineraceresults	1470
nzbget	1471
progressive	1472
powerstream	1473
01basma	1474
ky	1475
steadyhealth	1476
rr	1477
java2s	1478
shapellsjerusalem	1479
myfax	1480
mdmetric	1481
sirenishotels	1482
brother-usa	1483
lotussculpture	1484
clevelandmetroparks	1486
frienddy	1487
wsj	1488
groupon	1490
bplaced	1491
ashleyfurniture	1492
findsmarter	1495
backsplash	1496
weitze	1497
puzzleyou	1498
hamiltoncountyhealth	1499
leagueoflegends	1501
aiomp3	1502
drsinatra	1503
crazyshit	1504
ipl	1505
thriftyfun	1506
usnews	1507
mozilla	1511
trihealth	1512
inkjets	1513
ltcombudsman	1514
pbsinet	1515
driveuconnect	1517
pornsocket	1518
planetsuzy	1521
coderanch	1522
kidstvportal	1522
hotschedules	1523
puppyfind	1524
cityofmiddletown	1525
mygreatlakes	1526
gta5cheats	1527
myweeblytricks	1528
rsre	1529
qvc	1530
broadbentboomerangs	1531
tubepatrol	1533
konooze	1534
flavorwire	1535
drdavidwilliams	1536
hubpages	1537
mayfieldschools	1538
mnn	1539
izcrackz	1540
mcrealestate	1541
studentloans	1542
recomhub	1542
bargainfittings	1543
se7ensins	1544
pspriggs	1545
illinois	1546
nationalgeographic	1547
errenskitchen	1548
bp	1550
starkbros	1550
chron	1551
outdoorhub	1552
biblestudy	1553
cinemark	1554
vintagehardware	1555
dot	1556
backpage	1559
colorincolorado	1560
foodsafety	1561
smccme	1562
marathon	1563
kubota	1564
fishpond	1565
arxiv	1565
centurylink	1566
english-subtitles	1567
collegegrant	1568
spine-health	1569
ericgarland	1570
numberofabortions	1572
oldohioschools	1573
basspro	1574
glencara	1575
papajohns	1578
foxcarolina	1579
mmobomb	1580
sootwesora	1581
realtor	1596
digitaltrends	1598
cinemablend	1599
mansurfer	1599
carid	1600
quatr	1601
gunrunnerauctions	1602
forgottenoh	1603
midrealm	1604
hotbustymoms	1605
rvforum	1607
imdb	1635
zomato	1637
internationalmidwives	1638
sunstone	1639
mawdoo3	1640
herrealtors	1641
fcmcclerk	1642
gritandglamour	1643
michibiku	1644
plonga	1645
math-prof	1646
sturbridgeyankee	1647
parchem	1648
barnesandnoble	1649
freestufffinder	1650
animecharactersdatabase	1651
bananarepublic	1652
pottermore	1653
modelmayhem	1654
goodsalt	1655
awmi	1656
patient	1658
wayuutribe	1658
shoryuken	1659
mindbodygreen	1660
jadid95	1660
ohiostatewaterproofing	1661
accuweather	1671
smore	1672
michaels	1673
anchorgrill	1674
scribd	1677
pozziracing	1678
csgolotto	1679
verizonwireless	1685
raftoar	1686
biblegateway	1689
ckfu	1690
greyhound	1691
postaluniformsdirect	1692
putlocker	1693
babynamespedia	1694
coldplay	1695
covercincy	1696
tributes	1697
onepot	1698
hardhoporno	1699
personalitycafe	1700
wood	1701
womentowomen	1702
probuilds	1703
freeallmusic	1704
organic-chemistry	1705
hautemacabre	1706
boston	1707
reallovesexdolls	1708
storagereview	1709
ammunitionstore	1710
anchorfree	1717
navy-lodge	1718
magnifymoney	1720
egcc	1721
aepohio	1722
eventful	1723
herb	1723
t-mobile	1724
madden17news	1725
dualshockers	1726
theguardian	1728
kidde	1730
mapsofworld	1731
searchincognito	1735
bls	1737
live	1748
naviance	1749
merionvillage	1750
drgourmet	1751
stuff	1751
novelupdates	1752
saujap-abroad	1753
tracfonereviewer	1754
beavercreekathletics	1755
ddotomen	1756
hypnoporn	1757
lenovo	1758
livescience	1760
pinterest	1777
overdrive	1779
horoscopedates	1780
pcmag	1783
einthusan	1785
porngames	1786
c-sharpcorner	1786
magdahavas	1787
colorrite	1788
comandofilmeshd	1789
middleearthcenter	1790
berkeley	1791
tip	1792
cabelas	1793
ngmdomain	1794
yourdictionary	1796
foxsports	1799
phi	1800
answers	1802
cruzetalk	1803
alexandani	1804
capcityfinediner	1805
nationwidebingo	1806
oceanaresorts	1807
ubc	1808
wbko	1809
myrddinwine	1810
drm-assistant	1811
wisebread	1812
idcreator	1813
get	1814
gimmedelicious	1815
watchcartoononline	1817
greenwoodindianapolispainterpainting	1818
xbox	1819
gamefaqs	1843
latimes	1844
bulbagarden	1851
gamesgames	1852
ashens	1853
lumendatabase	1854
foodess	1855
minecraftforum	1858
allegiantair	1859
paypal	1862
seatguru	1863
clutchfans	1864
rusk1	1865
uworld	1866
trump	1867
vgmuseum	1868
ventrilo	1869
meatspin	1870
screenrant	1872
all3dp	1873
myheritage	1874
eggbeaters	1875
acekaraoke	1876
4wdmechanix	1877
xmodulo	1878
briggsandstratton	1880
clevelandmenu	1881
beyonce	1882
shooshtime	1884
dawgsbynature	1885
southcentralpower	1886
packardmuseum	1887
shutterfly	1888
oplates	1889
thefastdiet	1889
miamioh	1892
essilor	1893
neofillbids	1894
audacityteam	1894
coinmill	1895
cvconline	1896
velopress	1897
opencorporates	1898
ftbwiki	1899
auroraadvocate	1900
slader	1901
smokstak	1902
soma	1903
vocabulary	1904
natalies-recipes	1904
rottentomatoes	1908
starkstate	1909
oxo	1910
legacyheadstones	1911
target	1918
softpedia	1919
hp	1921
rd	1922
lds	1923
kaahe	1924
superuser	1925
bluestarmothersdayton	1926
tvsubtitles	1927
mbaskool	1928
reuters	1929
opencv	1930
fairfield	1931
spirit	1932
appracticeexams	1933
dominos	1934
kjams	1935
astronomynotes	1936
cuyahogacounty	1939
buick	1940
bigtitsbig	1941
hammockforums	1942
listverse	1943
westeros	1944
thoughtcatalog	1945
naxos	1946
collegeboard	1947
atchuup	1948
projectfreetv	1949
autopartswarehouse	1950
woodforest	1951
knowles	1952
webstarts	1953
cheese	1954
elderscrollsonline	1955
beararchery	1956
vetary	1957
foodnetwork	1958
paintingwithatwist	1959
unc	1960
indstate	1961
cloudsixteen	1962
whatsapp	1963
jiffyshirts	1964
livestrong	1967
intellicast	1968
xhamster	1974
redeyebooths	1975
courtclerk	1976
radioshack	1978
thefappening	1979
stealthystoner	1980
adage	1981
nd	1983
trustedreviews	1984
awesomedice	1984
damndelicious	1985
diyhealthremedy	1986
georgetowncollege	1987
mydaytondailynews	1988
kpoplyrics	1989
whiotv	1990
logmein	1991
hopkinsmedicine	1992
lcc-church	1993
jeremiah111	1994
whattoexpect	1995
eroxvideos	1996
vetstreet	1997
singingmachine	1998
boisestate	1999
clevelandbrowns	2000
idahopotato	2001
betterbottomline	2002
onlyover30	2003
mp3skulls	2004
theweedblog	2005
go	2021
addresscustomerservicecenternumber	2022
beverlylewis	2023
ortho	2024
justanswer	2026
framesdirect	2027
alcula	2028
autotrader	2029
agar	2030
newcartoonsinurdu	2030
acronymfinder	2031
space	2032
couponmom	2033
swimuniversity	2034
nsopw	2035
ninelineapparel	2036
naturalether	2037
blog	2038
imasters	2039
collegenanniesandtutors	2040
dealdash	2041
staples	2042
hackforums	2043
encyclopedia	2044
thebitbag	2045
virginmobileusa	2046
network54	2047
constitutionus	2048
powerball	2049
captainstabbin	2050
bartleby	2051
babybedding	2052
hollywoodreporter	2053
periodpaper	2054
crispycaps	2055
cubesmart	2055
visitadirondacks	2056
cornerstonebrewing	2057
google	2261
dragonball-multiverse	2262
grindercrusherscreen	2263
lynda	2265
fangamer	2266
seagate	2267
serebii	2268
petco	2269
flixanity	2270
hotwire	2271
myfooddiary	2272
columbiagasohio	2274
optimabatteries	2275
oreillyauto	2276
lfporn	2277
friv	2278
silversunpickups	2279
onlinegamecommands	2280
modcloth	2281
heavy-r	2282
icy-veins	2283
gradesaver	2284
scienceline	2285
espnfc	2286
skyandtelescope	2287
mansfieldnewsjournal	2288
colgate	2289
time	2291
ourhappyhardcore	2293
dolldivine	2294
trainboard	2295
roadrunnersports	2296
polycount	2297
htcvive	2298
denofgeek	2299
ehowenespanol	2299
freeones	2300
oddsshark	2301
puahome	2302
slither	2307
sermoncentral	2308
woodsequipment	2309
dogtime	2311
mechreps	2312
freeriderhd	2313
mammothshopper	2314
hentaihere	2315
headlinerexpress	2316
grannytreasurebox	2317
games-workshop	2317
fastmaps	2319
buckeyerottweilerrescue	2320
arbys	2321
mayoclinic	2324
starkcountyohio	2325
datatables	2326
replacealens	2327
byu	2328
fextralife	2341
dealnews	2343
powerofattorney	2344
bdcraft	2345
theislamichijab	2346
homedepot	2357
racklaw	2358
atkfan	2359
stackoverflow	2366
aao	2367
bigfishgames	2368
greeneview	2369
mp3-juices	2370
myexamone	2371
houzz	2373
fortune	2374
apartmentlist	2375
gunlistings	2375
thewayoftheninja	2376
mypremiercreditcard	2377
search	2379
opendemocracy	2380
marriott	2381
bu	2382
redsgear	2383
photobucket	2385
kqed	2386
budschryslerdodgejeep	2387
cambridge	2388
jobsimulatorgame	2389
nextgenupdate	2390
worldstopexports	2391
dudeiwantthat	2392
dabr	2393
toyotafinancial	2394
worthington-portal	2395
dailymotion	2397
mirror	2399
thedroidguy	2399
iconosquare	2400
thedarksidegames	2401
conwaylife	2402
quackwatch	2403
naturalhealthyconcepts	2404
mouseandmonorail	2405
ticketstopakistan	2406
wow4u	2407
maytag	2408
nba	2410
case	2410
publicproxyservers	2411
gearward	2412
elitebuilding	2413
teamliquid	2414
lasalle	2415
clearwaterbeach	2416
aboutbuddhism	2417
sunrisewholesale	2418
amazonfulfillmentcareers	2419
striderbikes	2420
jstor	2421
moi	2422
cavellaandhair	2423
ascd	2424
chemguide	2425
si	2426
homedecorators	2427
gokartsusa	2428
poki	2429
camgirl	2430
nih	2438
fantasyflightgames	2439
mspaintadventures	2440
memory-improvement-tips	2441
complex	2442
linkedin	2446
ford	2447
azlyrics	2455
youtubeinmp4	2456
porngals4	2457
nnhoney	2458
strongsvillesoccer	2459
underthelabel	2460
memorialgallerypets	2461
tracey	2462
torproject	2464
multipass-id	2465
redbus2us	2466
warrencountyohiorealestate	2467
offers	2468
hclips	2469
couponcactus	2470
sfgate	2471
facebook	2576
buddysbarbq	2577
technicpack	2578
whitepages	2582
techsmith	2583
gifrific	2584
myfreecams	2585
wismec	2586
cbssports	2588
vice	2590
destructoid	2591
never-have-i-ever-online	2592
paincamp	2593
cnet	2600
1911forum	2602
brassring	2603
express-scripts	2604
trumpetherald	2605
whole30	2606
noodletools	2607
choosingvoluntarysimplicity	2608
skibalaw	2609
gogoanime	2611
uni-trier	2612
cincinnati	2613
powerpressurecooker	2614
vevo	2615
studentsforlife	2616
westmarine	2617
ruralking	2618
worthingtonlibraries	2619
sexmomsex	2619
gamewalkers	2619
laca	2620
sextubefuck	2621
youngliving	2622
uppervalleyprofessionalcorp	2623
apartments	2626
wiknix	2626
wikidot	2631
costco	2632
bluegrasses	2633
venmo	2634
studyguidezone	2635
archiveofourown	2636
showerbase	2637
hentai-foundry	2638
worldofsolitaire	2640
partsgeek	2641
theproaudiofiles	2642
wikispaces	2644
youx	2645
gizmodo	2646
hot101	2647
bladeplay	2648
apartmentratings	2648
theblaze	2649
imgix	2650
celebsnudepics	2651
caranddriver	2652
cinemavf	2653
pizzahut	2655
netleaseadvisor	2656
emp3s	2656
greene	2657
benihana	2658
pomerenehospital	2659
concordia	2660
fox9	2661
vjortho	2662
mecdc	2663
e-hentai	2664
nordstrom	2666
lutheranhospital	2667
wanelo	2668
pornxxx	2669
finviz	2670
kinggoon	2671
dslreports	2672
truecouponing	2672
rustybuttrusty	2673
lnds	2674
makeuseof	2675
atdhe	2676
myshopify	2677
mcrecorder	2678
newark	2679
sporcle	2681
americanfreight	2682
aepcp	2683
chagrinsoccer	2684
mls	2684
acer	2685
enstarz	2686
statcrunch	2687
uber	2688
tripod	2689
investmentresearchdynamics	2690
mofos	2691
dearborncountyfair	2692
personalcreations	2693
nostalrius	2695
spankbang	2696
cba	2697
honda	2699
rocklistmusic	2700
flyertalk	2702
mdcalc	2703
thefuntimesguide	2704
polishvillageparma	2705
freemaptools	2706
memebox	2707
clematis	2708
lakecountyin	2709
tcgplayer	2710
drunvalo	2711
livingsocial	2712
efreetgamer	2713
easytithe	2714
zeldadungeon	2715
prevention	2716
ustream	2717
duluthtrading	2718
ncix	2719
celebrityfakes	2720
watchcartoonsonline	2721
autismspeaks	2722
artnet	2723
deltiasgaming	2724
csgo	2725
autoguide	2726
newspapers	2728
theverybesttop10	2729
originaltrilogy	2730
usps	2734
oggpornlist	2735
lite987	2736
iamjoshbrown	2737
teamunify	2738
usatoday	2742
motherless	2744
renttherunway	2745
kisspornmovies	2746
sinuspressurepoints	2747
giantitp	2748
unofreak	2749
hearthpwn	2751
urbanacitizen	2752
crichd	2753
taylormadegolf	2754
dramacool	2755
treasury	2757
mytaza	2758
kdc-ohio	2759
netflix	2767
rareresource	2767
quantocusta1bitcoin	2767
innocenceproject	2767
jgaeng	2768
ew	2769
frenchmorning	2770
healthline	2772
largehdtube	2773
cars	2774
minecraft	2775
techradar	2777
dolphincommunicationproject	2778
cvni	2779
propellerheads	2780
a10	2781
willisorchards	2781
sexxs7	2782
scarymommy	2783
247sports	2788
umassmemorialhealthcare	2789
allwomenstalk	2790
electrical-online	2791
uhaul	2792
bbcode	2793
aidedd	2794
twc	2795
farmvilledirt	2796
proboards	2797
khinsider	2799
chineseatvpart	2800
sincsports	2801
theabr	2802
southwest	2803
kat	2805
pcpartpicker	2806
linuxmint	2807
toledodiocese	2808
avira	2809
coedcherry	2810
bbb	2811
smashingmagazine	2812
ndtv	2813
nhradiv3	2814
fotor	2815
izzygames	2816
rcn	2817
parvaplasticsurgery	2818
aldoshoes	2819
animenewsnetwork	2821
ssa	2822
irs	2823
kingjamesbibleonline	2824
onlineocr	2825
batteriesplus	2826
sermon	2827
benzworld	2828
lolking	2829
nfl	2832
advrider	2833
customtshirtscolumbus	2833
uni-muenchen	2834
yourheartvalve	2835
statuereview	2836
pier1	2837
3dnpc	2838
thrillist	2840
stumbleupon	2840
gayboystube	2841
matillion	2842
premierguitar	2843
purseblog	2844
duke-energy	2846
dairyqueen	2848
capitalcityhalfmarathon	2849
searspartsdirect	2851
fairytube	2852
carcomplaints	2853
cbsnews	2855
refinery29	2856
infofru	2857
proteacher	2858
omgforum	2858
builtlean	2859
mcgtn	2860
hsn	2861
coolmath-games	2864
hd-jav	2865
amazon	2938
animemusicvideos	2939
thaifrau	2940
vintagetub	2941
hespress	2942
wingofmadness	2943
yahoo	2978
realclearpolitics	2979
yourbaroness	2980
straighttalkbyop	2981
shopmadeinchina	2981
bleacherreport	2982
clorder	2983
wiley	2984
lelogicielgratuit	2985
thelordofporn	2986
coolrom	2987
3ade	2988
engadget	2988
proquest	2989
terra	2990
harvard	2991
avalive	2992
a-1appliance	2993
amishgourds	2994
conserve-energy-future	2995
dailymail	3000
sunwarrior	3001
marionstar	3003
wish	3004
snu	3005
nesinc	3006
sur	3007
nexusmods	3015
dnddice	3016
oblivionpvm	3017
haul2hi	3018
ohiomulch	3019
republicbroadcasting	3020
ck101	3021
realitysurvival	3022
tamaqua	3023
ladyada	3024
foodandwine	3024
gamekini	3025
taleworlds	3027
grasscity	3030
nolo	3031
lenoxtools	3032
chegg	3038
soft112	3039
cultofmac	3040
theprepperproject	3041
glock	3042
aspph	3043
plannedparenthood	3044
sephora	3046
eduncovered	3046
rosemusiccenter	3047
vidangel	3048
dailynewsdig	3049
mangoprism	3049
stevenengineering	3050
wkamaubell	3051
gallerydirect	3052
ecumenicalnews	3053
sheknows	3056
forever21	3057
theoatmeal	3058
iberia	3060
executive-shaving	3060
the-penis	3061
ibtimes	3062
guitaretab	3063
dia	3064
viki	3065
worldsex	3067
artvan	3068
au	3069
greatclips	3070
nsca	3071
amino-collagen	3072
hbogo	3075
metalkraftcoachwerkes	3076
teacherspayteachers	3077
xbooru	3078
ocbookshoppe	3079
pcdanan	3079
gamesfreak	3080
kidney	3081
cpooutlets	3082
food	3085
wemod	3086
cityofbrookpark	3087
chnnet	3088
str8upgayporn	3089
utoledo	3090
soundcloud	3092
ebi	3093
games	3094
candlefish	3095
electronics-cooling	3096
prca	3097
netdna-cdn	3098
umc	3099
moviefone	3101
the-shark-lagoon	3102
simplypsychology	3103
roomster	3104
yts	3105
coinworld	3106
mwmc	3107
upartit	3108
aspsnippets	3108
graemethomasonline	3109
performancebike	3110
tjx	3111
advancedautoglass	3112
runtastic	3113
butlercountyohio	3113
4nrx-uk	3114
physicsclassroom	3115
ohiolottery	3121
getmaps	3123
plex	3123
eastafro	3124
zzounds	3125
aincest	3126
zumi	3127
gamespot	3131
saboscamping	3132
tenforums	3132
zing	3133
kickstarter	3134
christies	3135
mbca	3136
beyondintractability	3137
xmovies8	3138
armorgames	3139
michiganlottery	3140
nursepractitionerschools	3141
kinogo-online	3142
kilz	3143
rareseeds	3144
csgostash	3145
uol	3146
accessgenealogy	3147
grammarbook	3148
fendercustomshop	3149
canada	3150
keyway	3151
jcsautosales	3152
indiana	3153
rpgcrossing	3154
diye-liquidsupplies	3155
linuxbsdos	3155
dizziness-and-balance	3155
tnaflix	3157
dafont	3158
mlb	3160
slideshare	3164
sourceforge	3165
songofthewood	3166
tp-link	3167
dragoninquisition	3167
brownells	3168
deere	3169
bobbyflay	3170
psstatic	3171
kay	3172
kbhgames	3173
tubemilfxxx	3174
beforeitsnews	3175
weebly	3177
gardenweb	3179
northcoastnow	3180
whosurmuse	3181
worldoftanks	3182
bhg	3184
sciencekids	3185
nbaplayoffsbracket	3186
starz	3187
zipcar	3187
dragonquest-game	3187
doctoroz	3188
rateyourmusic	3189
isitnormal	3190
biblestudytools	3190
iownmylife	3191
homewyse	3192
csgorumble	3193
ytimg	3194
cbslocal	3196
tmz	3199
o2tvseries	3201
drudgereport	3202
thesaurus	3207
dos2usb	3208
stevenstucky	3209
tanlinessalon	3210
sctimes	3211
tinypic	3212
aflamsextube	3213
statefarm	3214
itsadoozie	3215
pullrite	3216
northolmstedschools	3217
certificatedetails	3218
olentangycommons	3219
meetme	3220
easycounter	3222
global-cdn	3223
lenecrologue	3224
us-appliance	3225
sonicelectronix	3226
tidal	3227
alumcreek	3228
majorleaguegaming	3229
freep	3230
lsu	3231
abettertruckcap	3232
consolenergy	3233
nationwidekaraokerentals	3234
bookrags	3236
thechristhospital	3237
brazzers	3238
tennessean	3239
icruise	3240
weblyest	3241
ac-web	3241
toywiz	3242
udfhiring	3243
epicurious	3245
breitbart	3246
goodideasinc	3247
sonichits	3248
cars-on-line	3250
xnxx	3258
homerepairtutor	3260
drugs	3265
veritascounseling	3266
medicare	3267
cedarpoint	3270
traxlertees	3270
officedepot	3271
variety	3272
lockerdome	3273
emtprep	3274
glasscitycon	3275
homeadvisor	3276
allhallows	3277
shoopoclub	3278
atlascinemas	3279
cslplasma	3280
explore-asian	3281
serialsws	3282
biglots	3283
speedtest	3287
tv	3290
usevs	3291
dvdizzy	3292
justwatch	3293
data18	3294
atma-sphere	3295
pasion	3296
10tv	3298
softschools	3299
orangets	3300
styleathome	3301
tabibnafsany	3302
nbcnews	3306
smogon	3307
menuism	3308
osu	3314
allthetests	3315
redstate	3316
efukt	3318
norwoodrecord	3319
danielsoper	3320
fame10	3321
spokeo	3323
wag	3324
sport-fitness-advisor	3325
youtube2mp3	3326
pesceffects	3327
learnerator	3328
economyautosalesinc	3329
loraincounty	3330
bongacams	3331
cornel1801	3332
tonyravarch	3333
pbs	3336
mathway	3337
says-it	3339
lump	3340
aacn	3341
ucsd	3342
lifevantage	3343
paddling	3344
tubxporn	3344
expedia	3347
thepaleodiet	3348
enworld	3349
bedbathandbeyond	3350
dillards	3351
googleusercontent	3352
graze	3353
sportsmansguide	3354
stardewvalley	3355
lumberliquidators	3356
pumpitupparty	3357
nola	3358
droneinsider	3359
vanityfair	3360
austincc	3361
diynetwork	3362
clevelandymca	3363
imelfin	3364
dishnation	3365
owlgraphic	3366
key	3368
crabsadjusthumidity	3369
truecolorsworkshops	3370
cms	3371
gogoair	3372
aei	3373
lawnix	3374
hightimes	3375
foodiemcbooty	3376
fox8	3379
chipotle	3380
baidu	3381
faapy	3382
therustbeltchronicles	3383
rwi-essen	3384
jotform	3385
lehmans	3386
mmosite	3386
pdfonline	3387
golfwrx	3387
gopro	3388
videolan	3389
amishcabincompany	3390
athome	3391
adam4adam	3392
investopedia	3393
mrfire	3393
imore	3394
datehookup	3395
walterfootball	3396
soft32	3397
askubuntu	3398
teamspeak	3399
fool	3401
komen	3402
definebabe	3403
consumerportfolio	3404
barelist	3405
alfa-chemistry	3406
med-health	3407
ehx	3407
youporn	3412
ohioshaleohiojobs	3413
almrsal	3414
giphy	3415
trumbull	3417
examkiller	3418
benelliusa	3419
boardgamegeek	3420
ucla	3421
sevenforums	3422
bigsex	3423
ning	3424
bcencertifications	3425
embassysuitesdcmetro	3426
androidcentral	3429
washingtonexaminer	3430
wildmangorestaurant	3431
recipesforourdailybread	3432
incrediblelab	3433
ifirstrowus	3434
wolframalpha	3435
glassdoor	3438
weddingdaysparklers	3439
fizzle	3440
city-data	3442
dusk	3442
mangahere	3443
nascar	3447
appannie	3447
wtol	3449
chessex	3450
thedailymeal	3451
adforum	3452
shutterstock	3453
moviestarplanet	3455
chryslercapital	3456
unclebobs	3456
greenpromocode	3457
homes	3458
ffexodus	3458
karenderosa	3459
wycombedrivingschool	3460
petri	3461
pegym	3462
academia	3463
rev	3464
robertsspaceindustries	3465
seedsavers	3466
hgtv	3467
pinimg	3473
shelfmediagroup	3474
buttermouth	3475
loudwire	3476
goodreads	3479
heraldcourier	3480
hylbom	3481
extraspace	3481
jazz-on-line	3482
investorguide	3483
yoplait	3484
taxpayerservicecenter	3485
reformedspokane	3486
jquery	3487
mom4real	3488
jeremiahsice	3489
germainhondaofdublin	3490
texasroadhouse	3491
carmelschools	3492
dinarguru	3493
carls-sims-4-guide	3494
doorclearancecenter	3495
ohiosportsman	3495
mclaughlin	3496
buildyourguitar	3497
automotiveforums	3498
macys	3501
cbrownfuneralhome	3502
itch	3503
popularmechanics	3504
drweil	3505
standard	3506
rexmag	3507
koktube	3508
videoclip	3508
rms	3509
bioshockinfinite	3510
division	3511
blackdesertfoundry	3512
help4seniors	3513
chameleonjohn	3514
spunkyparrot	3515
samhsa	3515
stanford	3515
topsexclips	3516
royalqueenseeds	3517
joblo	3518
macstube	3519
rpgmakerweb	3520
slitherio	3521
scholarship	3522
bianchiusa	3523
18comix	3524
videos	3524
parkersgrilleandtavern	3525
roadrunner	3527
hunterdouglas	3528
payforit	3529
grocerydirect	3530
askleo	3531
octobersveryown	3532
maxcheaters	3532
airgunsofarizona	3533
filemaker	3534
ilounge	3535
livecareer	3536
supercheats	3537
thaqafnafsak	3538
ysu	3539
trulia	3548
dinnerandamurder	3549
sagepub	3550
fanfiction	3552
bobevans	3554
watchonlinecartoons	3555
gotoquiz	3556
repairclinic	3557
drmasley	3557
libreoffice	3558
hairymaturepics	3559
uakron	3560
ebay	3599
convert-jpg-to-pdf	3600
colemanabovegroundpools	3601
chatzy	3602
saboskirt	3603
huffingtonpost	3608
steadfastlutherans	3608
znwhs	3609
baseball-reference	3609
htpcguides	3610
xvideos	3638
runningintheusa	3639
dobama	3640
shopify	3641
nuts	3642
utm	3643
marinainnatgrandedunes	3644
ford-trucks	3644
legendofkrystal	3645
duncantrussell	3646
mtv	3647
seriouseats	3647
usjournal	3648
sesamestreet	3649
truthstreammedia	3650
deeringbanjos	3650
clickteks	3651
avvo	3652
limaohio	3653
opinionoutpost	3654
cicadamania	3656
gilderlehrman	3657
mimiscafe	3658
pennlive	3660
gamesradar	3662
springfield-armory	3663
altagreenhouse	3664
youjizz	3665
clevescene	3666
chillarworld	3666
wyndham	3667
tipjunkie	3668
firecockgaming	3669
wnd	3670
gofundme	3671
iheart	3673
cookbookpeople	3674
fulkchiropractic	3674
yourpurebredpuppy	3675
stjoanofarcchurch	3676
wvxu	3677
mrlandlord	3678
kmart	3681
ls1tech	3682
omniglot	3683
scitechdaily	3684
jamanetwork	3685
permies	3686
rekrute	3687
uvntrack	3689
luckysmarket	3690
localconditions	3691
seasky	3691
onedayonejob	3692
mercer	3693
roku	3694
countrycrock	3695
archive	3696
gcas	3697
cambabe	3698
sciencedaily	3699
instagram	3707
talkbass	3708
asatru	3709
ihgplc	3710
diabeticdiscountdirect	3711
veoh	3712
lmr	3713
gamerescape	3714
square-enix	3715
maturetube	3716
cliffsnotes	3717
asset-cache	3718
stlouisfed	3718
realmpop	3719
healthcare	3720
thinkingcloset	3721
oshaeducationcenter	3722
arreyadi	3723
tainstruments	3723
gramhd	3723
pandora	3724
toolup	3725
stevehoffman	3726
vtaide	3727
godammit	3728
hshandmademarket	3729
tradownload	3730
wranglerforum	3731
shakwmakw	3732
zulily	3733
americanrifleman	3734
cafepress	3735
hotelguides	3736
myanimelist	3737
revere	3738
newyorkfed	3739
bc	3740
watchmojo	3741
sportingnews	3742
thedailybeast	3743
semanticscholar	3744
runescape	3745
1fbusa	3746
rawilsonfans	3746
fortbendisd	3748
howstuffworks	3749
kingarthurflour	3750
washingtoncountyauditor	3751
flashcardmachine	3752
broadway	3753
hubbardswim	3754
oracle	3756
playstation	3757
intelius	3758
ymcatoledo	3759
computing	3760
grastontechnique	3761
hideoxy	3761
deonvsearth	3762
d1r7xvmnymv7kg	3763
joeydevilla	3764
hulu	3767
findlaw	3768
legacy	3772
darkageofcamelot	3773
musicvideoswiz	3774
smite	3775
rt	3776
mlbtraderumors	3777
adslgate	3778
facekitty	3779
helabs	3780
rotowire	3781
indwes	3782
tractorhouse	3783
androidpit	3784
yes-moreplease	3785
vporn	3786
knowyourmeme	3787
dealighted	3788
surveymonkey	3788
lakeyouthbaseball	3789
zappos	3790
wordpress	3795
intexcorp	3796
trovit	3797
ancensored	3798
utexas	3798
dow-stats	3799
etonline	3800
chrisendres	3801
zipmap	3802
loveastraydog	3803
itbtranslations	3804
tomsguide	3805
usda	3806
3ss3	3807
guildwars2	3809
htmlgoodies	3810
japanbeast	3811
nicolashoening	3812
kooora	3813
algebra	3815
gandermountain	3816
uvic	3817
sbc	3817
wishesmessages	3818
mrspal	3819
opticsplanet	3820
myilifestyle	3821
hairfollicledrugtest	3822
hollisterco	3823
tbeic	3824
vgmdb	3825
zieglerheating	3826
autoblogg	3826
craigslist	3866
materializecss	3867
instructables	3869
gamingtrend	3869
firstlab	3869
touchofclass	3870
esurance	3872
atlaspublicrecords	3873
famousbirthdays	3873
lovingyou	3874
dell	3878
nudeyoga	3879
swtor	3881
uc	3881
draxe	3883
lowes	3890
rpg	3891
discover	3892
wallapop	3893
getpaint	3894
mathcracker	3895
battle	3905
imageenlarger	3906
coupons	3907
woodrocket	3908
samsung	3911
blankmediagames	3912
htbackdrops	3913
rahr	3914
peliculas4	3915
cannabis	3916
blueapron	3917
wlwt	3918
valpak	3919
job-applications	3920
buildyournumbers	3921
knowyourix	3922
autoplicity	3923
pastemagazine	3925
ohio	3933
tamu	3934
botanical	3935
physicsforums	3936
brandonsanderson	3937
polaris	3939
toptenreviews	3940
mulheres18	3941
instantactionpodcast	3942
getemoji	3943
fapality	3944
dmclubs	3945
68zombie	3946
ideastream	3949
mysynchrony	3950
mikecastruccichevrolet	3951
streamhentaimovies	3952
psychologytoday	3953
booksarefun	3954
danasrgg	3955
tcgcircle	3956
pogo	3958
softonic	3962
xg4ken	3965
quora	3975
bg-wiki	3976
researchgate	3978
oncraigslist	3979
jegs	3980
gearbest	3981
discordapp	3982
donleyfordmtv	3983
snopes	3984
flyordie	3985
seatgeek	3986
shahrekhabar	3987
washingtonpost	3989
express-helpline	3990
yellowpages	3995
the-art-of-web	3996
duke	3997
cheatbook	3997
girlsgogames	3998
stewartsmilitaryantiques	3999
promedica	4000
factorio	4002
buyinganmg	4003
calibamboo	4004
porncomics	4005
freemahjong	4006
wcpo	4007
americanmuscle	4008
bloominghomestead	4009
mathusee	4010
es	4011
traditionalcatholic	4012
shopaneer	4013
debate	4014
indeed	4016
dumskaya	4017
wunderground	4021
mypremierdesigns	4022
groovypost	4023
kinguin	4024
apa	4025
majornelson	4026
fandango	4027
doublealpha	4028
janisjoplin	4029
wayfair	4033
techtimes	4033
heart	4033
intimateartscenter	4033
hardforum	4033
bollymasala	4034
shewearsmanyhats	4034
ufc	4036
yupptv	4037
thisgardenisillegal	4037
reserveorlando	4037
gq	4038
msu	4039
collective-evolution	4040
stackexchange	4045
fleshlight	4046
foursquare	4047
suddenlink	4048
7billionworld	4049
billings	4050
moddb	4053
wikihow	4057
whereverwriter	4058
thefw	4059
weber	4060
readmanga	4061
keengamer	4062
bufferapp	4063
archlinux	4064
logitech	4064
trend247	4064
virginiafacialplasticsurgery	4065
versus	4066
tomshardware	4070
yesterdaystractors	4071
manporn	4073
truecore	4074
christianmusicarchive	4075
raspberrypi	4076
kef	4077
booloo	4079
tasteofhome	4081
active	4082
workuno	4083
fedex	4084
fitbit	4086
woodhavencjd	4087
weatherforyou	4088
miniplusbrewer	4089
7-zip	4090
minecraftforge	4091
smartdns	4091
tbdress	4092
mom	4094
xanconfections	4095
whatchristianswanttoknow	4096
worldstarhiphop	4097
larkincobb	4098
cheatsheet	4100
mangastream	4101
hallidayswinery	4102
dickssportinggoods	4104
ohiodnr	4105
ae	4106
xtramath	4107
seanwes	4108
carterlumber	4109
newworldencyclopedia	4110
kongregate	4111
nypost	4112
teamfourstar	4113
liquor	4114
twitch	4118
lankacnews	4119
lah	4120
repairpal	4121
buffalowildwings	4122
menards	4124
forbes	4130
redtube	4133
medicalnewstoday	4134
fox19	4136
rei	4137
mercola	4139
zips	4140
ediblearrangements	4141
thewordfinder	4142
rollingstone	4145
recoveryourstride	4146
itcher	4147
samsclub	4148
conservativereview	4149
iraqidinarvalue	4150
pretendyoure	4151
ripoffreport	4152
finegardening	4153
chounyuu	4154
findserialnumber	4154
timewarnercable	4160
askart	4161
fixya	4163
nasdaq	4164
qmuniforms	4165
build	4166
mazdas247	4167
scanplify	4168
birthmoviesdeath	4169
litcharts	4170
midwayusa	4171
diyncrafts	4172
onu	4173
eagles	4174
nytimes	4177
meetup	4178
image-line	4179
canstockphoto	4180
saint-gobain	4181
bravotv	4182
pokemonntevoroms	4183
ancestry	4185
shmoop	4190
sleepjunkies	4191
guitarcenter	4192
rockstarenergyshop	4193
geforce	4193
420magazine	4194
rcgroups	4195
civilwarphotography	4196
traxxas	4197
fda	4198
maccosmetics	4199
yelp	4203
jet	4205
kent	4206
independent	4207
cnbc	4208
menshealth	4209
moviepilot	4210
magix	4211
bobborst	4212
liebelib	4213
vg247	4214
feed-the-beast	4215
drsfostersmith	4216
marketwatch	4217
hdis	4218
gearboxsoftware	4219
nakedmomtube	4220
techtarget	4221
kohls	4224
itau	4225
lazymotorbike	4226
sendgrid	4226
telegraph	4227
scoop	4228
ereplacementparts	4229
oyez	4230
gamejolt	4231
consumerreports	4233
creatinganewsense	4234
sorensensresort	4235
realmenrealstyle	4236
redmonfuneralhome	4237
vk	4238
houmame	4239
wallpapersinhq	4240
santafenewmexican	4241
plantcaretoday	4242
xxxtubedot	4243
state	4246
tytyga	4247
consumeraffairs	4248
payscale	4249
smccd	4250
intel	4251
foxnews	4252
youfreeporntube	4253
lcounty	4254
bhphotovideo	4255
usstatequarters	4256
youtube	4532
cargurus	4536
55communityguide	4537
joelosteen	4538
birminghamlimo	4539
ducati	4540
emilstabs	4541
eegay	4541
filmesonlinegratis	4542
policeauctions	4542
justaddmudoffroad	4543
gidonline	4544
ratemyprofessors	4546
qz	4546
masterofmalt	4547
lyricsmode	4548
rmef	4549
topgunsupply	4550
businessmate	4551
livetrendlaptops	4552
audioknigi	4553
urbandictionary	4559
gpgmusic	4560
adcoock	4562
kids-dinosaurs	4562
britannica	4563
dictionary	4565
msnbc	4566
steamcommunity	4581
kotaku	4583
wisegeekhealth	4583
paradisus	4584
bizjournals	4586
cognitivescience	4587
skylandpinesgolfcourse	4588
pbase	4589
galleryhotsearch	4590
sensiseeds	4591
theholsterstore	4592
gabrielebridal	4593
toptal	4594
brewboard	4595
americaphonebook	4596
circleacycles	4597
tscstores	4598
afterabortion	4599
booklocker	4600
hawkscay	4601
paulsimon	4602
wizards	4604
tollfreeforwarding	4605
wifelovers	4606
hongfire	4607
instantpeoplefinder	4608
leppos	4609
utk	4610
kroger	4611
powerbot	4612
neweggbusiness	4613
ddti	4614
microsoft	4630
nationwidechildrens	4631
shape	4632
shamrockcompanies	4633
shopgoodwill	4634
ncate	4635
ekwb	4636
nydailynews	4638
tacobell	4639
nogmat	4640
gfs	4641
cheatcc	4642
