footlocker	1
sbnation	2
skopos	3
paheal	4
apple	5
si	6
sparkpeople	7
rankingsandreviews	8
blizzard	9
purplemath	10
ironhorseranchok	11
nih	17
steampowered	18
merriam-webster	19
lps	20
linkedin	21
pillsbury	22
azlyrics	26
yifysubtitles	27
cox	28
porngals4	29
livingwithbugs	30
bisecthosting	31
lamadeclothing	32
devonenergy	33
w3ec	34
fiskars	35
livejournal	36
oaoa	37
mcmelectronics	38
carls-sims-4-guide	39
hclips	40
sfgate	42
facebook	69
ign	71
whitepages	72
bobhurleyford	73
bobholidays	74
scpr	75
webmd	76
washington	77
dish	78
fingerhut	79
championselect	81
cnet	83
ps3hax	84
anysex	85
mojang	86
kinnser	87
usmagazine	88
wingstop	89
miiduu	90
qualityinn	91
hulldailymail	92
pbskids	93
literotica	94
fossil	95
sheplers	96
avcgi360	97
mommydigger	98
onetravel	99
webs	100
absolutetabletop	101
jewishvirtuallibrary	102
craftyscreenwriting	103
umich	104
soundoffaudio	105
infoplease	106
soonersports	107
curetoday	108
fanatics	109
cavalaire	110
newsok	112
allrecipes	113
perfectsexstories	114
thebrooklyngift	116
watchfree	119
nhlplayoffsbracket	120
chacha	122
bobvila	123
wwbw	124
livecareer	125
putlockerr	126
youthministry360	127
pconverter	128
fanfiction	129
mobafire	131
donaldjtrump	132
viyet	133
footsmart	134
cultura10	135
thesims3	136
pcworld	137
dropbox	138
ebay	147
gifsoup	148
bellatory	149
pokemon20	150
fightdementia	151
megashare	152
pfshealing	153
onlydudes	154
meandmybigideas	155
linuxfocus	156
churchangel	157
huffingtonpost	158
trekbikes	159
49design	160
e-hentai	161
phoenix	162
hattrick	163
baseball-reference	164
dragracecentral	165
xvideos	169
quickonlinetips	170
theinformr	171
bankruptcy-lawyer-oklahoma	172
syfy	173
weather	177
rose	178
fastline	179
secondlife	180
arkansasrazorbacks	182
songho	183
happyhooligans	184
darlingtonps	185
agame	186
ereferencedesk	187
frischerconsulting	188
designntrend	189
tripod	190
swiftless	191
proguitartuner	192
animaljam	193
indieknow	194
stm-ou	195
bestbuy	197
medline	198
visual	199
thefuntimesguide	200
econlib	201
otakumode	202
bukkit	203
tcgplayer	204
metradealer	205
okjazz	206
back2college	207
cu-fc	208
geeksquad	209
ifixit	210
haskellathletics	211
ihs	212
armslist	213
dartsearch	215
wikipedia	260
hdmovie14	261
mikeposner	262
rootsoffaith	263
myfax	265
orschelnfarmhome	266
derbycon	267
dentallifeline	268
universal-radio	269
hearthstonetopdecks	270
kfor	272
comicbookresources	273
coinbase	274
kickasstorrentsim	275
familyfreshmeals	276
usatoday	277
allevents	278
pandamotorworks	279
leagueoflegends	280
sophos	281
ryuanime	282
elgintime	283
instagram	285
moneyconnexion	286
hallhighschool	287
talkbass	288
texture	289
gadgetube	290
artinfo	290
scentbase	291
gamerescape	292
warrentheatres	293
cliffsnotes	294
usnews	295
healthcare	296
espn	297
bbqpartsworld	298
ukcountryhotels	299
emathhelp	300
thewitcher	301
netflix	302
pandora	303
groovesharks	304
nala	305
puppyfind	306
healthline	307
ramogames	308
xn--94qw00l56cisb	309
cnn	313
dwarffortresswiki	314
newcastle	315
voteforrest	316
tosdatabase	317
familyhandyman	318
pcgamer	320
addictinggames	321
247sports	322
playstationtrophies	323
myanimelist	325
nist	326
vintageamps	327
bp	328
asha	329
runescape	330
uniqlo	331
ispot	332
libanswers	333
controllermax	334
whocalledchecker	335
armstrongmccallnm	336
pornhub	342
fotor	343
smokingwithstyle	344
sun-sentinel	345
songkick	346
cookinglight	347
electronics-tutorials	348
trollingmotordoctor	349
rt	350
bing	351
libertydds	352
uni-konstanz	353
basspro	354
salesforce	355
shmoocon	356
mheducation	359
gilletts	360
eva	361
vistaprint	362
pier1	363
thrillist	365
worldcat	366
calcchat	367
digitaltrends	367
tractorhouse	368
realsimple	369
beenverified	370
kbb	371
knowyourmeme	373
cfr	374
ubi	375
cinchshare	376
searspartsdirect	377
wordpress	380
zappos	381
swiftutors	382
cancertutor	383
imdb	391
zipmap	392
wdc	393
duncanps	394
tomsguide	396
findagrave	397
sistasense	398
portofinoapthomes	399
guildwars2	400
baka-tsuki	401
medscape	402
amrengineering	403
marlboro	404
baxterboo	405
webofknowledge	406
okbu	407
amazon	423
crystalcabinets	424
christianpost	425
publicrecords360	426
orderup	427
sanfrancescoassisi	428
yahoo	441
whatsnewworld	442
rollinghillshospital	443
babyswaddleblanket	444
bleacherreport	444
osuspirit	445
owncloud	446
accuweather	447
inomics	447
examiner-enterprise	448
urbandead	449
berkshirehathawayhs	450
csgolotto	452
polygon	452
verizonwireless	453
biblegateway	457
hhmi	458
nexusmods	461
gamebaby	462
craigslist	467
tulsalibrary	468
putlocker	470
funeralfinder	471
healthboards	472
openlibrary	473
comfedcu	474
lendingtree	475
highsnobiety	476
allposters	477
k12	478
malwarebytes	479
celebjihad	479
musicnotes	480
veterinaryradiology	481
dell	482
swtor	484
piriform	485
burnettinc	486
lowes	489
koicrisis	490
lipsitzgreen	491
battle	497
stubhub	499
ballerarcade	500
painscience	501
github	501
vaticanstate	502
spotify	504
uco	505
eventful	506
retailmenot	508
dollargeneral	509
marcumsnursery	510
cnag	511
jssm	512
tripadvisor	517
lawofselfdefense	518
theatlantic	519
carnival	520
hotels	521
manualguru	522
sheknows	522
live	523
golfsmith	524
travelocity	525
tractorbynet	526
pof	527
schiffgold	528
easybib	529
reddit	547
sbcodez	548
livescience	549
blackdesertonline	550
mainevent	551
owassops	552
tickencounter	553
pinterest	555
viki	556
porngames	557
cityofmoore	558
tornadotoughshelters	559
thecandidadiet	560
bathandbodyworks	561
chasingthefrog	562
thebiancadelrio	563
science-forums	564
adafruit	565
timer-tab	566
nawcc	567
davidstanleydodgeofnorman	568
crossfitheavysteel	569
soundcloud	570
sears	571
bibme	572
xg4ken	574
quora	578
tumblr	584
uni-freiburg	585
spendwithpennies	586
reverso	587
down-river	588
ultimateoutsider	589
life	590
gamefaqs	593
latimes	594
ed	595
youboat	596
minecraftforum	596
bkfootwear	597
washingtonpost	598
express-helpline	599
aeropostale	600
paypal	603
songfacts	604
aftermidnite	605
findthedata	606
idotaketwo	607
cybergrants	608
ghacks	609
nickjr	610
movierewind	611
briggsandstratton	612
wunderground	613
uslakes	614
adhe	615
bloodyelbow	616
opentip	617
duckduckgo	618
bethesda	619
airfarewatchdog	620
jossandmain	621
allstarhealth	622
newgrounds	623
wayfair	624
questdiagnostics	625
heart	626
coursehero	631
shopyourway	632
ftbwiki	633
crunchyroll	634
calguns	635
a-kon	636
desihdmovies	636
2lcustomtrucks	637
elliesway	638
gamepedia	639
stackexchange	639
findsimilar	640
wou	640
surveyantiques	641
genopro	642
bigcartel	643
topsecretwriters	644
moddb	645
wholehealthchicago	646
wikihow	648
wordplays	649
mopar	650
hp	652
miniclip	654
ecsi	655
lds	656
okstate	658
ar15	660
familydollar	661
pearlsbylaurel	662
gardenweb	663
technorms	663
bestcountryreports	664
projectorcentral	665
f150forum	666
attackofthefanboy	667
smallenginewarehouse	668
pervertslut	669
colorado	670
egglesscooking	671
lotteryusa	673
christiancourier	674
tasteofhome	675
parade	676
fedex	677
kingsford	678
theenclaveamarillo	678
zenwealth	679
freedomcitychurchba	680
genograms	681
bobhamp	682
rockauto	683
magnoliamarket	684
indiatimes	685
backwoods	686
learnplantsnow	687
rapidtables	688
comparaboo	689
geico	690
lvmonorail	691
buttpaste	692
dummies	693
proficientaudio	694
ambition	695
cisco	696
curse	697
houstonsymphony	698
allnurses	699
collider	700
greenbuildingtalk	701
learner	701
listenthusiast	702
newegg	704
tylenol	705
dfw	706
ucanr	707
mariowiki	708
tipnut	709
962	710
forbes	712
walmart	717
sirisarafilms	718
thesimpledollar	719
diycontrols	720
allure	720
oskoui-oskoui	721
hotstar	721
whattoexpect	722
squaretrade	723
xnxx	725
samsclub	726
ultimate-guitar	727
tulsacc	728
thundertiger	729
mooseroots	730
streamlight	731
zoro	732
rictornorton	733
drugs	734
isitdownrightnow	734
go	735
zillow	740
uverse	741
80000hours	741
edmunds	742
marapets	743
occidentalhotels	744
autotrader	745
autosteel	746
timewarnercable	747
petsmart	748
anywho	749
louisiana	750
bearbiology	751
leitzmuseum	752
agar	754
bbc	755
bleepingcomputer	756
wikia	769
diyncrafts	770
homeadvisor	772
travelok	773
musixmatch	774
systemrequirementslab	775
dol	776
nexon	777
peonysenvy	778
studyblue	780
image-line	781
dealsplus	782
howfamilieswork	783
tasteofcountry	784
imgur	785
powerball	787
shmoop	788
fullandcontent	788
autoanything	790
oscedays	790
google	834
okc-audubon	835
yelp	836
serebii	837
superdataresearch	838
enciclonet	838
independent	839
odcr	840
dallasnews	840
gettingaroundgermany	841
rssing	842
foodmenuguru	843
vg247	844
reaper	845
ok	846
pirate4x4	847
friv	848
billyjoel	849
romhustler	850
bplans	851
upsidedowntext	852
fortunechef	853
blastingnews	854
chatville	855
rff	856
treeofsavior	857
bettycrocker	859
kohls	860
cachegov	861
sylvanlearning	862
twitter	865
icy-veins	866
expedia	867
5577	867
7down	867
parts-express	868
weokie	869
telegraph	869
ereplacementparts	870
birdsnow	871
minecraftskins	872
gamejolt	873
consumerreports	875
swtimes	876
uporn	877
basilicasanpaolo	878
ess3	879
vndb	880
texas	881
sina	882
babble	883
ua	884
linksys	885
farmers	886
news9	887
bancfirst	888
wondershare	889
troubleshootmyvehicle	890
intel	891
quizlet	897
chatsports	897
iroc-z	898
reloadammo	899
youtube	959
tractorsupply	960
caraudio	961
jiskha	962
milanmedical	963
colorlines	964
metlife	965
crosswordnexus	967
fextralife	972
whiskyfun	973
aol	974
owassofirst	975
bladeandsoul	976
designhistory	977
homedepot	980
golocalnet	981
ewg	982
stackoverflow	983
homesnap	984
openculture	985
biology4kids	986
freshlypicked	987
gameskinny	988
primewire	989
britannica	990
steamcommunity	997
gregmankiw	997
wix	998
medhelp	999
search	1000
wowhead	1004
omicsgroup	1004
freemoviesonline	1005
thekitchn	1006
zenfolio	1007
japanrailpass	1008
wifecrazy	1009
truecar	1010
smartshanghai	1011
games-kids	1012
ulta	1013
easytogrowbulbs	1014
alpacadirect	1015
ldonline	1016
wileyx	1017
dailymotion	1018
fbtwagoner	1019
jcpenney	1021
deviantart	1021
iam8bit	1022
covergirlfablab	1022
blogjob	1023
musicfolk	1024
mythreecents	1025
pornhubselect	1026
oscn	1027
mangahere	1028
microsoft	1030
arvest	1031
alibris	1032
helloglow	1033
samlib	1034
gothamist	1035
thefreedictionary	1037
raspberryroaddesigns	1038
bennye	1039
zazzle	1040
sananda	1041
homes	1042
tacobell	1043
steck	1044
cruiseadvice	1045
bargainmovingcompany	1046
