podbay	1
dxheat	2
elisa-antibody	3
yourtack	4
consumerismcommentary	5
champion	6
techrepublic	7
pinimg	8
steampowered	9
dramaalert	10
vividseats	11
buildabear	13
linkedin	14
urgentcarelocations	15
ford	16
cox	17
alto-shaam	18
thewrap	19
timebie	20
dunnscornersmarket	21
sfgate	22
facebook	30
dcfpnavymil	31
ign	32
whitepages	34
storz-bickel	35
foremost	36
sc	37
aa	38
elnuevoherald	39
creditmutuel	40
literotica	41
steamcharts	42
wackyvoices	43
wurmpedia	44
insidescience	45
partsgeek	46
gizmodo	47
summerinfant	48
dbforums	50
limitededt	51
timeanddate	52
purdue	53
dreamstime	54
repairclinic	55
spencersonline	56
caranddriver	57
advocate	58
mass	59
ebay	61
bluealleystudios	62
vray	63
huffingtonpost	64
runnersworld	65
cumlouder	66
nike	67
xvideos	71
halfmarathons	72
bonnieplants	73
rismile	74
collegeconfidential	75
xboxachievements	76
lanasbigboobs	77
indigorenderer	78
seriouseats	79
lawyers	80
lifehacker	81
realtytrac	82
bestbuy	83
agsoftball	84
diversitytomorrow	85
lowellsun	86
about	89
luxeburgerbar	90
justia	91
wikipedia	113
kentri	114
beeradvocate	115
providenceri	116
groupon	117
originaltrilogy	118
uri	119
galegroup	120
decadirect	121
usatoday	123
alternet	124
instagram	125
asp	126
leakforums	127
hearthpwn	128
goodhousekeeping	129
netflix	131
missouribotanicalgarden	132
cars	133
sidereel	134
sharp-world	135
tfpstudentaction	136
illinois	137
darkmatters	138
thedailybeast	139
diaperedonline	141
chevrolet	142
avis	143
hertz	145
coedcherry	146
gatewaytothecitydc	147
prezi	148
meethue	149
pornhub	150
intelius	151
rwu	153
viator	154
cyberessays	155
cookinglight	156
wolfram	157
powersteps	158
lolking	159
nfl	160
ratemyteachers	161
rhoderunner	162
realtor	164
horze	165
knowyourmeme	166
bncollege	167
wordpress	170
imdb	172
kudosprime	174
vengeancewow	175
wiktionary	176
mrconservative	177
mkbmemorial	178
amazon	181
thecolorhouse	182
yahoo	189
bleacherreport	190
engadget	191
ncbytrain	192
inc	193
uspresidentialelectionnews	194
theroaringtwentieshistory	195
pcadvisor	196
inquisitr	197
uscis	198
nexusmods	200
craigslist	203
acura	204
aubrenicole	205
rollitup	206
ctlawhelp	207
sparknotes	208
coventrypd	209
lowes	210
reallygood-software	211
galaxys6edgeupdate	212
battle	214
dcu	215
watchmha	216
chegg	217
github	219
foodiecrush	220
retailmenot	221
thesecretworld	223
growweedeasy	224
theguardian	227
tripadvisor	228
novartis	229
live	231
easybib	233
reddit	235
tdbank	236
crateandbarrel	237
pinterest	238
jeepforum	239
gilt	240
theunitconverter	241
cartalk	242
ijailbreak	243
food	244
agarioplay	245
riliving	246
motherearthnews	247
tosbase	248
jerseyboysinfo	249
xg4ken	250
quora	253
tumblr	254
beeg	255
charliedaniels	256
citethisforme	258
gamefaqs	262
promatcher	263
btosports	264
bluehillfarm	265
salon	266
ragingstallion	267
gsn	268
fnafworld	269
straightnakedthugs	270
bustle	271
friendfeed-media	272
rilot	274
dailydot	275
nvidia	276
magazine-agent	277
askmefast	278
rivoters	279
stackexchange	281
mlb	282
target	284
specialtyproduce	285
morethanmedication	286
wikihow	287
pamperedchef	288
trackview	289
adobe	290
reboot	291
pokki	292
dominos	293
orzzzz	294
longforecast	295
terapeak	296
porn	297
bestfastweightlossdietplan	298
diablofans	299
messletters	300
princesslimo	301
tmz	302
goddess-guide	303
univision	304
foodnetwork	305
warwickonline	306
riamoneytransfer	307
whatismyipaddress	308
dummies	309
citizensbank	310
usm	311
turnto10	312
6tube	313
nypost	314
verisae	315
walmart	318
agarprivateserver	319
usgamer	320
logmein	321
prankowl	322
xnxx	324
hipaaspace	325
pinkcupid	326
ultimate-guitar	327
office	330
go	332
thefrogandturtle	333
patriotledger	334
topshop	335
wikia	337
bidmc	338
directv	339
tv	340
hbo	342
chicagomanualofstyle	343
copts-united	344
swarthmore	346
pcguide	347
advocare	348
ri	352
shmoop	353
apexgunparts	354
cowtruck	355
onnit	356
loadcalc	357
massachusettsmarijuanacompliance	358
google	381
tennisbookings	382
jet	383
independent	385
liebelib	386
gonintendo	387
solarmovie	390
howtogetacapeinminecraft	391
lego	392
hojo	393
manataka	394
twitter	396
ebtedge	397
politico	398
bedbathandbeyond	399
how-to-type	400
elpaso411	401
telegraph	402
stardewvalley	403
lyricsfreak	404
arkivmusic	406
consumerreports	409
chroniclesofelyria	410
asic-world	411
nocookie	412
typepad	413
slither	414
youtube	442
hauziz	443
mayoclinic	444
stopandshop	445
ratemyprofessors	446
fextralife	448
vulture	449
aol	450
wingsover	451
homedepot	453
stackoverflow	461
homesnap	462
microsoftonline	463
psychcentral	464
steamcommunity	466
youporn	467
hltv	468
ccp	469
thekitchn	470
santanderbank	471
etsy	472
massgeneral	473
alamo	474
coventryri	475
charlieintel	476
pumpnpose	477
lr	478
independentri	479
setuprouter	480
rgs	481
radiohead	482
diablowiki	483
convertkit	484
deviantart	486
hotair	487
uky	487
glassdoor	488
uottawa	489
physicaltherapist	490
buzzfeed	491
microsoft	493
thefreedictionary	494
zazzle	495
allenbrowne	496
