lightsource	1
gifntext	1
foodnetwork	1
gurl	1
walmart	2
precisionnutrition	1
finalfantasyxiv	1
over-blog	1
mybeautybuy	1
nfl	1
biography	1
swensonbrosmarine	1
windows10forums	1
greatfuturessd	1
sehinc	1
etsystatic	1
yahoo	4
paleoleap	1
wccftech	1
duncraft	1
searsoutlet	1
outdoorphotographer	1
sears	1
thenewcivilrightsmovement	1
planetminecraft	1
thefappening	1
quickenloans	1
stackexchange	1
mydirtytoons	1
researchgate	1
wordpress	2
tmreviews	1
eddiebauer	1
menards	2
guildwars2	1
9minecraft	1
livestrong	1
twitter	1
shoryuken	1
realtor	1
sd	1
se7ensins	1
juegossocial	1
consumerist	1
forsalebyowner	1
agame	2
kotaku	1
purdue	1
rankingsandreviews	1
fextralife	2
imgur	1
mac-bsa	1
gamefools	1
unmillenniumproject	1
chegg	1
crestleaf	1
answerisfitness	1
bless-source	1
facebook	6
webstaurantstore	1
af	1
craigslist	1
loginfaster	1
cropkingseeds	1
spectraenergy	1
truecar	1
dominos	1
laxcrossword	1
nabble	1
weather	2
vcsu	1
reddit	4
dish	1
easybib	1
lsmod2015	1
elementvape	1
washingtonpost	1
edmunds	1
atdhe	1
cigar	2
sciencedirect	2
rhubarb-central	1
dalaran-wow	1
trackwrestling	1
mrdoob	1
ifixit	1
baymontinns	1
sdbor	1
wiley	1
weebly	1
state	1
intouch	1
totalwar	1
3fatchicks	1
agario	1
usatoday	1
flashracegames	1
tripadvisor	1
steadyhealth	1
ludeon	1
bobbrinker	1
wikipedia	11
cnr	1
ehow	1
pinterest	2
imitrk	1
aofas	1
viator	1
dealscove	1
marijuanagrowing	2
hometown-pages	1
ancestry	1
touratech-usa	1
miralax	1
troutrageous	1
amazon	2
imgflip	1
compare	1
health	1
mozilla	1
xvideos	1
cigarsinternational	1
nexusmods	5
theboot	1
masteringphysicssolutions	1
whitepages	2
cia	1
rcas	1
youtube	12
xda-developers	1
nih	1
steamcommunity	1
mysteryranch	1
boattrader	1
coolors	1
lightinthebox	1
pornhub	2
bp	1
nobullying	1
winaero	1
stackoverflow	1
americanphoenixbook	1
mobilehomeparkstore	1
gadgetsupersite	1
think-slimmer	1
emuparadise	1
hrc	1
battle	2
bankrate	1
wikia	5
internetsociety	1
gamesforthebrain	1
losmovies	1
carseatblog	1
marriott	1
msn	1
imdb	1
hy-vee	1
cbs	1
tumblr	1
oil-price	1
outintheshop	1
sportsnet	1
axlegeeks	1
greatclips	1
diabetes	1
microsoftonline	1
variety	1
straighttalk	1
google	10
usnews	1
diablofans	2
uah	1
womenshealthmag	1
internetlivestats	1
slitherio	1
