amtrak	1
jstor	2
sbnation	3
adultchatters	4
pornchil	5
deltajobs	6
apple	10
rachaelrayshow	11
citationmachine	12
braxtonculler	13
bikeforums	14
greenmagichomes	15
katrinaleechambers	16
universalorlando	17
rankingsandreviews	18
quintcareers	19
2ndandcharles	20
cityofcorsicana	21
deluxe	22
purplemath	23
connexus	24
nih	27
playlistresearch	28
pinimg	30
steampowered	32
merriam-webster	33
johnthenryauction	34
mytractorforum	35
thestate	36
ifunny	37
vrbo	38
xtube	39
linkedin	41
paw-talk	42
legendary	43
nicholsonfunerals	44
heavy	45
kodi	46
wrestlinginc	48
mit	49
wspa	50
newsone	51
thewrap	52
potterybarn	53
intuit	54
cornandsoybeandigest	55
bankrate	57
sfgate	59
facebook	88
ign	91
whitepages	92
utorrent	93
broadwaymusicalhome	94
webmd	96
washington	98
sfsymphony	99
nps	100
dailyburn	101
checkwhocall	102
singaporeexpats	103
pokemondb	104
championselect	105
cnet	106
techspot	107
express-scripts	108
tvguide	110
teamearthfare	111
tutorialspoint	114
sanzospecialties	115
usmagazine	116
sc	128
charlotteobserver	129
checkpeople	130
aa	131
shred360	132
batterystuff	134
vanillavisa	135
ftog	136
hartzellairmovement	137
nsafinder	138
toyotaofcolumbia	139
theselfesteemblog	140
lawnflite	141
stanford	142
act	143
dairyfarmers	144
bdoutdoors	145
anderson1	146
fernhillbaptistchurch	147
eng-tips	148
trailcenter	149
onetravel	150
collabor88	151
cruisersforum	152
webs	153
tjoos	154
internationalcenter	155
mca-marines	156
bbt	158
ismyshowcancelled	159
gottabemobile	159
travelandleisure	160
inspiredtaste	161
health	162
oceanlakes	163
straighttalk	164
bdturnkeyengines	165
costco	166
wwe	168
careerbuilder	169
worldofsolitaire	171
watchfree	172
raleighnc	173
lensora	174
webhostingfreereviews	175
free-online-calculator-use	177
saludayoungfarmer	178
brainly	179
harborfreight	180
humantouch	181
instructure	182
timeanddate	183
my	184
ebags	185
heraldonline	186
purdue	190
unctv	192
trulia	194
apartmentratings	195
mobafire	198
fanfiction	200
theblaze	201
walgreens	202
medschat	203
pubfilm	204
bariatricpsychevaluations	205
transtutors	206
kare11	207
spencersonline	208
mensfitness	209
caranddriver	210
phillymag	211
sonicdrivein	212
pizzahut	213
ebay	222
iporntv	223
davidmlane	224
theworknumber	225
mgsforums	226
jyotish-vedicastrology	227
funimation	228
apl	229
hydromousse	230
southcoasttoday	231
dataw	232
shopfskmall	233
runnersworld	234
christian-retreat	235
tctc	236
dotnetperls	237
hyamsgardencenter	238
nike	238
xvideos	240
utm	241
bonnieplants	241
weather	245
lbmotorsaugusta	246
davidwolfe	247
curseforge	248
makeuseof	249
dynamicattractions	250
mccallum-layton	251
zamzar	252
optifine	253
usna	254
dragonballtime	255
lincolnelectric	256
dottotrot	257
seriouseats	258
unlockscope	259
nonktube	260
healthgrades	261
genius	262
biblio	263
desiserials	264
hiltonheadauto	265
arrl	266
weheartmath	267
honda	268
fitday	268
socratic	269
bestbuy	270
imvu	271
onlinecodegenerator	272
qbittorrent	273
milb	274
diodedynamics	275
giantbomb	276
fearlessmen	277
fordcarsinfo	278
youjizz	279
independentmail	280
bukkit	281
puzzlepirates	282
slack	283
wltx	284
thonky	285
kingschools	286
benefits	287
wd	288
lbl	289
charter	290
fgp	291
digitalspy	292
moddingway	293
iheart	294
morganscloud	295
goupstate	296
horrycounty	298
craftsman	299
about	303
duluthtrading	303
iredell	304
mwomercs	305
findthecompany	306
wikipedia	361
kmart	362
lakepowell	363
americanjewisharchives	364
steadyhealth	365
easynotecards	367
hoursinfo	368
durablemedicalsupplyinc	369
hottopic	370
myflcourtaccess	371
beeradvocate	372
9types	373
hovhustlefitness	374
sportys	374
theminecraftgame	375
hollywoodlife	377
lakesideschool	378
vipergirls	379
yorktech	380
marshallgoldsmith	381
universal-radio	382
healthgrove	383
eimusics	384
kickasstorrentsim	385
kuwo	386
usatoday	388
archive	389
loopnet	390
leagueoflegends	392
pelis24	393
airgundepot	394
webassign	395
theclymb	395
claflin	397
redistrictinginamerica	398
torguard	399
civfanatics	400
chase	401
amazonadviser	402
hearthpwn	403
thewatchtvseries	404
vivaessays	405
wrex	406
naij	407
tradingeconomics	408
alzheimer	409
netflix	414
99percentinvisible	415
zennioptical	416
costhelper	417
virtualdatingassistants	418
chairtex	419
earlychildhoodedudegrees	420
bestialitytaboo	421
healthline	422
walterreeves	423
natureworldnews	424
anonymizer	425
cnn	426
eater	427
wcnc	428
familyhandyman	429
harryanddavid	430
b1	431
be-mag	432
tubepatrol	433
chicagolgbtservices	434
porch	434
nerdwallet	435
ehow	436
searchlock	437
uh	438
serenitynowyoga	439
greatist	440
myanimelist	442
rogerhub	443
stephengjertsonstudios	444
youngtransportation	445
marcos	446
pulte	447
savannahairport	448
johnbonham	449
arcgames	450
horrornews	451
chron	452
asha	453
ellenkeigh	454
departed	455
guildwars2-crafting	456
thedailybeast	456
southwest	457
visitflorida	458
kat	463
rogueevent	464
bbb	464
howstuffworks	465
stowa	466
prezi	468
kicksonfire	469
bi-lo	470
downloadastro	471
oracle	474
pornhub	479
guidingtech	480
minolusa	481
wisedrivebaptist	482
1001freefonts	483
dulfy	484
animenewsnetwork	485
supersod	486
hulu	487
alifeunprocessed	488
findlaw	489
irs	490
chinese-tools	491
carparts	492
usca	493
ssa	495
legacy	496
tysonfoodscareers	497
leafscience	498
smite	499
rentpayment	500
gamesofdesire	501
dometic	502
legalgenealogist	503
lolking	505
nfl	506
crosslandstudios	507
theslowroasteditalian	508
hodgdon	509
gardeningchannel	510
bandcamp	512
papajohns	513
redbox	514
hknowstore	515
foxcarolina	516
stonoferrygolf	517
realtor	520
capitalone	522
kbb	523
dickblick	524
androidauthority	525
rentals	526
iplt20	527
circa1886	528
convertio	529
duke-energy	531
gossipextra	532
accountingexplained	533
bestleather	534
carcomplaints	535
exitpalmetto	536
imdb	542
w3lookup	543
theboatexchange	544
myrtlebeach	545
fastweb	547
prepscholar	548
tomsguide	549
dpreview	550
gnrhs	551
logomakr	552
guildwars2	554
jackssmallengines	555
bimmerwerkz	556
vizhdtv	558
toysrus	559
wiktionary	560
ixl	561
algebra	562
containerstore	563
aafp	564
amazon	579
christianpost	580
topretirements	581
aisnet	582
theifm	583
hallmarkchannel	584
sbc	585
yahoo	601
wishesmessages	602
redfin	603
modelmayhem	604
levelbased	605
uga	610
improvenet	611
athleticbusiness	612
elephantjournal	613
ontheissues	614
accuweather	615
goodwill	616
gballz	617
michaels	619
newgrassbrewing	620
ecodieselram	621
inc	622
jimellishyundaiparts	623
4wheelparts	624
railwayage	625
jadensmith	626
androidfreedownload	627
choicehotels	628
familysearch	629
dailymail	631
abebooks	632
biblegateway	634
imagefap	635
nexusmods	641
hilton	642
craigslist	654
putlocker	658
crosswordtracker	660
yummly	661
thisweeknews	662
kabam	663
wowace	664
celiacfamily	665
postmodernjukebox	666
furmanpaladins	667
cjmillervac	668
adventure-journal	668
productionhub	669
countryliving	670
cityoforange	671
privateinternetaccess	672
hendonpub	673
rutracker	674
meaning-of-names	675
serenesforest	676
swtor	677
piriform	678
sensus	679
koa	680
couponfollow	681
lowes	683
live5news	684
welcometorockvillefestival	685
armysurplusworld	686
1000spins	687
civiltwilightband	688
battle	690
disney	691
kikloginonline	692
docbrown	693
chegg	694
sportsmanswarehouse	695
calculatorsoup	697
uesp	698
step-project	699
evine	700
samsung	702
bamboofarmingusa	703
diannej	704
gamerswithjobs	705
retailmenot	706
livestream	707
aliexpress	708
currentlydown	709
t-mobile	710
gamecocksonline	711
stream-tv2	712
patroneer	713
richlandlibrary	714
theguardian	714
tripadvisor	718
damplips	719
lgfcu	720
searchincognito	721
greenville	722
datpiff	723
crwflags	724
pinknews	725
eightforums	726
forsalebyowner	727
live	729
theoatmeal	730
watchseries	731
pof	732
helpdeskgeek	733
easybib	734
reddit	744
eatthiscooking	745
machinerypete	746
ibtimes	748
gastonsc	749
pinterest	751
mexgrocer	752
apartmentfinder	753
wftrading	754
freepornfinder	755
greatclips	756
academy	758
comodo	759
c-sharpcorner	760
dolphin-emu	761
arenafootball	762
hbogo	763
synonym	764
chevronwithtechron	765
muscleandfitness	766
usta	767
cabelas	769
thenest	770
helpfulgardener	771
parentherald	772
travelweekly	773
wyff4	774
missionarybaptistchurches	775
alohatube	776
food	777
proprofs	779
psychologytoday	780
navy	782
answers	783
science-forums	784
jhu	785
ravenwestguitar	786
csgodouble	787
guttmacher	788
thesportsmansshop	789
sportysacademy	789
sears	791
carsintrend	792
motherearthnews	793
carolinaalehouse	794
quandis	795
nerdblock	796
tumblr	802
garden	802
anthropologie	803
priceline	804
crestfinancial	805
beeg	806
pubfilmhd	807
davesgarden	808
researchgate	809
housebound	810
hoa-sites	810
snopes	810
zaxbys	811
gamefaqs	815
ed	816
christopherteh	817
packtpub	818
joann	819
driverupdate	820
redandblack	821
shodor	822
minecraftforum	824
tjx	825
mybpstation	826
socialmediaexaminer	827
washingtonpost	828
metrolyrics	829
georgetowncountysc	830
paypal	833
seatguru	834
ihg	835
partycity	836
clipconverter	837
nhentai	838
classracer	839
chilis	840
kitces	841
factorio	843
rbturbo	844
buzzfile	844
greenvillecounty	845
ptcruiserlinks	846
sacred-texts	847
moneychimp	848
fixkb	849
reverb	851
niamerica	852
bustle	853
pivothead	854
anderson4	855
openbible	856
brainyquote	857
indeed	862
spytecinc	863
mobilehome	865
observer	866
wunderground	867
easycalculation	868
brewsterwallcovering	869
iana	869
sourceortho	870
apa	871
pwba	872
sceg	873
wbtw	874
mack-rides	875
wellsfargo	879
nhtsa	880
techtimes	880
coursehero	882
notinthebible	883
calguns	884
coolhouseplans	885
gamepedia	890
stackexchange	892
woffordterriers	893
wise-uranium	894
pepboys	895
hank-tech	896
winthropeagles	897
rottentomatoes	898
mlb	899
computerhope	902
target	905
thenewstribune	906
moddb	907
finishline	908
wikihow	909
brownells	910
citi	911
enix	912
scsu	913
wsoctv	914
americanmusical	915
foxsportsgo	916
mod-minecraft	917
usf	918
itmakessenseblog	919
weebly	920
gardenweb	921
adobe	923
omgcafe	924
drummerworld	925
theyummylife	926
ewn	927
kissanime	929
bhg	930
gnova	931
ycombinator	931
peoplesmart	932
buick	933
furman	934
juicygals	935
westeros	936
collegeboard	936
porn	936
projectfreetv	937
biblestudytools	938
izismile	939
textsheet	940
r18	941
elderscrollsonline	942
tmz	943
minecraftforge	944
foodnetwork	946
aaos	947
thesaurus	949
chemteam	950
scstatehouse	951
truyen18	952
rapidtables	953
montecarloforum	954
ebayclassifieds	955
dummies	958
livestrong	960
curse	961
bitstern	962
planningcenteronline	963
centex	964
xhamster	965
pantone	966
gsmarena	966
wardservices	967
hybridathletics	968
accountinginfocus	969
lllreptile	970
flyfrontier	971
wisc	972
rkdms	973
americanexpress	974
twitch	975
slackhq	976
textfixer	977
repairpal	978
squarebirds	979
cofc	981
forbes	986
redtube	987
traditionaloven	988
walmart	995
mcecoop	996
rei	997
crosscountrycamp	998
logotypemaker	999
firstcitizens	1000
applitrack	1001
hbonow	1003
lyricstranslate	1004
sciway	1005
squaretrade	1006
johnnyjanosik	1007
xnxx	1008
foodlion	1009
lunapic	1010
ultimate-guitar	1011
office	1012
flcourts	1013
pixelmonmod	1014
beautifulvideos	1015
realitymod	1016
vidstatsx	1017
catawbaschools	1018
mylust	1019
minecraftmodding	1020
drugs	1023
murraylawofficespa	1024
enkivillage	1025
globalpost	1026
golimestonesaints	1027
go	1036
zillow	1039
omaha	1040
mlive	1041
shenandoahcabinetry	1042
autotrader	1044
kiplinger	1045
onlygayvideo	1046
americanpregnancy	1047
synonymo	1048
nuance	1049
macyayinlarihd	1050
officedepot	1051
css-tricks	1052
louisiana	1053
streetbeatcustoms	1054
bbc	1055
wikia	1068
cerra	1069
benefits-of-honey	1070
geni	1071
musixmatch	1072
boxofficemojo	1073
turbosquid	1074
seafreightagencies	1075
bowlingchat	1076
bythom	1077
tv	1078
costcobusinessdelivery	1079
antillean	1080
webkinz	1081
discover-pet-rats	1082
hbo	1083
fiserv	1084
comingsoon	1085
wralsportsfan	1086
coldwellbanker	1087
nytimes	1088
wordhippo	1090
meetup	1091
corsair	1092
encyclopedia	1093
studyblue	1094
farmershomefurniture	1095
android	1096
sturdysafe	1097
braceability	1098
accountingcoach	1099
mp3skull	1100
shmoop	1101
wallpaperscraft	1102
cfsauer	1103
tacklewarehouse	1104
xb11766	1105
spicytrannyhd	1106
google	1173
booking	1174
traxxas	1175
dicksmith	1176
hardwareanalysis	1177
millercenter	1178
jet	1179
yelp	1180
savethestudent	1181
serebii	1183
study	1184
exceljet	1185
overstock	1187
foodspotting	1188
efile	1189
csun	1190
biblemoneymatters	1191
oreillyauto	1193
mathway	1194
trello	1195
clemsontigers	1196
learnvest	1197
solarmovie	1198
holidayinnclub	1199
marketwatch	1200
triadmomsonmain	1201
rillee	1202
quoteinvestigator	1203
xossip	1204
schoolinsites	1205
recipelink	1206
clubpantheon	1207
howlongtobeat	1208
treeofsavior	1209
plagscan	1210
mandolincafe	1211
twitter	1219
expedia	1221
mrstiff	1222
icy-veins	1223
lucrativeonline	1224
runningshoesguru	1225
webreference	1226
magicseaweed	1228
newhealthadvisor	1229
charlestoncounty	1230
mavoo	1231
kayak	1234
thefiringline	1235
johnagostino	1236
nocookie	1237
carfax	1238
spanishdict	1239
all-about-switzerland	1239
state	1240
consumeraffairs	1241
otcwholesale	1242
slither	1243
parr	1244
historians	1245
wondershare	1246
flexjobs	1247
quizlet	1256
foxnews	1257
minecraftsix	1258
tolovehonorandvacuum	1259
aimshoebuy	1259
bhphotovideo	1260
youtube	1342
cargurus	1343
tractorsupply	1344
westernupstate	1345
campusdish	1346
bombuj	1347
regattarealestate	1347
123movies	1348
mayoclinic	1350
moovie	1351
gardenmyths	1352
fextralife	1356
wyzant	1357
sc-coroners	1358
somamedicalparts	1359
homedepot	1362
investopedia	1365
stackoverflow	1368
clubwestvolleyball	1369
lambertcastle	1370
capella	1371
darbysfurniture	1372
askubuntu	1373
fourmilab	1374
tw2calc	1374
fool	1375
bodybuilding	1376
urbandictionary	1378
houzz	1379
tetris	1380
humanesc	1381
tat2x	1382
britannica	1383
oilspecifications	1384
fromyouflowers	1385
steamcommunity	1392
kotaku	1393
lewrockwell	1394
darmowetv	1395
youporn	1397
celebmix	1398
makeit-loveit	1399
wowhead	1400
phentermine	1401
giphy	1402
studentnewsdaily	1403
caromonthealth	1404
thekitchn	1405
ny	1406
nikhilworld	1407
edutopia	1408
arcgis	1409
poptropica	1410
etsy	1411
doomwadstation	1412
gtcmovies	1413
onclive	1414
thefreshmarket	1415
handloads	1416
midlandstech	1417
att	1419
statisticshowto	1420
thesitewizard	1421
ropermountain	1422
backtobasicliving	1423
stattrek	1424
madrid-open	1425
lexmed	1426
albanymassage	1427
yttoons	1428
dailymotion	1429
jcpenney	1431
deviantart	1433
glassdoor	1434
bamboo	1435
poets	1436
liberty	1437
rainmeter	1438
careformomdoula	1439
buzzfeed	1440
fidelity	1441
kudzubakery	1442
aaamath	1443
microsoft	1447
prweb	1448
carcarekiosk	1449
autogold	1450
nascar	1452
carls-sims-3-guide	1453
roomstogokids	1454
umd	1456
goodsearch	1457
bridgeportdiocese	1458
msboa	1459
avistaresort	1460
gardnerfoods	1461
tacobell	1462
homes	1463
vanguard	1464
cheatcc	1465
rscm-nw-europe	1466
