mycase	1
jeffwise	1
stream2watch	2
citi	3
go	22
bates	1
augustaga	1
foxnews	6
myob	1
betterhealth	1
pccmovies	1
texas	17
tsquareco	1
kfdm	1
dallas-ecodev	1
getandroidstuff	1
britannica	5
smartdestinations	1
flixanity	1
yahoo	106
2040-parts	1
magadan-news	1
vintagetractors	1
coupons	1
nzxt	1
comdotgame	2
linode	1
hentaizone	1
intelligen	1
lamadeleine	1
statefarm	1
find-near-me	1
diablowiki	1
neoseeker	1
livexxxtube	1
ford	4
nacion	1
orthospineinst	1
noodletools	1
yourguidetoitaly	1
pixton	1
ninjakiwi	3
ruger	2
flylanddesigns	1
eonline	3
misttube	1
marineshop	1
gummycase	1
ampla	1
lovetoknow	1
hollywoodlife	2
symbols-n-emoticons	1
minijuegos	1
thereeftank	1
express	1
nhentai	3
6mmar	1
wyzant	1
proboards	4
wondershare	2
youjizz	3
goodhousekeeping	1
sharkclean	1
hooverwebdesign	1
computerhoy	1
filipinaland	1
epocrates	1
jerinamacphotography	1
highpoint-tech	1
snagajob	2
pydata	1
aesoponline	1
anabolicminds	1
houstonpublicmedia	1
majordifferences	1
xmodulo	1
utrgv	2
bmsspeakers	1
d20pfsrd	2
rea	1
homelight	1
collegesimply	1
seatgeek	1
eurogamer	1
finewoodworking	1
rsvlts	1
spcollege	1
guitarcenter	1
funasia	1
dallashomerealty	1
desitvbox	1
mccomix	1
liquor	1
abpischools	1
thewindowsclub	2
alexonsager	1
tvquran	1
halotracks	1
riseadaptivesports	2
idtrue	1
gigaom	1
wolf-pac	1
prometheus2-movie	1
biology-forums	1
acck	2
123helpme	1
husqvarna	1
sidereel	3
trusper	1
papadantonakis	1
bddatabase	1
freespiritedmind	1
junglesvibes1	2
pickledplum	1
lynda	1
gog	3
epicgames	1
topguntexas	1
tcgplayer	1
htc	1
execunet	1
witchvox	1
ndtv	1
spacecityscoop	1
bfcu	1
aulafacil	1
austinenergy	1
carsforsale	2
moknowshair	1
soundtrack	1
freegracealliance	1
serebii	2
nudethaigirl	1
sallysbakingaddiction	1
iheart	2
healthcaremagic	1
pluralsight	1
ima-usa	1
herroom	1
techopedia	1
hsutx	1
forgotten-ny	1
roveconcepts	1
clippingmagic	1
earthcam	1
vietmessenger	1
divinelightvibrations	1
underconsideration	1
pastebin	1
nationalcar	1
gamespot	4
freetetris	1
mynewsla	1
musicpleer	1
pelismundo	1
autozonepromotions	1
goodsamclub	1
thehobbycenter	1
github	4
machaikonline	1
politifact	1
studyblue	13
devpost	1
247freecell	1
dbrand	1
nationalgeographic	4
godisreal	1
unige	1
paddington	1
makeuseof	1
ymcadallas	1
imgflip	1
drugs	6
phpbb	2
cancer	1
mozilla	3
milestonerents	1
ontheissues	1
cstx	1
texasstarbank	1
largehdtube	1
manta	1
hopeinternational	1
lcp	1
gutenberg	1
truckersmp	1
sciencenetlinks	1
bkstr	1
fitbit	1
postmates	1
mcmillinmedia	1
bestoflifemag	1
baiduyunpan	1
topg	1
creditonebank	1
nisd	2
ultrabookreview	1
poster-paul	1
somethingfishy	1
translated	1
cpcycles	1
apeepatthecoops	1
defcon	1
berries	2
imakesex	1
pinktractor	1
fairvote	1
theashleysrealityroundup	1
esctoday	1
hotmail	1
okcupid	2
onlinesearches	2
diodedynamics	1
buzines	1
celebuzz	1
readingplus	1
gtarcade	1
jcw87	1
twoplayergames	2
jajance	1
dreamincode	1
rioweststudentliving	1
woodscyclecountry	1
internetslang	1
topfamousbiography	1
dansmovies	1
alfred	1
teacherspayteachers	1
textnow	1
galvestoncad	1
thepiratebay	14
teleadapt	1
elitedaily	1
texashoalaw	1
clevelandclinic	1
paulschrome	1
minecraftforum	4
porndig	1
projocasting	1
thegatewaypundit	1
cbsnews	3
omron	1
tromboneshorty	1
msn	4
portevergladeswebcam	1
webbabe	1
heart	2
clubsciontc	1
thisoldhouse	1
hcisd	1
trulia	13
superpages	1
whois	1
rush	1
lego	1
artserotica	1
corporatehousing	1
torfabrik	1
clublexus	1
warriorsofthemetalhorde	1
speedtest	5
calctool	1
kfc	1
biblehub	6
axlegeeks	1
realitykings	2
aliengearholsters	1
permaculturenews	1
muscleandfitness	1
paradoxplaza	1
cirroenergy	1
almanac	1
discoverykids	2
teravistagolf	1
americansolarsystems	1
therichest	2
apartmentfinder	1
theartstory	1
ptk	1
cheatcc	2
fantasti	1
texasoutside	2
northfreewayhyundai	1
nigella	1
allexperts	1
ourpact	1
jbc	1
kellerisd	1
menswearhouse	1
uvm	1
infinit	1
plumperpass	1
mcallen	1
harehunter	1
bexar	2
hotntubes	1
videolan	2
freemoviesonline	1
thepioneerwoman	1
dieselserviceandsupply	1
vortexoptics	1
nmsiteachers	1
noction	1
dauphinislandchamber	1
lavidabuenaapartments	1
americanbar	1
lockpicks	1
sharecare	1
incredibleegg	1
goldsgym	1
geardiary	1
deadspin	1
softheon	1
christiandaily	1
sherdog	1
yunhuwa	1
signaturebelizeweddings	1
silencertalk	1
waggle	1
mouser	1
biginterview	1
best-orlando-getaways	1
mit	6
saime	1
furniturerow	1
mocospace	2
realclearpolitics	5
pastemagazine	3
perl	1
usgwarchives	1
armorgames	2
doors4home	1
florey	1
naturebox	2
la-roza	1
jerome-bernard	1
teenageengineering	1
driverscollection	1
comcast	1
bbb	5
mozillazine	1
airbnb	1
darden	1
express-scripts	1
wrcbtv	1
larimarket	1
wizards	6
vizio	1
premiumtimesng	1
spiritanimal	2
hacking-tutorial	1
qvc	3
ubi	2
uw	1
guitarlessons365	1
berkeley	1
freespeech	1
dcccd	2
roku	3
mightytext	1
electroniccigaretteconsumerreviews	1
kingarthurflour	1
jskouri	1
pearsonhighered	2
lenovo	3
vox	2
justrenttoown	1
jegs	2
rubias19	1
pinimg	6
txu	1
handsoncentraltexas	1
buzzle	1
ew	3
desi-tashan	1
grammarist	1
nextag	1
coursehero	46
chimerabrew	1
addforums	1
tandyleather	1
elpueblocatolico	1
foursquare	1
phonearena	1
fhr	1
thenest	1
antiochcc	1
kmart	1
lafurniturestore	1
eurway	1
mr-johal	1
otterbox	1
squakenet	1
toonzone	1
houstonpress	1
burberry	1
healthdirect	1
ethanlewis	1
daveandbusters	1
comenity	1
gotoquiz	1
giftstest	1
talkblade	1
twicsy	1
apa	2
marketwatch	2
adelante	1
roblox	10
bancodeimagenesgratis	1
xxxadd	1
organicfacts	1
collegiatelink	2
domitmcallen	1
century21	1
sbnation	3
paintballnext	1
prezi	5
coldwellbankerhomes	1
elementsgp	1
unicodeemoticons	1
wilbert	1
thevaporbarstore	1
ezleadcapture	1
rockwallhonda	1
waco-texas	1
manheim	1
tamucc	2
worthpoint	1
seagate	1
webpage-maker	1
eliterentcars	1
inyopools	1
hungrypests	1
wikipedia	414
datalounge	1
kabalarians	1
carinsurancedata	1
elnuevodia	1
fox7austin	1
wrestlezone	1
epfl	1
mythencyclopedia	1
mangaupdates	1
global-cdn	1
peoplebyname	1
gq	1
rogerhub	1
stjosephnewwaverlytx	1
idrivesafely	1
python	1
kia	1
jcrew	1
mitsuku	1
un	1
gunsholstersandgear	2
nateliason	1
hulu	4
gottabemobile	3
livingatregencypark	1
triviahappy	1
newser	1
elcamino	1
playstationlifestyle	1
investopedia	6
unknownworlds	1
smartasset	1
ntta	1
chevyhhr	1
circleofmoms	1
homemade-gifts-made-easy	1
crazyengineers	1
jfklibrary	1
1and1	1
indianhealthyrecipes	1
toywiz	1
ayahuasca-info	1
quinnemanuel	1
netflix	11
shsu	1
do512family	1
ipadporn	1
histwar	2
horrorhoundweekend	1
czechheritage	1
connect6	1
boundless	1
enginehaus	1
full-race	1
lovequotesforhimm	1
moma	1
cnn	11
jet	2
chemicalelements	1
voyeurweb	1
phrases	1
survivetheark	1
gbig	1
slb	1
dll-files	1
archiveofourown	1
watchcartoonsonline	1
nih	17
grubhub	1
kickasstorrentsim	5
newark	1
forumeiros	1
knowing-jesus	1
hotgaylist	1
bp	3
alcpu	1
panguitch	1
allure	3
bugoutbagacademy	1
foodiefixation	1
medicare	1
taxslayer	1
grasscity	1
metooshoes	1
mercedessalvagecars	1
openstaxcollege	1
importimageracing	1
cortland	1
mattressfirm	1
seekpleasure	1
simpleveganblog	1
priceonomics	1
plantasparacurar	1
zeldawiki	1
lacie	1
gamepressure	1
gusari	1
pendrivelinux	1
moringapura	1
taqueriasarandas	1
mypreciouskid	1
1340thefan	1
blogtechnika	1
moviefone	1
tumblr	42
sc2mapster	2
shaylorphoto	1
medialytics	1
deseretnews	2
jtable	1
idigitaltimes	1
bcbs	1
kidzone	1
evine	1
boingboing	1
nolting	1
ally	2
unesco	1
cutx	1
shadbase	1
joie	1
asd	1
cracked	1
mymoparpart	1
countryliving	1
thefitnessfocus	1
lbl	1
tripcase	1
mcalistersdeli	1
austinracing	1
phantompilots	1
appinvasion	1
oxygenforlife	1
collegestats	1
soundstageultra	1
google	455
crunchbase	1
xvideospanish	1
trivago	1
giant-bicycles	1
ubeeinteractive	1
publicrecords360	1
legacy	4
craftmade	1
uslegalforms	1
treatngo	1
fitbuff	1
tartecosmetics	1
har	2
apsc2016	1
uio	1
uni-tuebingen	1
finalfantasyxiv	2
whoisguard	1
online-convert	1
grassrootsmotorsports	1
venus	3
frostbank	2
realitysluts	1
boardgamegeek	1
good	1
2016maycalendar	1
time	2
freepik	1
wilderssecurity	1
avclub	1
daskeyboard	1
htpcbeginner	5
wix	1
wheelingit	1
science-forums	4
elwiki	1
ditchthecarbs	1
monzisez	1
wired	1
rehydrate	1
androiding	1
zhihu	1
thermos	1
kingoapp	1
fidelity	1
smith	1
purple	1
fema	2
techinsider	1
roadtrippers	1
onjava	1
kindgirls	1
vrbo	3
hillbillyhousewife	1
videomotion	1
texasweaponsystems	1
ebrso	2
firstbankcard	1
art-de-voyager	1
vulture	2
chaneysystems	1
denver	1
robertsspaceindustries	1
zipmap	1
bible	1
bookgedebook	1
collin	3
angularjs	1
sfgate	3
kck	1
margaritaville	1
lg	1
informer	1
iphonetopics	1
livingstingy	1
f9movies	1
tasteofmysore	1
bestoftees	1
firestonecompleteautocare	2
santanderconsumerusa	1
about	11
googleusercontent	4
rose-hulman	1
fullcontact	1
canary	1
trinity	1
fm-base	1
psychonaut	1
uu	1
omnihotels	3
osha	1
ninsheetmusic	1
epson	2
ardupilot	1
aimpoint	1
saebo	1
fasb	1
littlealchemy	1
todayshomeowner	1
metro	2
kohls	3
priceplow	1
republicbike	1
galeon	1
storagearea	1
searchincognito	1
gc	1
mysanantonio	2
businessmate	1
healthcare	1
boxcryptor	1
usda	1
mnn	1
destinychurchsa	1
showboxappdownloads	1
1areacodescountrycodes	1
colt	1
theaileyschool	1
puzzledragonx	1
allwomenstalk	1
pearljam	1
toyota	2
elementvape	1
solvemix	1
bladeandsoul	1
tumangaonline	1
skates	1
premierleague	1
instructables	2
image-line	1
nedc	1
vinceflynn	1
scanmaniacs	1
carelinemedical	1
emaculation	1
killthecablebill	1
pch	1
mediatemple	1
katyisd	1
merriam-webster	6
freetranslation	1
jobbankusa	1
fsmb	1
gatostore	1
genkp	1
thepensters	2
pearsonclinical	1
myfriendagain	1
desk	1
webconsultas	1
mclennan	1
cafemezza	1
mediotiempo	1
newsmax	1
vnthuquan	1
thrifty	1
asu	2
movierulz	1
roncarterhyundai	1
typepad	2
savefrom	1
nbcsports	1
rticcoolers	1
thebeadmarket	1
entirelypets	1
acura	1
elvanto	1
tradownload	1
putlocker	13
lanacion	1
carteltv	1
followmee	1
ratemyprofessors	5
lsnc	1
paizo	4
umn	2
esea	1
fabswingers	1
focusing	1
songkick	1
snapnames	1
immihelp	1
derivative-calculator	1
nasa	2
ucsd	2
calliedallasapartments	1
bgclive	1
koitotheworld	1
lunapic	1
facingacne	1
olx	1
indianexpress	1
mothershipatx	1
rtp	1
justhungry	1
adt	1
canalporno	1
familytreenow	2
nadaguides	1
webmd	11
servi	1
m5sim	1
berniesandersvideo	1
greenoptimistic	1
trendmicro	1
inkagames	1
vkool	1
projectfreetv	2
a-1drivingschool	1
fraternalties	1
newmexico	1
jura-parts	1
buzzfeed	5
foreclosuredatabank	1
gsmarena	1
fnafworldgame	1
tvmuse	2
astromechbuilder	1
bangbros-free	1
terraria	1
ableammo	1
udemy	1
pathofexile	1
quickbooks	1
otcnet	1
rockler	1
chompchomp	2
ncjrs	1
professionalnursing	1
soundcloudmp3	1
catholiccompany	1
cambridge	1
kpoplyrics	1
guitartabsexplorer	1
adobe	5
groupon	7
traillifeusa	1
jalopnik	1
uncommongoods	1
eshakti	1
aauathletics	1
care	2
chw	1
muchloved	1
americanartarchives	1
bf4central	1
snapus	1
testmasters	1
china	1
cfake	1
utas	1
apartmentratings	1
cloudzilla	1
downloadatoz	1
pixelcog	1
dynu	1
cymath	1
realguns	1
games-workshop	2
hbonow	2
pacsun	1
earthlink	1
800notes	2
indifferentlanguages	1
boyd	1
hthstudios	1
tubepatrol	1
iherb	1
4players	1
kinkvr	1
tiffany	1
houstonisd	1
dingdingletsride	1
keyboardmag	1
cdc	5
worldmarket	1
se80	1
swimpsychology	1
ucdavis	1
metanoyachurch	1
7500kirbyplace	1
xbox	3
copypastecharacter	1
dailylivinghealthtips	1
lavozdegalicia	1
discountschoolsupply	1
epa	1
whosdatedwho	3
nbcdfw	1
thejadednetwork	1
kayak	1
acas	1
fao	1
careersafeonline	1
pinklighthouse	1
sciencemadesimple	1
hentai2read	1
thewatchseries	3
rojadirecta	1
cruiseamerica	1
advanceautoparts	2
dulfy	2
daybreakgames	2
sec	2
addresscustomerservicecenternumber	1
brookfieldplaceny	1
sanjac	1
ups	2
baidu	2
aol	12
clearch	1
kwtx	1
carnival	1
walkingdeadforums	1
ngacn	1
mobilehomesupplies4u	1
allrecipes	22
championsschool	1
adafruit	1
storagemaxtx	1
aiphone	1
logmein	1
observer	1
jpsspfx	1
quran	1
math	1
run3play	1
tjx	1
facinghistory	1
pollen	1
mp3skull	1
stagecoachfestival	1
audiopiff	1
glamour	1
eccie	2
justinobeirne	1
huasheng	1
rockymountainatvmc	1
cumulus	1
cms	2
cftc	1
percentagecalculator	1
tdl	1
wisc	3
flightsim	1
hoobly	1
texasibschools	1
metric-conversions	2
lq	1
salary	3
damndelicious	3
tvguide	1
autopartswarehouse	2
esohead	1
bluebonnetchryslerdodge	1
facebook	140
biblegateway	9
diabetesupdate	1
colorado	1
deathpenaltyinfo	1
defensemedianetwork	1
sleepcity	2
wolframalpha	2
eaglecreek	1
pcmag	10
heyevent	1
strangerfactory	1
stockcap	1
aplaceformom	1
saisd	2
steampowered	8
cellularcountry	1
nau	1
sagepub	2
ticketmaster	6
abc10	1
thehulltruth	1
zippyshare	1
chickenbones	1
learnersdictionary	1
cryonicssociety	1
neimanmarcus	1
mowersdirect	1
brainly	1
boobpedia	1
soundcloud	5
novadownloads	1
onecraigs	1
target	13
crosswalk	1
more-followers	1
kipling-usa	1
dsw	2
windpointparktx	1
dpreview	1
quabook	1
arpeggiogrill	1
adventureroad	1
collectorstore	1
military	1
wedj	1
landr	1
fgcu	1
markedbyteachers	1
elgenero	1
thesimpledollar	1
iun	1
audible	1
inlinewarehouse	1
basspro	3
archive	2
made-in-china	1
ucsc	1
bleepingcomputer	1
savorysweetlife	1
goodbed	1
skylightpaycard	1
weebly	4
teenpornvideo	1
theblaze	2
ahlmans	1
myanimelist	5
lifeedited	1
chabad	1
novica	1
openstudy	4
tripadvisor	22
perotmuseum	1
dni	1
moongiant	1
dickies	1
pinterest	32
caveofthewinds	1
elementsbehavioralhealth	1
popeslanding	1
charbroil	1
flightclub	1
giftcardgranny	1
shadesofstone	1
strokeforum	1
curetoday	1
animeland	1
gcu	1
leonardbernstein	1
anybunny	1
transferwise	1
youku	2
sims3createaworld	1
enkivillage	1
mangahere	2
southlakecarroll	1
dictionary	10
hayneedle	1
phim	1
typesofmarketing	1
creditkarma	3
eotosa	1
hcmhosp	1
titanic-titanic	1
sports411	1
memorialhermann	4
murderdog	1
globalrph	1
glosbe	1
stronginfaith	2
americanexpress	4
chevronaustralia	1
wow-professions	1
runescape	3
wargaming	1
calculatorsoup	1
stanfordchildrens	1
24thstreetrealty	2
gorving	1
nisdtx	1
cablinginstall	1
larrybrownsports	1
screenrant	3
bookrags	1
murphyslaws	1
instidy	1
oaktreekingsville	1
brgov	1
daterelease	1
mclendon-chisholm	1
bobistheoilguy	1
desinema	1
plogue	1
gicare	1
curcumamedicinal	1
fluentu	1
law360	1
mixcrate	1
collegeboard	9
tmz	1
40somethingmag	1
eaglesnestoutfittersinc	1
beersmithrecipes	1
netflixlife	1
xxxfuckporn	2
gay-sexual-positions	1
pixelpapercraft	1
traviscad	1
schoolwires	1
onlydudes	1
mathway	3
allnurses	1
pullapart	1
heirloomroses	1
dizipub	1
maccosmetics	1
vudu	1
sho	1
edventurebuilder	1
smithsonianmag	1
wsd	1
localjobster	3
opendns	1
visithoustontexas	1
cosmopolitan	1
conroeisd	1
businessinsider	5
nfldraftgeek	1
swtor	1
microsoftonline	1
bleacherreport	4
dangersoffracking	1
twycrosszoo	1
finishline	1
people	1
forscan	1
reechia	1
rickbayless	1
lacuerda	1
truthorfiction	1
findagrave	1
timeanddate	2
publicrecordsreviews	2
workingus	1
k12tn	1
myvisajobs	1
hvac-talk	1
ecollege	1
playithub	1
freedompowersportsfortworth	2
flug-streik	1
wustl	1
hottopic	1
texespractice	1
thetoastedyolk	1
thedrawshop	1
rectorseal	1
chemicalaid	1
knee-pain-explained	1
adriadecorte	1
kcrw	1
pastie	1
bukkit	3
ntocc	1
biotechlearn	1
southerncash	1
christianpost	1
certero	1
cityofedgewater	1
wordtrek	1
navient	2
uswingnuts	1
ams	1
cnet	16
texastriseries	1
livejournal	2
serverfault	1
dogpile	1
bicyclesportshop	1
halharris	1
autodesk	3
itriagehealth	1
abct	1
coilyqueensrock	1
backcountrytrail	1
exceltrick	1
stanford	2
d3fysports	1
westeros	3
elitistjerks	1
yibada	4
utilities-online	1
abrahamlincolnsclassroom	1
unc	1
ckgs	1
watchdbzsuper	1
wehasporn	1
sprayfoamkit	1
enchantedlearning	1
mediaplex	1
hypixel	1
typing	1
agrilicious	1
earthsky	2
mssociety	1
usgamer	1
americangirl	1
thesimsresource	1
animezero	1
radaris	1
franklinbarbecue	1
partsgeek	1
releasedateportal	1
ksla	1
scrapbook	1
wolfdancergolfclub	1
steamcharts	1
wpnewmexico	1
stxsoccer	1
fenoxo	1
nestle-family	1
angrywhitedude	1
aaa	1
kwikset	1
mobogenie	1
corpuschristimarina	1
threadsmagazine	1
gogocartoon	1
carbonmade	1
popsugar	3
tangoworldwide	1
csgopoints	1
world-nuclear	1
sittercity	1
filtersfast	2
fextralife	32
oneplus	1
whitepageprofiles	1
soonersports	2
chegg	11
quotev	1
strokerecoverybc	1
mensfitness	5
marchofdimes	2
weberotic	1
sanantonio	2
mobipicker	1
percentotech	1
fulldocumentary	1
dingle	1
gshock	1
anntaylor	1
loginfaster	1
myastrologybook	1
psnprofiles	1
howtopronounce	1
blankmediagames	1
freese	1
youaskandy	1
cc7d	1
bangshift	1
navyfederal	2
everydayhealth	2
thereservepool	1
nordstrom	3
amainhobbies	1
ahorravueltas	1
philly	1
repairclinic	1
bgames	1
jpauleytoyota	1
healthguidance	1
universityherald	1
sunset	1
nytimes	9
dalaran-wow	1
wekaleamstudios	1
linkedin	14
wowhead	9
wa	1
eecu	1
discordapp	1
moneychimp	1
snodownpromotion	1
soderetube	1
runnersconnect	1
startclass	1
enworld	1
microsoftstore	1
nba	4
heartburnnomore	1
qualitylogoproducts	1
twcenter	1
pbworks	1
rpgmaker	1
car-e	1
domesticviolenceroundtable	1
primewire	1
xg4ken	3
kongregate	1
oceanisleinn	1
cbssports	2
olsonkundig	1
blueletterbible	1
brainia	1
ammoseek	1
download-free-games	1
dirtydozensbunker	1
dailytwocents	1
oldgames	1
gta6grandtheftauto	1
mansfielddance	1
npr	4
delta	2
cybersecuritycareers	1
collegefundlawncare	1
myfigurecollection	1
esri	1
16cdang	1
franchisehelp	1
nace	1
bachelorandmaster	1
gurochan	1
mojang	1
hondaofspring	1
gardeningknowhow	1
retailmenot	8
clark	1
airforums	1
proteopedia	1
suddenlink	2
gohastings	1
fishlore	1
360meridianos	1
dollargeneral	1
mentalfloss	1
plano	1
real	1
perfectfitbrand	1
natureali	1
amatechtel	1
lewintg	1
newhealthguide	1
cornellbigred	1
dairyqueen	2
playbuzz	1
goldenboypromotions	1
cabinetparts	1
changedesigns	1
hondaswap	1
ymcasanangelo	1
biome3d	1
java	1
cottagelife	1
kixeye	1
vpnsecure	1
youtube	513
cleanmama	1
newseveryday	1
isepol	1
melexis	1
audiokarma	2
uiccu	1
comicxxx	1
scrubbingbubbles	1
whats-your-sign	1
colostate	1
viewpoints	1
osu	2
cengagebrain	1
medicinenet	5
hardreset	1
mangakoi	1
driversinstaller	1
snapguide	1
cardplayer	1
couponcabin	1
galleryfurniture	1
lumberliquidators	1
csgolounge	2
hockeygiant	1
atkgirlfriends	1
shelby	1
ispot	1
nasdaq	2
radioreference	2
docupub	1
3dstartpoint	1
webtoons	2
cargurus	5
gymmembershipfees	1
reviewed	1
dallastheatercenter	1
greenvillelibrary	1
mormonflix	1
movoto	3
wayfair	6
techradar	1
battlefield	1
cntraveler	1
muzikum	1
stairflair	1
derpicdn	1
analpornxxx	1
taringa	1
eglx	1
144hzmonitors	2
hccs	1
tacklewarehouse	1
tylersoccer	1
computerhope	3
a10	1
jobsdistrict	1
fire-extinguisher-information	1
mygenealogyhound	1
bikez	1
assembleandearn	1
mbusa	1
nba-stream	1
southeasttexas	2
army	3
routexl	1
gipe	1
esvbible	1
carpamanzano	1
isbodyjewelry	1
heroesarcade	1
anastasiabeverlyhills	1
solbe	1
utexas	11
teslamotors	1
aaos	2
lazygamer	1
claires	1
iboats	2
asce	1
edisneygames	1
dragonagekeep	1
rediff	1
zahavrestaurant	1
disqus	1
dualshockers	1
thedailycoffeebean	1
hbs	1
mydailylifetips	1
fappingclub	1
slutload	1
bestvpn	1
cowboyharleyaustin	1
cyngn	1
putlockerr	4
autozone	5
slickguns	2
icmag	1
peliculasflv	1
toptobottombaby	1
engineering	1
stcl	1
homedepot	25
buc-ees	1
yumpu	1
starfall	1
laptopmag	1
phoenix	1
txcog	1
sigmaphoto	1
obsessivecooking	1
welcomechile	1
sunsigns	1
ustream	2
wow-petopia	1
wholenewmom	1
caminoways	1
bettycrocker	4
rainx	1
ucl	1
flyingmag	1
mes	1
steamid	1
shopmyexchange	2
realflight	1
menards	1
globalpost	1
telegraph	3
matadornetwork	1
skutt	1
rnprograms	1
jpshealthnet	1
abbreviations	1
fabulousfarmgirl	1
benihana	1
thinkthroughmath	1
gamewinners	1
thekitchn	2
umggaming	1
prodigygame	2
zetaboards	1
ifirstrowus	1
hondaofjonesboro	1
dallascowboys	3
gamestop	2
lamar	2
shutterfly	1
ksosoft	1
ebayimg	1
thecatsite	1
poets	1
agame	1
surfstitch	1
slashedbeauty	1
justjared	1
dodge-dart	1
remingtonhouseapts	1
basscapitalbassmasters	1
southernliving	2
randpornvids	1
findwhocallsyou	1
yellowbullet	1
simplypsychology	1
hentai-foundry	1
alderac	1
powerpuffyourself	1
kickstarter	1
7chan	1
mailchimp	1
abc13	3
rodnreel	1
powerpyx	1
sfbook	1
jhughes	1
buildeazy	1
weeklyads2	1
celebdirtylaundry	1
butte	1
lakepointe	1
backwoodshome	1
popcorn-time	1
craigslist	49
heb	3
compactappliance	1
4inkjets	1
usps	10
pixelmonmod	1
weather	13
shiverslaw	1
movietubenow	1
koreanwaronline	1
thesaurus	9
austinlonestarrealty	1
vanschools	1
wtstatebk	1
morningstar	1
justanswer	1
freeones	3
minecraftfive	1
thecalculatorsite	1
classicmarvelforever	1
drafthouse	1
yokohamatire	1
shudder	1
jambonewspot	1
storesupply	1
arrl	1
ulmf	1
pigeonsandplanes	1
playstationtrophies	1
forrent	1
babynames	1
theartboulevard	1
opendoorpreschool	1
customboots	1
lalaloopsy	1
factoryrvsurplus	1
minecraft	2
modthesims	1
facesofaphasia	1
tipjunkie	1
cctv-america	1
imei	1
motel6	2
sxsw	1
leagueoflegends	10
avvo	1
idaho	1
renesas	1
totaljerkface	1
panola	1
myfreeproductsamples	1
easycounter	1
mathcounts	1
genius	3
pmatehunter	1
crossingsathillcroftapts	1
musicnotes	1
images-amazon	1
happymoneysaver	1
salliemae	1
horoscope	2
oreillyauto	3
bladeandsouldojo	2
fortworth	1
homestead	1
socialcatfish	1
americancentury	1
dfwconnector	1
ghostvidstube	1
whatsgoodhere	1
yellowpages	6
smstracker	1
mobafire	6
rp-online	1
change	1
bartleby	1
vivecondiabetes	1
annacampbell	1
summonerswar	3
uva	1
fivethirtyeight	2
tate	1
beltontexas	1
defensivedriving	1
auctionrepair	1
adidas	2
the-finalrevelation	1
publicradio	1
italiansubs	1
vladtv	1
richlandcollege	1
handslikehouses	1
portlandbolt	1
scamadviser	1
texashatco	1
animematsuri	1
stephenfollows	1
brookelandisd	1
pathelive	1
yisd	2
esc1	1
txlottery	8
jodies	1
galveston	2
uta	5
clipconverter	5
cigarsinternational	1
bpgwi	1
houstoniamag	1
arabianlightsdanceco	1
securesearch	1
dailyurbanculture	1
quibblo	1
html-color-codes	1
emedicinehealth	1
mathforum	1
uproxx	1
astcorporation	1
vmware	1
hawsco	1
desisport	1
jcpenney	6
levitation-austin	1
hockeysfuture	1
eveonline	1
redbull	1
saglamindir	1
bandsintown	1
pornsexerotica	1
ifyouonlynews	1
imvu	1
ultimateclassicrock	1
remanns	1
123child	1
datehookup	1
moddb	3
theworldaccordingtoeggface	1
utorrent	2
academy	5
tastetheislandstv	1
lsuagcenter	1
texarkanagazette	1
caller	1
srz	1
phoneclaim	1
personaldevelopmentwisdom	1
skim	1
goorin	1
orlandocitysc	1
menastar	1
flightradar24	1
pronovias	1
onlinecreditcenter6	2
wamanhotels	1
mixcloud	2
partsimple	1
4chan	4
gogoanime	6
houstontx	1
groupme	2
tacobell	1
calstone	1
motherearthliving	1
purefixcycles	1
tune	1
misterclipping	1
jamesavery	2
ksu	2
aveeno	1
audiohunt	1
uscourts	1
homeadvisor	1
pokemonshowdown	1
jordswart	1
batmanstream	1
gymbeam	1
compare99	1
viperopener	1
photographysuccess	1
nationalskillsregistry	1
kellyreemtsen	1
namegeneratorfun	1
doperoms	1
getsqrl	1
legalshield	1
moviestarplanet	3
dndtools	2
hhloans	3
gradesaver	3
diablofans	2
kellybeamsley	1
zurb	1
manualslib	1
solarmovie	4
muslimbuddhist	1
fbschedules	1
starsofthespiral	1
veoh	1
livingouthislove	1
maxwellsc	1
thenorthface	1
memphiszoo	1
foodnetwork	11
deviantart	8
toptenreviews	4
carm	2
canada-photos	1
thesource	1
natashasplaceblog	1
stellar	1
kenh14	1
mirror	2
chairs4gaming	1
bodyglide	1
scholarshiplibrary	1
howmanysyllables	1
pcgamingwiki	1
lavidallena	1
siamandbeyond	1
certifiedmaillabels	1
mensjournal	1
noplag	1
mannionprior	1
fpnotebook	1
suffolk	1
tccd	1
patheos	3
einthusan	1
gewaltenteilung	1
study	7
dwarffortresswiki	1
bhphotovideo	1
rbfcu	4
graze	1
grahamhancock	1
priceypads	1
bisecthosting	1
dd-wrt	2
aboutfamilycrafts	1
austinkayak	2
rockriverarms	1
drpeppermuseum	1
cognology	1
musixmatch	3
sitejabber	1
roseroseshop	1
quoteinvestigator	1
puzzle	1
yourtexasbenefits	3
gwu	2
findthecompany	1
partycity	1
draxe	1
nsu	1
when-is	1
christinehallphotography	1
gamerescape	4
bigtheme	1
visitglenwood	1
tomshardware	13
fscu	1
totalprosports	1
routerlogin	1
zebralight	1
priceline	1
lonestarcars	1
allegiantair	1
djrockina	1
mylust	1
baylor	1
unixmen	1
warthunder	1
freeshopmanual	1
porn	2
toolslib	1
vitals	1
intuit	1
oldride	1
questia	1
e-hentai	4
tested	1
cutratebatteries	1
chuckecheese	1
expertlaw	1
bibleinfo	2
head-fi	1
gamesradar	5
helenair	1
frankruffo	1
desmos	1
slateman	1
thegoodsurvivalist	1
inside-r	1
huntercourse	1
gorilla-gym	1
fixya	1
sling	1
mcgeorge	1
fivenightsatfreddysfull	1
rizunisite	1
autoanything	1
123rewardscard	1
writeshop	1
microbuspub	1
real-jamaica-vacations	1
file-minecraft	1
winscp	2
drtuber	1
newspapers	1
alphahistory	1
hubert	1
supremenewyork	1
didyouknow	1
schwinnbikes	1
gurneys	1
ixorastudios	1
edmunds	2
nhl	3
tgh	1
couchtuner	1
chron	10
accel-electric	1
interpals	1
bigbadtoystore	1
videoskaseros	1
checkoutmyink	1
epicsports	1
whataburger	3
dramanice	1
flood	1
tomthumb	1
chess	2
botchamania	1
brandnew	2
yipit	2
yolinux	1
vanillagaming	1
mcafee	1
potterybarn	2
indeed	14
samba	1
datatables	1
porntube	1
tribunecontentagency	1
getbankingdone	1
txstate	1
yournewswire	1
austinwomanmagazine	1
dustysandamiesflowers	1
airfrance	1
focusst	1
blurbusters	1
dokdorspace	1
unbabel	1
eat24hours	1
theartstack	1
filetrip	1
mystudentvillage	1
craziestgadgets	1
illinoislawreview	1
workingperson	1
mom	1
astrologyclub	1
studymode	1
ancestry	2
studypool	1
promocodesforyou	1
ondvdreleases	1
weatherservice	1
businessnameusa	1
mypilotstore	1
ancensored	1
craftgossip	1
fossilmuseum	1
bcbstx	2
purefitnessforwomen	1
cajunfirst	1
pmags	1
oyejuanjo	1
dragonballtime	2
techtarget	2
baylorbears	1
subsmovies	2
statsheep	1
pogomix	1
libguides	1
superfame	1
musicmp3	1
acemart	1
pornbb	1
pokecommunity	1
workabroad	1
giftcardspromocodes	1
toysrus	1
thebitbag	3
aspasnoir	1
canadianstrokenetwork	1
wwnorton	1
autotrader	4
askubuntu	2
coppelltx	1
gatestoneinstitute	1
g2a	1
subnet-calculator	1
imagefap	1
babynamespedia	1
nypost	2
slidefire	1
cafeastrology	1
blueprintforwellness	1
mskeck	1
steamcommunity	27
seattlevetassoc	1
cleverbot	1
minitokyo	1
bradreese	1
ourhealth	1
bustle	3
thoughtcatalog	3
assistedlivingtoday	1
muyzorras	1
fatpaint	1
bloggingtheboys	3
southwest	5
grimaldispizzeria	1
emuparadise	2
battle	15
lenox	1
returndates	1
pepboys	1
warframe	2
coach	1
beesource	1
ambitiouskitchen	1
theprometheusacademy	1
jcsimmigration	1
jeep-xj	1
united	7
dremel	1
marthastewart	2
hcahealthcare	1
humankinetics	1
playforceone	1
regentsprep	1
macmillan	1
blabbermouth	1
formula1	1
cloudstrategies	1
foundationcoalition	1
koco	2
hendohover	1
walmartone	2
coventryloghomes	1
jessy95-japanesej-rocklove	1
secureserver	2
giantitp	2
irishsession	1
lucasoil	1
biblescripture	1
encoderpro	1
lovelywholesale	1
jetcost	1
foreverdreaming	1
merchantcircle	1
fastfoodmenuprices	1
mlilyusa	1
vapingunderground	1
mooseroots	2
ucsb	1
horsebettingcalculator	1
dooyoo	1
wmich	1
clarkson	1
highheelconfidential	1
grannyksontherun	1
gaybubble	1
stronglifts	1
tucows	1
brthemes	1
neverbuyanotherfilter	1
brooklynmuseum	1
loverslab	2
watchcartoononline	1
austintheatre	1
popsugar-assets	1
mcmxcv	1
scrubs	1
zitter	1
citygrounds	1
virtualplaytable	1
cbp	1
sterlingcollege	1
connorsstate	1
gurotranslation	1
apkpure	2
tamiu	1
job-applications	1
upenn	1
youtube-mp3	7
theknot	1
fs	1
torproject	1
kissanime	2
thefiscaltimes	1
newbalance	1
fredericks	1
any-audio-converter	1
iflyworld	1
tv	1
estrellablanca	1
bostonglobe	1
zdoom	1
accountingtools	1
cabelas	1
animallaw	1
ftvlive	1
theimpossiblequiz	2
ag	1
harpersbazaar	1
greenoaksschool	1
eatdrinkshrinkplan	1
twc	1
cbc	1
wingstop	1
radioshack	1
ufcu	1
freesexvideosworld	1
otro-tango	1
until	1
polyvore	1
hsbc	1
dslreports	1
newsweek	2
eddiebauer	1
9minecraft	2
packetstormsecurity	1
yifymovie	1
fedex	3
paulmitchell	1
kpopkfans	1
recapturedcharm	1
salon	2
sbts	1
akiba-team	1
vanderbloemen	1
realtor	8
consumercellular	1
blender	1
cnbc	2
record	1
stroke2015	1
bravenet	1
auctionlist411	1
telemundo	1
piedpiper	1
ejuices	1
nola	2
hip2save	1
maybelline	1
iborretv	1
spokeo	5
leagle	1
usmagazine	2
poppin	1
javfor	1
fortworthsouth	1
pingtest	1
24ways	1
guitaretab	1
stateair	1
suniva	1
justice	1
weddingideasmag	1
9to5mac	1
therighthairstyles	1
synology	1
carfax	1
barnesandnoble	3
fandango	2
simplicitymfg	1
minecraftsix	4
openbible	1
hackcheatsgames	1
thhop	1
summonerswarskyarena	1
ultracycling	1
wireframe	1
writersandeditors	1
badlion	1
rsna	1
tractorsupply	3
bethesda	1
magicalrecipesonline	1
cincinnatichildrens	2
metu	1
yale	1
lootcrate	2
boxofficemojo	1
xat	1
blinn	1
mlive	3
histwargames	1
sextvx	1
teamrock	1
frontier	1
famouspoetsandpoems	1
jobsinoslo	1
refinery29	3
whyseemath	1
serversupply	1
bossip	2
alcyius	1
naradnetworks	1
calatlantichomes	1
d20srd	2
code	1
ccm	4
thefruitpages	1
nesaporn	1
midwayusa	4
another71	1
ppy	1
wikihow	15
fina	1
texaseagle	1
ohmynews	1
slate	4
flyertalk	1
theminiaturespage	1
rockpapershotgun	1
atlaschrome	1
anandtech	1
gearbest	1
sonarr	1
weightlossdfw	1
ritescreen	1
socialcelebrity	1
good-egg	1
colourpop	1
gsu	1
shockingmovies	1
toughtrucks	1
ucla	3
aclfestival	1
uservoice	1
state	14
hobbylobby	3
chitanka	1
univision	1
austin360amphitheater	1
itcosmetics	1
dolphin-emu	1
irs	2
retreatatshadowcreekranch	1
hvacclasses	1
forcechange	1
rosascafe	1
consequenceofsound	1
france-bubbles-tours	1
firstcentralcu	1
movierulz4u	1
renderotica	1
plumbingsupply	1
calvarybaptistministries	1
eppraisal	1
walmartimages	1
lovethewoodlands	1
chase	9
divascancook	2
goodwintx	1
donlen	1
autonationhondasouthcorpuschristi	1
keypoulanmusic	1
bulleit	1
wrestlinginc	1
jerktube	1
defenders	1
xxxjojo	1
loot	1
health	2
ultimate-guitar	3
kirklands	1
xvideos	71
davidsbridal	1
microcenter	1
diymobileaudio	1
aaaroofingtexas	1
teamviewer	1
siplast	1
ddo	1
roamans	2
everythinglubbock	1
si	4
literarydevices	1
antiqueroseemporium	1
canon	1
witsendcorgi	1
rehold	2
shapeoko	1
teachingcopyright	1
reference	1
khanacademy	5
pietenpolplansplus	1
aa	5
ahima	1
teamspeak	1
grammarbook	1
zoneatcollegestation	1
markandgraham	1
wandr	1
philnews	1
lushusa	1
mayoclinic	6
nissanusa	3
beavercreeklodge	1
androidpolice	1
autobytel	1
practicalfishkeeping	1
gematsu	1
mhbay	1
publicrecords	1
renweb	1
creative	1
mccoyslandscaping	1
fling	1
factcheck	1
moddedzone	1
adoreme	1
abjortho	1
horsechannel	1
stackoverflow	27
texasheart	2
hidalgoad	1
foxsports	1
spieshecker	1
debate	1
inches-to-cm	1
chemeddl	1
tabccertificationprogram	1
kaazing	1
foodandwine	1
hotpads	1
cloudswave	1
bobborst	1
raise	1
k2nblog	1
microsoft	18
runporn	1
esuhsd	1
cottonwoodartfestival	1
pine64	1
passmark	1
spiders	1
deeds	1
smallseotools	2
foodporndaily	1
vg247	6
barrettappliance	1
boxrec	1
chem4kids	1
servicehostnet	1
fhnb	1
random	1
sailrite	1
nltimes	1
top10antivirussoftware	1
downornotworking	1
gap	1
avery	1
bonhamchrysler	1
uscis	1
bombaybicycle	1
forumotion	1
nickjr	1
hardcoregamer	1
elegantstitches	1
marcos	1
boredpanda	1
stardewvalleywiki	4
robrobertsgunworks	1
theverge	3
fraternityx	1
studynursing	1
hpb	1
worldbank	1
austinchronicle	1
purina	1
tripod	3
tineye	1
kitco	1
ygopro	1
specialized	2
judaicawebstore	1
my	1
goodmenproject	1
kingston	1
blackdesertfoundry	1
athenos	1
nordstromrack	1
autoblog	1
techhive	1
bearingarms	1
thedarkpixieastrology	1
awpwriter	1
fatlossdfw	1
thelyricarchive	1
yesstyle	1
colorearimagenes	1
biblestudytools	1
jalapenotree	1
spotify	4
freemathhelp	1
tholosafarisbotswana	1
heritagepursuit	1
pcadvisor	2
universal-american-medicare	1
clubmonaco	1
dogecoin	1
tapejungle	1
birdseye	1
airg	1
blink182	1
mxshelp	1
billmillerbbq	1
woodcreekchurch	1
redfin	2
angelo	1
accessconnect	1
knifecenter	1
strokeassociation	1
gearslutz	3
lalisfluffshop	1
dealerconnection	1
gmtuners	1
cricketwireless	1
wordpress	23
jaxplasticsurgery	1
mfcu	1
diabetesjournals	1
complex	1
dietpillswatchdog	1
ask	1
signatureridgeliving	1
xwebporn	1
ck12	1
ourdailybread	1
theathenianrestaurant	1
reggaefever	1
twitter	39
hearthpwn	7
putlocker9	1
petroleum	1
goldenstateofmind	1
footlocker	1
wfaa	1
parenting	1
psychologytoday	2
ink361	1
wildflower	1
angelfire	1
mdjunction	1
enotes	1
eglinaeroclub	1
banggood	2
1911forum	1
spanishdict	2
kimballgroup	1
hbo	3
sonofthesouth	1
nomiddleman	1
mycreditcard	1
pirate4x4	2
ps3mediaserver	1
tomsguide	6
qatarairways	2
diffen	1
history	7
pptbackgrounds	1
peliculaschingonas	1
echeat	1
asciitable	1
michaelmanagement	1
ish-tmc	1
as	1
thekingofhate	1
shopathome	1
watch32movies	2
nerdwallet	2
hipaaspace	1
sge	1
6pm	1
kizi	1
customtacos	1
dfas	1
rimworldwiki	1
boxofficeguru	1
rhelena	1
lambingan	1
wilton	1
ventureinward	1
texastech	1
dallasisd	2
weather-and-climate	1
flocabulary	1
chuckstuning	1
rt	1
leaguecraft	1
shopspring	1
simplycharlottemason	1
office	4
stokeseeds	1
austingasprices	1
loopnet	1
izzygames	1
braini	1
superpsychic	1
rudyarchivos	1
oregonlive	1
belk	2
softonic	5
qj	1
thaibistrosatx	1
mheducation	1
firsttexashonda	1
novelgames	1
bibme	1
podbay	1
mynissanleaf	1
ccna5	1
denverpost	2
jayscustomcreations	1
backtoherroots	1
howard	1
gothamist	1
crawfishshacktx	1
mexicanasinfieles	1
dunnbrothers	1
betfair	1
jaguarusa	1
donutjourney	1
theatlantic	2
mediaite	1
ezinearticles	1
cheatsheet	1
zodiackillerfacts	1
vocabulary	2
tjscustomgunworks	1
gamepedia	19
malaysia-chronicle	1
texes-ets	3
futonland	1
1worldsarongs	1
southbeachswimsuits	1
jumpstarttherapy	1
mlb	3
mikudb	1
samsung	4
nightdev	1
autosport	1
indiatimes	2
nickelinthemachine	1
strategywiki	2
bhg	1
vine	3
periphery	1
list25	1
queerty	1
deathangelcosplay	1
planetsuzy	2
mesewcrazy	1
sur	2
nchu	1
rancoud	1
coptalk	1
babycenter	1
strawberryfields247	1
agar	4
thepiratebay-proxylist	1
forestglen	1
cansew	1
u-s-history	1
citicards	1
elderscrollsonline	1
canadian-universities	1
4vector	1
angieslist	1
myfitnesspal	1
furry-telegram-groups	1
tundrasolutions	1
orbitislam	1
shoutwiki	1
anywherecostarica	1
paypal	8
wunderground	4
sciencenewsline	1
esserlegal	1
sewell	1
worldoftanks	3
thrivemarket	1
sanantoniovintageexpo	1
avis	1
electronic-cigarettesco	1
quotevadis	1
silhouetteschoolblog	1
plazmaburst2	1
barefootwine	1
hawaii	1
eventful	1
simswiki	1
uwlax	1
appliancefactoryparts	1
yourpurebredpuppy	2
movieandtvshow	1
healthnavigator	1
stadiumgiveawayexchange	1
afteractionreporter	1
digitalspy	2
husqvarna-motorcycles	1
thepennyhoarder	1
pandora	4
active	1
treehugger	1
fragrancenet	1
amarillo	1
droidviews	1
therivardreport	1
amctheatres	3
tejasrodeo	1
troop416	1
fanatics	1
dia	1
finegardening	1
valenciacollege	1
evangeliodeldia	1
blackgirllonghair	1
videogamesblogger	1
parodybros	1
dotsub	1
expedia	5
sharpschool	1
greatclips	1
akidsheart	1
imslp	1
exceljet	1
lcisd	1
cf-vanguard	1
dell	3
moshisecrets	1
diabetes	2
lupusresearchinstitute	1
idratherberiding	1
onion-router	1
cprogramming	1
benefits-of-honey	1
grace360	1
txcitrus	1
thedistrictonluther	1
radio-buy	1
longsextubes	1
pubfilm	1
openedition	1
flashscore	1
swepco	1
directions	1
klwines	2
lastminutetravel	1
eveuniversity	1
popcorn-time-free	1
nicekicks	1
exxx-gf	1
tamilcube	1
preservationdirectory	1
mngcow	1
loc	1
youporn	3
officer	1
bbcactive	1
focusfanatics	1
wincalendar	1
leasehunter	1
wahoofishingtours	1
palmerselectric	1
accuweather	7
plot	1
royalty	1
sheknows	1
zomato	4
koofers	1
aircraftspruce	1
time4writing	1
abc	1
vividseats	1
seattlepi	1
ntts	1
eeyores	1
bintang	1
sprint	4
monster	3
registerguard	1
researchgate	1
lolking	3
cliffsnotes	2
petroglobalnews	1
usaedusitess	1
mystream	1
kidshealth	2
ecumenicalnews	1
swordofthestars	1
mtv	2
nascar	2
soundtake	1
churchwithoutwalls	1
visajourney	1
discover	7
wellnessmama	1
caribbeanandco	1
usmef	1
superuser	4
digitaltrends	8
sparknotes	4
uga	1
mcgavocknissanlubbock	1
uselessjunk	1
payless	1
avetexfurniture	1
mccallum-layton	1
dogsinneedofspace	1
ucomparehealthcare	1
psychicpowernetwork	1
classiccityautobody	1
hechizoparaquemellame	1
coffeegearathome	1
medscape	6
christogenea	1
planetphotoshop	1
zerostopbits	1
optc-guide	1
eureka	1
strokesociety	1
marksdailyapple	2
laredo	1
simplyhired	2
prairiehome	1
nstda	1
iknowfirst	1
findlakeconroehomes	1
northernac	1
t-mobile	4
csueastbay	1
truecar	2
customcombatgaming	1
gexaenergy	1
patient	1
redstate	1
publichousing	1
backyardchickens	1
wileyplus	1
texasdrivingschool	1
makemeheal	1
animequotes	1
redtube	8
lifeway	1
kingsdown	1
rivadavia	2
groundfighter	1
memorialcity	1
bonexpert	1
homegardenpro	1
harlandale	1
y8	1
redditlist	1
bongacams	1
physicaltherapy4you	1
velocityusa	1
oscarwilde2k	1
archivesofnethys	2
nanobots	1
phim14	1
alphacoders	1
pornmaturetube	1
curseforge	1
mariesturtzphoto	1
ipaddress	1
allegion	1
tutorialspoint	2
gmane	1
zerorez	1
unofficialnetworks	1
credio	1
brooksrunning	1
custhelp	2
smashboards	1
houzz	4
rgc	1
java2s	1
ccna7	1
sexpornasian	1
tytyga	1
ibsearch	1
directv	1
simviation	1
live	6
windshieldrepairtech	1
garlandtx	1
icook	1
chinapost-track	1
seekingalpha	1
arbornet	1
backpage	4
spanishged365	1
tophat	1
topix	2
wealthminder	1
harbortowninn	1
amazon	151
asianthumbs	1
animeflavor	1
who	1
manaraacademy	1
documentary-log	1
littlecaesars	1
mangareader	3
fiuxy	1
freeappsforwindows	1
thecraftingchicks	1
ifttt	1
productionadvice	1
crescentpointeapts	1
vaporfi	1
calendario-365	1
portakalagaci	1
smutty	1
adlucent	2
sabatexarkana	1
newsy	1
kiranico	1
sothebyshomes	1
ksat	1
culturemap	1
jmbullion	1
jarrellisd	1
chaturbate	6
oregonstate	1
victorianweb	1
pdffiller	1
previewsworld	1
dogtime	1
reachlocal	1
louisiana	1
tabpower	1
portlandtribune	1
cisco	4
tourgonzales	1
beautytech	1
uslakes	1
wizardworld	1
familymedicalmobility	1
billboard	3
fipp	1
wfu	1
dsalud	1
winsupersite	1
chopbloccuttingboards	1
sevenreflections	1
onlineteenhub	1
kleinisd	1
qrz	2
crestonhotel	1
landsoftexas	2
copyright	1
lordsofpain	1
pixlit	1
ixxx	1
leatherup	1
yourhoustonnews	1
actx	1
tractorbynet	2
keen	1
photobucket	2
hentaistream	1
evilcontrollers	1
smithmicro	1
winteriscoming	2
nbme	1
uvu	1
geico	2
kibagames	1
dysautonomiainternational	1
romper	2
pbskids	2
stickeryou	1
saplinglearning	1
swatch	1
stadiumhouston	1
bombshellbling	1
playporngames	1
cgmphotography	1
goodsearch	3
games	1
xhamster	6
instagram	12
iburn	1
fanpop	2
brewersfriend	1
eu4wiki	1
truevalue	1
wsj	1
brownells	1
waybig	1
sketch	1
chemistry-reference	1
gbatemp	1
tirerack	1
nocookie	3
biguz	1
storify	1
angelmessenger	1
mywalmart	1
samuseum	1
goodrx	1
watchmovie25	1
newmediarockstars	1
gamefaqs	32
livemixtapes	1
crunchyroll	3
vetinfo	1
bikiniscience	1
hibiscus-malvaceae	1
burningman	1
cricketequipmentusa	1
drewfriedman	1
masonmorse	1
parcatwallstreetapts	1
brooksfinejewelry	2
publicbikes	1
nbaplayoffsbracket	1
skycneye	1
veromi	1
goodreads	7
instructure	2
elpasotimes	1
diplomaframe	1
laroche-posay	1
fpsf	1
garden	1
ansa	1
techprobex	1
searsoutlet	1
bestwalkingshoereviews	1
xinshipu	1
uber	3
adameve	1
ae-mod	1
virginmobileusa	1
drbronner	1
fontmagic	1
jezebel	2
alvincollege	1
realdogsdontwhisper	1
paraphrasing-tool	1
funcom	1
realsimple	2
communitybible	1
careerfitter	1
amd	1
vk	1
apne	1
commonwealthfund	1
financetraining	1
rockwoodamishfurniture	1
linustechtips	1
yourtango	1
findlaw	1
jackinthebox	1
studentbodyofamerica	1
wallco	1
pbs	3
specialmetals	2
stellaartois	1
baltimoreravens	1
treasuregarden	1
powerstroke	1
etrailer	1
familysearch	2
engadget	2
nudist-images	1
mydr	2
apstudynotes	1
dumbingofage	1
ruidosonow	1
songmeanings	2
mumsnet	1
chatword	1
homelivingfurniture	1
caring	1
shoretel	1
cookstuff	1
bedbathandbeyond	3
eva	1
obsproject	1
awesomeguides	1
uiuc	1
ncsu	1
sextsnap	1
polaris	1
merzantiques	1
sina	1
danasrgi	1
lakefork	1
trackandfieldnews	1
lonestarpark	1
searspartsdirect	3
globalresearch	1
tonightsgirlfriend	2
cars	1
pocketdumps	1
dailysignal	1
friv2016	1
aliexpress	7
tatring	1
malwaretips	1
dezeen	1
bistudio	1
dominos	5
finderskeepersthelabel	1
wikivet	1
usembassy-china	1
bbmotors	1
tutorsof	1
neilgaiman	1
kstrom	1
moveline	1
dineoncampus	2
itsupportguides	1
crutchfield	3
emancipet	1
arkansas	2
openoffice	2
managementhelp	1
absorbascon	1
veteranenergy	1
groovypost	1
nydailynews	2
gamejolt	1
musicarts	1
nobelprize	1
technewsworld	1
dailystrength	1
overstock	4
repairpal	1
dummies	4
furniverse	1
hm	1
bizstats	1
vguitarforums	1
rice	1
progamercity	1
gilderlehrman	1
tower	1
mommypotamus	1
poetryarchive	1
nick	2
ptable	2
offensive-security	1
livenewschat	1
friscoisd	1
davidfranklaw	1
lonestar	2
remediosnaturalescura	1
daycare	1
previously	1
greedygoblin	1
careerbuilder	2
labx	1
straightdope	2
ni	1
gingersoftware	1
thecrossatkerrville	1
mashable	1
landwatch	1
crunchify	1
dentonisd	1
utsa	1
mansionsbriggsranch	1
elefun-desktops	1
todaysthebestday	1
bizjournals	3
copart	1
allensamuels	1
powerball	7
vpnranks	1
energy	1
nowblitz	1
mysky-link	1
kindermorgan	1
austincc	5
stalkertools	1
esmatube	1
docusign	2
anytimefitness	1
vt	2
esmas	1
fmovief	1
abchouston	1
open-soft	1
lanebryant	1
vectorhq	1
humana	2
northwestern	1
baroquemusic	1
dsptch	1
texasbluebonnetwinetrail	1
crabtree-evelyn	1
simple	1
northlakecollege	1
solidworks	1
celebsmemoir	1
opticsplanet	1
gunsamerica	2
tungstenworld	1
koreandrama	1
metrolyrics	2
furunousaforum	1
ning	1
grips4guns	1
gregghistorical	1
northerntool	2
dealnews	1
playdosgamesonline	1
campusdish	1
bensound	1
mychristianpsychic	1
libertyhillumc	1
quora	10
psychic-revelation	1
visiontrendsusa	1
znak	1
theguardian	1
syracusefan	1
wearechurchunlimited	1
slotsmarvel	1
corporateperks	1
calorieking	1
dillards	1
heritech	1
nrm	1
templejc	2
minecraftforge	1
gas-south	1
utdallas	12
jetbrains	1
naturespath	1
mu	2
parfaitdoll	1
daystar	1
cvs	1
lectlaw	1
inmatesearcher	1
earthclinic	1
casio	1
historische-postsachen	1
younow	1
isexychat	1
mugenmonkey	1
hbowatch	1
bmpattorney	1
colleyville	1
sndimg	1
game-solver	1
fyvor	1
shinjuku-station	1
geektyrant	1
nps	5
threepanelsoul	1
bonchon	1
tinypic	1
cbs19	1
blacksonbrick	1
khou	1
bimmerfest	2
banned-in-india	1
hgtv	1
dailymotion	7
transunion	1
twogetherintexas	1
ontheedgebrands	1
macrumors	2
atgstores	1
wikia	120
realself	4
circuitdigest	1
hogshaven	1
austinfurnituredepot	1
episd	1
grahamrx	1
burlingtoncoatfactory	1
arborsoflascolinas	1
unicef	1
johnsonville	1
androidpit	2
grhsonline	1
handloadersbench	1
childrensweek	1
pogo	1
abanca	1
cpp	1
reallifecam	2
studiomoviegrill	1
mapawi	1
gotomycard	1
mcdonalds	1
pharmaton	1
rackspace	1
canada	1
unr	1
americanpregnancy	1
cmt	1
driversdown	1
nms	1
pcbheaven	1
shootinggames	1
americancampus	1
apcoworldwide	1
yoyo	1
lilyloveslola	1
renfaire	1
arborday	1
yootheme	1
apartments	3
peliculasland	1
fas	2
holycrosscc	1
incensewarehouse	1
petbucket	1
levi	1
brookings	1
bpillow	1
frontloading	1
intelius	1
livescience	4
sodastreamusa	1
ebscohost	1
forbes	6
britboot	1
yourswh	1
amicable1	1
glassdoor	8
phrontistery	1
shadowsoftware	1
mhvillage	1
thesun	1
teachingamericanhistory	1
kisspanda	1
team-dignitas	1
cjmphoto	1
lyricstranslate	1
inquisitr	2
siyuon	1
walmart	34
ezgif	1
metabomb	1
bodybuilding	7
soundoffaudio	1
miamiherald	1
pasadenaisd	1
relatably	1
wixonjewelers	1
happywheelsaz	1
biography	3
molliemakes	1
dandwiki	1
vwvortex	1
deaconillustrated	1
fit4allsupps	1
txdot	1
ytimg	3
collegevaccinerequirements	1
rv	1
jenniferbphotography	1
studystack	2
texastribune	1
ajmadison	2
cirrusaircraft	1
bing	1
emagicone	1
sears	8
tpwwforums	1
krogeriwireless	1
smartbidnet	1
nationalbreastcancer	1
food	5
justia	1
pimoroni	1
afdah	1
sweetbabyperfumeplus	1
megaessays	1
musescore	2
gayot	1
ratser	1
repelis	3
federalpay	1
thekitchenwhisperer	1
linksforallmovies	1
bittorrent	1
researchingfoodhistory	1
seatoskyaphasiacamp	1
guildwars2	7
embarcadero	1
htcvive	1
corvetteblogger	1
ihs	1
videohelp	2
discovery	1
suficenternortheast	1
codeofaninja	1
dicetower	1
thedenverchannel	1
echalk	1
buyplumberdirect	1
flightaware	2
roanoke	1
healinghealth	1
kotaku	5
cwtv	1
porn-w	1
channellock	1
twinfinite	2
fullsail	1
zulily	1
diynetwork	1
sallybeauty	1
allthetests	3
babble	1
blackanddecker	1
unity3d	3
imgur	7
biglots	2
insa2z	1
bimmerforums	2
android	1
ninjatrader	1
vimeo	4
adultcase	1
gocolonial	1
quizlet	117
chupamobile	1
oracle	4
maxim	1
ifc	1
telugu9pm	1
takemefishing	1
blinq	1
grassfedgirl	1
camcaps	1
ultimatexotics	1
myhentaicomics	1
canyonisd	1
livestream	1
granburytheatrecompany	1
rightsite	1
foenix	1
sephora	2
ushmm	1
glc	1
wrksolutions	1
drytortugas	1
nfsmi	1
imgsrc	1
algebra	2
estanbul	1
plenti	1
convars	1
bladesmithsforum	1
nationalmerit	1
txtag	1
fairview	1
i1os	1
pontorlando	1
behindthename	1
q-bank	1
parature	1
eulesstx	1
wimpykid	1
bubbastexasburgershack	1
cartoonnetwork	2
theisozone	2
wisebread	1
kym-cdn	2
fox4news	1
kinja-img	1
immoscout24	1
jhu	1
ewtn	1
howardforums	1
1channel	1
step-project	2
kirkusreviews	1
beauty-makeup-supply	1
autoblow2	1
homes	3
crystal-cure	1
flickr	1
usaid	1
mangafreak	1
wartechknives	1
jw	1
apicaen	1
fruitytuts	1
searchlock	5
mapsofworld	1
watchseries	2
youcandothecube	1
thewombat	1
uberflip	1
aacom	1
howtodiyright	1
aim	1
vanguard	1
chicargobike	1
staples	7
secondlife	1
hometheatershack	1
wendys	1
ruled	1
cox	1
all-free-download	1
dragracecentral	1
beautyrest	1
2ality	1
orbitz	2
vam	1
dermstore	1
nobetterdeal	1
domaintyper	1
acaai	1
jamesallen	1
csusb	1
thebigpicture2013	1
waze	1
tekindoor	1
howtogeek	3
zeldadungeon	2
now	1
evinrudeonlineparts	1
tecadmin	1
collegestudentapartments	1
vaporauthority	1
akc	1
adultdvdtalk	1
babiesrus	1
bigtitpatrol	1
xfinity	4
framesdirect	1
blackjackpizza	1
kidsoutandabout	1
toon	1
trustpilot	1
trannsex	1
jiskha	2
oldnavy	1
tvfanatic	1
springtailsolutions	1
redbubble	1
usssabaseball	1
eurooptic	1
finalmediaplayer	1
iowadot	1
udesa	1
moneyman4business	1
file770	1
nuwber	1
n4g	1
dota2	1
academia	1
inspectapedia	1
informationphilosopher	2
breedlovemusic	1
myfreestyle	1
autonationtoyotagulffreeway	1
geourdu	1
meetup	1
egyptair	1
mysynchrony	1
midwest-waste	1
wikifeet	1
hdgaytube	1
strokengine	1
childrendesiringgod	1
guidestone	1
workingcouples	1
chasarchitects	1
theinterviewguys	3
carmax	1
news9	1
legalnature	1
tofugu	1
windfinder	1
vlvt	1
omniglot	1
uobd2	1
basketball-reference	1
scotxblog	1
adventuregameplays	1
csgo	1
kidsbowlfree	1
mhprofessional	1
phantom	1
supcase	1
mombaby	1
spinalhub	1
thesims3	3
ttu	1
lotro-wiki	1
kens5	1
factorymattresstexas	1
axxessweb	1
hsntx	1
uline	3
kicker	2
educatorstechnology	2
ou	2
concertvault	1
thekansan	1
geometricdesign	1
gizmodo	2
biology-online	1
ciscopress	1
variety	1
ahajournals	1
cardekho	1
megagames	1
practiscore	1
atmosenergy	1
scientificstyleandformat	1
gosmith	1
healthgrades	4
excelforum	1
petmd	2
itstactical	1
sweetwateratbuckingham	1
lifeproof	1
hkparts	1
mongodb	1
nolo	1
blackberry	1
nationaleatingdisorders	1
webingles	1
hullhome	1
roberthalf	1
businesscatalyst	1
paradisepen	1
raspberrypi	1
playretrogames	1
musica	1
displays2go	1
sunrisehonda	1
ragingowlbear	1
dallasfertility	1
chirobase	1
bandcamp	2
theateratgrandprairie	1
eps-kdrama	1
manualsonline	2
tutorvista	2
vkclassifieds	1
cordevalleapartments	1
desirulez	1
osicomputers	1
rigzone	1
blinds	1
protoolreviews	1
everesttech	1
bayimprint	1
damplips	1
stopdisastersgame	1
myvaporstore	2
visitbrenhamtexas	1
finspismobeach	1
quiznos	1
realmenrealstyle	1
emirates	1
alibaba	6
wikiquote	1
ulta	2
flowershopdeals	1
bollystop	1
ssfcu	3
space	2
w3schools	6
modcloth	1
steroidabuse	1
lafayette	1
playr	1
milb	2
rcgroups	1
testmy	1
cibus	1
australianetworknews	1
ecu	1
weightwatchers	1
consumerist	1
heavy	3
ea	3
moenovel	1
obesityhelp	1
ramchargercentral	1
hubpages	3
kultofathena	1
huzlers	1
godentalschool	1
bestforpuzzles	1
summitracing	2
4pics1wordanswer	1
xn--12cgs1dcc3a8b4hhi0y	1
hiphopstoners	1
amc	3
zazzle	1
litfusegroup	1
austinot	2
smartpros	1
parts-people	1
videosdejaponesasx	1
moneysavingexpert	1
game-debate	1
hiphopwired	1
allstate	1
runehq	1
drivecam	1
dragonballgo	1
presidencia	1
giantbomb	1
thegreenpapers	1
rentalhomes	1
techzoo	1
instaspy	1
buildabear	1
21orover	1
vueweekly	1
thesidewinderaustin	1
royaldavuifiji	1
thecarriagehousehouston	1
makemusic	1
assignmentcache	1
onbeing	1
tenant	1
tamuc	3
freelancer	1
wikidot	3
rider2riderliquidators	1
infoq	1
mariowiki	1
pcsx2	1
onegreenplanet	1
lutheran-hymnal	1
callersmart	1
disneycartoonsonline	1
pcworld	7
oakcliffuu	1
researchmaniacs	1
clearspringsplace	1
kapilarya	1
alamo	3
gamebanana	1
adultswim	2
samsclub	5
curbed	1
specout	1
choicepersonalloans	1
wthr	1
dealscube	1
classic-porn-movie	1
hollisterco	1
grassclothwallpaper	1
allpartsgrills	1
centerhouston	1
knowzy	1
harvestbloom	1
esportspedia	1
homefinder	1
ooga-mooga	1
scoreexchange	1
clickandbuy	1
androidauthority	2
joyofsocks	1
nislab	1
asana	1
fernandezhonda	1
acer	1
slickdeals	2
sterlingmccallbuickgmc	1
wikiwand	1
extremerestraints	1
curse	6
usatoday	5
akinator	1
drudgereport	3
rsc	1
thetop10bestvpn	1
gtfcu	1
trannypower	1
rollingstone	1
mathsisfun	1
ehow	2
wn	1
paheal	5
zipscene	1
theweedblog	1
abortionfacts	1
texasquizbowl	1
sawmillcreek	1
wikinvest	1
barbarella1968	1
lennar	1
thefreedictionary	8
hentaidream	1
footyroom	1
vh1	2
entravision	2
musicradar	1
dollar	1
aljazeera	1
foreignpolicy	2
cldc	1
coolmath-games	2
driverupdate	1
writersrelief	1
batteriesamerica	1
vice	1
moviexk	1
guiainfantil	1
frogtoon	1
uiltexas	1
aquariumofpacific	1
hollywoodreporter	3
convertunits	2
ellenskitchen	1
motorcycle-superstore	1
pcgamer	5
gunvolt	1
nexusmods	14
thedailybeast	1
cableone	1
flightsafety	1
ted	2
girlsgogames	1
uh	3
ihop	1
parkrangeredu	1
playstation	3
jackbellproperties	1
whitepages	7
blair	1
cndirect	1
transmissionrepairguy	1
prehistoricplanet	1
fastcodesign	1
teecleve	1
newgrounds	3
breitbart	1
tonynkaren	1
skicooper	1
nuclearsecrecy	1
xda-developers	4
draw	1
primagames	3
thehackednews	1
usmc	1
smogon	2
mudlet	1
colleyvillegardenclub	1
4tires2u	1
whitecastle	1
newegg	9
3dmark	1
friv	1
dreamhackaustin	1
birthdayinspire	1
dicota	1
lunarium	1
techbrij	1
zappos	6
bankrate	1
bikereg	1
dogsnaturallymagazine	1
irvingisd	1
botanikfoto	1
stevpell101	1
co-optimus	1
freewoodworkingplan	1
xxxyounghub	1
lyft	1
miniclip	2
gcisd-k12	1
horizonhobby	1
imdb	47
officedepot	2
fakenewswatch	1
maialindseyphoto	1
flippers	1
aarp	3
tribality	1
jcpportraits	1
floodsmart	1
dallasnews	6
timetoast	1
ocz	1
government	1
yandex	2
getplay	1
eknazar	1
leangains	1
oxfordjournals	1
couponcodespage	1
extratorrent	1
thehistoryofthehairsworld	1
thenextweb	2
houstonspca	1
encyclopediadramatica	1
frys	4
dailybulletin	1
waiterwithwheels	1
luckybrand	1
towerhobbies	1
brainyquote	2
repec	1
mp3juices	1
melon	1
highpoint	1
360couponcodes	1
watermark	1
translate	1
getrippednutrition	1
cursors	1
ipbhost	2
thumbspecialtycenter	1
joeallen	1
euphoriaporn	1
seriouseats	1
hometownlocator	1
group	1
cosplayhouse	1
transformerforums	1
mail	1
collectors	1
ataonline	1
simplyteras	1
nymag	1
news18	1
txsmartscape	1
oaug	1
dreamstime	2
muscleevo	1
residentportal	1
bestbuy	23
wiktionary	4
carmelapop	1
palmbeachpost	1
ed	4
rjobrien	1
varsitytutors	1
hclips	2
macys	8
apwcogan	1
sasaustin	1
nativetech	1
hokudai	1
enterprise	2
eanesisd	1
orientaltrading	1
stdavids	1
saveur	1
packetlife	1
battleon	1
txfb-ins	1
91mobiles	1
rxlist	1
modsquadhockey	1
cinemagraphs	1
excel-easy	1
pricenfees	1
ridgid	1
familyfreshmeals	1
v-fitma	1
knowyourmeme	6
code-artists	1
entire-usa-edu-info	1
loftus	1
nuccibros	1
mixthatdrink	1
piazza	1
honda	1
aerobie	1
werner	1
match	1
winehq	1
aldoshoes	1
pole-barn	1
jordanford	1
democraticunderground	1
virtualyp	1
reasons	1
jellyneo	1
davek	1
uspi	1
michaels	1
shmoop	3
mayhem	1
cowboysdancehall	1
falundafa	1
harvard	1
classicdrycleaner	1
didosseafood	1
randi	1
lifehacker	3
outskirtspress	1
clips4sale	2
nationwide	1
cpsenergy	1
thegraphicsfairy	1
stevemadden	1
worldstarhiphop	1
gemselect	1
naturalreaders	1
delmar	2
humanesocietyofwichitacounty	1
vocaloidotaku	1
abcmouse	1
citethisforme	1
medicaldaily	1
beveragesdirect	1
rifleshootermag	1
olivegarden	1
civilwar	1
celebritymoviearchive	1
chef2chef	1
shopashley	1
doingbusiness	1
repairwin	1
cheezburger	1
sourceforge	4
polishedpaper	1
rounded	1
easybib	5
jared	2
washingtonpost	4
lww	1
mypokecard	1
elexp	1
aspca	2
wwe	2
epicurious	2
24h	1
allcatclaims	1
nvidia	1
dailymail	7
snapchat	1
bookvip	1
gotquestions	1
homeaway	1
fortune	2
dengarden	1
cigna	1
watchsailormoon	1
moddedraptor	1
dentonrc	1
craftsy	1
saultstemarie	1
androidcentral	4
acep	1
songsforteaching	1
porneq	1
csic	1
uol	3
trekbicyclesuperstore	1
audiusa	2
thepointsguy	1
knowyourmobile	1
villagevoice	1
rowlett	1
msi	1
theblockwestcampus	3
easynotecards	1
dreamsunlimitedtravel	1
kisscartoon	8
lowes	7
lgbtqnation	1
starwarsnewsnet	1
popcorntime-online	1
amatuer	1
tvtropes	4
eatonpartnersllc	1
pmstandley	1
smh	1
superbetter	1
asiaone	1
mtnonline	1
offers	1
proctoru	1
pelispedia	1
a1personnelinc	1
gfi	1
dallaslivescanfingerprinting	1
bugguide	1
orlandosentinel	1
defense	1
rense	1
thedieselstop	2
wise	1
fogu	1
cornell	1
thecomfortcompany	1
dallasinternationalschool	1
ign	16
nalsa	1
gosunoob	1
dilandau	1
getbootstrap	1
nynjtc	1
csun	1
designmantic	1
qpractice	1
slither	10
sonymobile	1
pornvideoq	1
cookchildrens	2
marvin	1
tenso	1
lds	1
simetric	1
cinemablend	4
whatstrending	1
gefs-online	1
newriver	1
highquality	1
economist	1
lampsplus	1
xnxx	19
willyoupressthebutton	1
speedyapplianceparts	1
1800flowers	1
lasubasta	2
championselect	2
quicken	1
plainscapital	1
ucf	1
jeep	2
aspirityholdings	1
christiantimes	1
servicenow	1
zacks	1
whatimade	1
virginamerica	1
microham-usa	1
jeepforum	1
eater	3
plex	1
arkive	1
braums	1
txdemocrats	1
drhydenotjekyll	1
rugerforum	1
goarmy	1
lsco	1
myfreecams	1
icy-veins	5
jamesdjulia	1
the-digital-reader	1
marriott	3
manporn	3
urbandictionary	10
zillow	19
palmharbor	1
beaumontenterprise	1
sourcewatch	1
teenchat	1
loccitane	1
soapcentral	1
physicsclassroom	2
charter	1
hbogo	7
vevo	1
wm	1
sophia	1
oktoberfesttours	1
shopbop	1
greatist	1
virtuoso	1
freefantasymaps	1
kenmore	1
metropcs	1
jimmyjohns	3
accountonline	1
ibm	1
hotnewhiphop	1
communionbread	1
bada	1
bowenclassicarms	1
hp	5
tsbmag	1
birmingham	1
doubleclick	1
quizony	1
totalhockey	1
anon-v	1
stric	1
slideplayer	2
wtamu	1
valuecolleges	1
thriftyfun	1
bdo-fashion	1
dcfof	1
comicartfans	1
costco	5
ambitenergy	1
bab	1
cctexas	1
utdanacenter	1
latimes	5
demonoid	1
caranddriver	1
53	1
iraqidinarchat	1
payscale	2
lakelavonfishing	1
walgreens	2
jbl	1
formica	1
unm	1
themeforest	1
teengirlsporn	1
wasted-on-lol	2
thekitchenstudios	1
benegg	1
showbizcinemas	1
bro	1
newyorker	1
latintimes	1
tjc	1
vanityfair	1
envelopes	1
intheswim	1
hondaatvforums	2
kutx	1
mkyong	1
thegtaplace	1
monoprice	1
austinspizza	1
stackexchange	20
peiwei	1
usajobs	1
simonsaysstamp	1
mmsphyschem	1
mavoo	1
census	2
southtexascollege	1
cctvforum	1
isixsigma	1
rexulti	1
thisgengaming	1
sevenlakes	1
adamcrossleymusic	1
colorcode	1
floracopeia	1
brotherstrucks	1
naturalgas	1
livestrong	7
starbuckssecretmenu	1
showboxappandroid	1
adagio	1
unt	7
vrsdesign	1
uic	1
zoosk	1
travelchannel	1
linuxquestions	1
farfesh	1
heymanga	1
powerupgenerator	1
purdue	8
kaspersky	1
baylorpress	1
marines	1
luckyvitamin	1
gotinder	1
teenhotsluts	1
monster-wiki	2
roll20	2
spencersonline	1
keep	1
careervillage	1
123bingoonline	1
consumeraffairs	1
filipinagallery	1
uglyotter	1
webstaurantstore	2
ianmccowan	1
doctorcarreon	1
livenation	2
practicalmanliness	1
youtubecomtomp3	1
zipfianacademy	1
odessacvb	1
mathworks	9
7-zip	1
indicine	1
technipages	1
tex-american	1
bassler-ortho	1
katzsdelicatessen	1
easyworship	1
fsymbols	1
941novel	1
classicalpressofwales	1
solarmovies	1
refog	1
dayjob	1
capitalone	2
reddit	136
campingworld	1
alphadraft	1
ahs	2
topxlive	1
pennystockconspiracy	1
psu	3
lostwindowspassword	1
biotopics	1
thedieselpageforums	1
carls-sims-3-guide	1
sony	2
allpostersimages	1
promotionalsigns	1
getchu	1
cheapjoes	1
archlinux	1
iafd	1
pearsonmylabandmastering	8
managebuilding	1
letras	1
hotwire	1
titantv	2
nber	1
amateur-pussies	1
vuletic	1
howtomakeelectronicmusic	1
roguey	1
tainstruments	1
intel	1
spacemov	1
gmail	1
quivofx	1
suicidegirls	1
orchidwire	1
facegarage	1
endmemo	1
yummly	1
covertcalling	1
pdx	1
saksfifthavenue	2
digitalpianoreviewsite	1
asstr	1
johnlscott	1
usgs	1
goedekers	1
bulletproofexec	1
hydraulicsdirect	1
notebookreview	1
ecobee	1
corad	1
uniprot	1
brownvboard	1
pleasanton	1
freefuninaustin	1
ruhaniat	1
allkeyshop	1
greatschools	1
drmcninja	1
paradoxian	1
astromart	1
british-history	1
honda-tech	1
thegearpage	1
shrm	1
txdmv	2
nud3	1
personacentral	1
att	13
anysex	1
yamaha-motor	1
bonanza	2
azcentral	1
powerbot	1
extremeoverclocking	1
smartstrokes	1
hallmark	1
friendsofnarconon	1
purplemath	2
getfreedomunlimited	1
inkhead	1
pajiba	1
landroverdallas	1
sixflags	3
proflowers	1
rostacik	1
moo	1
ellensstardustdiner	1
uml	1
thetruesize	1
justcause3mods	1
cia	1
starfurniture	1
newsfoxes	1
discovercard	1
pillsbury	1
pokemon	6
davesgarden	2
mindtools	1
dickssportinggoods	2
azlyrics	11
ic	1
intocornwall	1
firearmsid	1
yelp	19
thinkadvisor	1
cio	1
twitch	9
themexpert	1
dlsite	1
blackmtncycles	1
apartmentguide	3
swagbucks	1
essentialdayspa	1
mls	1
bankofamerica	7
kellyscloset	1
tonejoy	1
gamewitch	1
bbc	8
blog	1
thescrumptiouspumpkin	1
physicslab	1
tokencatalog	1
ntb	2
fool	2
literotica	3
hrw	1
free	1
txpta	1
nexon	1
bonappetit	1
cleveland	1
theflatearthsociety	1
kellymom	1
charlotterusse	1
filson	1
cinemark	3
strem	1
d2	1
periodictable	1
flybrownsville	1
boardingarea	2
techtimes	2
everplans	1
delishably	1
rarbg	1
themonitor	1
umd	1
farmers	1
pdadb	1
humbleisd	2
slideshare	2
bytes	1
oreilly	1
usnews	3
greaterthangatsby	1
dropbox	5
consumerreports	4
wisconsincheesemart	1
alantonnesen	1
scribd	1
hecklerspray	1
nbcnews	3
loxabeauty	1
inbox	1
metrocrest	1
sportsmansguide	1
narod	1
buffaloexchange	1
caraudio	1
pof	8
mysecretluxury	1
eros	1
snoopygift	1
dauphinislandbeachrentals	1
wyndemereturtlecreek	1
consolidatedlocal	1
malwarebytes	1
bigspringisd	1
webcamtoy	1
mealviewer	1
teamlatitude64	1
timewarnercable	9
yorkbbs	1
pussyspace	1
nfl	4
vidalatinasd	1
geology	1
ebooks-download-haven	1
harborfreight	4
answers	7
cheapoair	1
scholastic	1
wimp	1
moviecodec	1
wichitafallstx	1
wccftech	2
rei	1
mapquest	2
pandaexpress	1
axiswestcampus	1
ny	1
drpescatore	1
wildbillwholesale	1
houstontexans	1
familystrokes	1
kbb	1
dyson	2
youdeserveahighfive	1
upsidedowntext	1
ocias	1
howdoyouspell	1
bulbagarden	4
parksidechurch	1
recordingstudio	1
masterorganicchemistry	2
lexicanum	1
crictime	1
drugs-forum	1
oceankayak	1
januvia	1
theivymarketgrill	1
mdc	2
indiewire	1
yourdictionary	2
controllermax	1
getcricut	1
urlm	1
fanfiction	6
redbox	1
thenewstack	1
joysmonroe	1
danieladams	1
wilcodemocrats	1
hdmovie2k	1
reliant	2
sciencedaily	1
doseydoe	1
partstore	1
huffingtonpost	10
disney	3
aloftcharlotteuptown	1
smithsopticians	1
maxpreps	2
margepiercy	1
sacuacctonline	1
playsexgames	1
epcc	1
tenforums	1
af	1
mountainviewcollege	2
emojipedia	2
nintendo	1
jumpolinepark	1
kroger	1
relate	1
bowlingdigital	1
stpatrickchurchcc	1
m5board	1
cbslocal	4
adfreetime	1
torrid	1
diystompboxes	1
zocdoc	2
wikispaces	1
zteusa	1
coldplay	1
watchfree	1
redditmetrics	1
thenation	1
stagestoresinc	1
gstatic	2
pechakucha	1
kiiitv	1
matures-naked	1
xe	1
metafilter	1
pizzahut	4
xmovies8	2
stthomasamarillo	1
theporndude	1
brookstone	1
mrctv	1
buffalostate	1
etsy	12
whitehouseblackmarket	1
163	1
kichler	1
gm-trucks	2
cicis	1
datingasociopath	1
filehippo	2
scanpan	1
studentdoctor	1
dimfuture	1
weather2umbrella	1
evga	1
ekremuzbay	1
schlitterbahn	1
alfredtong	1
keurig	2
flalottery	1
matureride	1
vw	1
defend	1
city-data	6
christianitytoday	1
bado-shanai	1
openwow	1
greathallgames	1
faa	2
tue	1
networkworld	1
dartsearch	3
slashfilm	1
eluniversal	1
trendsmap	1
vans	1
forever21	1
jbgorganic	1
serviporno	1
youtubemultidownloader	1
petsitllc	1
caloriecount	1
freeallmusic	1
nwf	1
infrastructurereportcard	1
healthline	5
element14	1
lpga	1
apple	17
beeradvocate	1
jobhero	1
stack3d	1
analyzemath	1
gravengames	1
data18	1
alexandrafranzen	1
pockethosetopbrass	1
resortatjeffersonridge	3
asus	1
irishcentral	1
rvbonus	1
socalautoparts	1
mygreatlakes	1
tasteofhome	3
tamu	12
googlesource	1
chia-anime	1
amandarockafellow	1
sitepen	1
thelittlebracompany	1
uhd	1
fatestaynightusa	1
civfanatics	1
mercedes-amg	1
visitpanamacitybeach	1
archives	2
geforce	1
maurices	1
tbonetoms	1
brandonsanderson	2
1001freefonts	1
movies24free	1
fnafworld	1
verizonwireless	4
pornhub	42
bananarepublic	3
uncomo	1
greyhoundsunlimited	1
270towin	1
colorcodedlyrics	1
ubc	1
xvideosporno	1
midlothian	1
apartmenthomeliving	1
brazos	1
arcadeprehacks	1
harding	2
fleshandboners	1
rtd-denver	1
discoveryeducation	1
lpandl	1
techsupportalert	1
familytreemagazine	1
gfeforum	1
pecsusa	1
computergeekshop	1
icd10data	3
debian	1
mdlottery	1
rise-gaming	1
westernunion	4
buffalolib	1
ebay	44
mountainlifemedia	1
gmfinancial	1
allmusic	1
gunsinternational	1
baseengr	1
allemsguncraft	1
monsterflooringsale	1
mp3fame	1
dvcrequest	1
rottentomatoes	5
smc	1
rustoleum	2
killernetworking	1
studyisland	1
ahsd	1
renegadehealth	1
eve-search	1
golookup	1
zaful	1
astrology-zodiac-signs	1
globo	1
usaa	3
wellsfargo	8
advrider	1
beachhouseswim	1
blackdesertonline	6
kat	1
sitepoint	1
thefw	1
golfdiscount	1
thecarexperience	1
christianbook	1
sanmarcostoyota	1
orkin	1
ctchousing	1
manydicks	1
mathgoodies	1
