smartconversion	1
woorank	1
statstutor	1
go	13
nickvoice	1
hunaneastrichmond	1
betterhealth	1
klurosu	1
argentastube	1
ehealthforum	1
dol	1
loudountimes	1
yahoo	51
gmx	1
coupons	2
arusiguru	2
nzxt	1
costcotravel	1
pornaf	1
whsv	1
diablowiki	2
cambio	1
stormtrack	1
ford	1
ewrestlingnews	1
tvtoday	1
ruger	1
eonline	1
lovetoknow	1
express	1
thereeftank	1
vectorization	1
sas	1
onlinefreemovie	1
goodhousekeeping	1
momsaware	1
ponggame	1
appsgeyser	1
enriquedans	1
gadzoo	1
bigsoccer	1
snagajob	1
ymcabham	1
lackeyfreeclinic	1
neopets	1
inlinehostblogger	1
simplyrecipes	1
topreviews	1
theperfumedcourt	1
whathifi	1
everfest	1
shipito	1
nu	1
corvetteforum	1
attn	1
realtruck	1
bukalapak	1
desitvbox	1
thewindowsclub	2
daddydaydream	1
bilio	2
massresort	1
ltcdiscussiongroup	1
allaboutcircuits	1
socialblade	1
mssqltips	1
sidereel	3
gistmania	1
blossoms	1
bddatabase	4
instagify	1
junglesvibes1	2
epicgames	1
tcgplayer	1
netivist	1
rendlakecabins	1
sports-reference	1
nfldraftscout	1
fullcracks	1
bestwestern	1
thesweetbeet	1
lostcampersusa	1
shellshocklive2	1
horseclicks	1
whitexxxtube	1
iheart	1
dnaftb	1
henrico	1
gosale	1
vpnbook	1
culturefactors	1
poetryfoundation	1
neogaf	1
gamespot	3
l-com	1
ncscpartners	1
carolinadesigns	1
charlottesvillesolutions	1
github	2
hiltonheadisland	1
searchquotes	1
studyblue	4
windhammountain	1
wmata	2
csusm	1
hindilinks4u	1
makeuseof	1
adult-fanfiction	1
anchorage	2
wvva	1
godlikeproductions	1
drugs	3
rpcs3	1
mozilla	3
cancer	1
businessdictionary	1
largehdtube	1
fitbit	2
altamontco	1
jinfo	1
westchestergi	1
rangevoting	1
wirelesshack	1
creditonebank	1
songlyrics	1
btd5downloadcrack	1
hotmail	1
okcupid	1
thekoalition	1
backcountrypilot	1
arlingtonsoccer	1
wattpad	1
dreamincode	1
amazonadviser	1
bdnews24	1
thepiratebay	4
elitedaily	1
excavatorgames	1
clevelandclinic	1
minecraftforum	1
starcitygames	1
cbsnews	2
opentable	1
miradetodo	1
hentaigasm	1
msn	1
geek	1
sporcle	1
virginiasports	1
heart	1
sickdownload	1
christundwelt	1
trulia	3
imoa	1
racket-lang	1
realitykings	1
speedtest	5
nbc29	1
biblehub	5
bmblogr	1
topman	1
fineartamerica	1
askmyoracle	1
pornktube	1
diyhacking	1
theartstory	1
renewaldermatology	1
unep	1
connectingthreads	1
tesettur	1
menswearhouse	1
warbyparker	1
drugabuse	1
accurateessays	1
hotntubes	1
readwritethink	1
thepioneerwoman	3
realmofmetal	1
vids6	1
moum	1
pornn	1
mit	2
arlingtoncemetery	1
realclearpolitics	1
telltalegames	1
search	4
empowerfcu	1
aweldaw	1
falcon37	1
jlongster	1
bbb	1
airbnb	1
renewableenergyworld	1
neverthirsty	1
wizards	2
rendlake	1
iucnredlist	1
titansallnightgradparty	1
buenplay	1
orkin	1
huaren	1
berkeley	1
kingarthurflour	1
revelist	1
dintaifungusa	1
lenovo	2
vox	1
bauhaus	1
ci	1
cannondale	1
pinimg	5
buzzle	1
washingtontimes	1
ew	2
shockingporn	1
coursehero	10
teatroporno	1
phonearena	1
mr-johal	1
kmart	2
mjjcommunity	1
bankwithunited	1
norskmetal	1
toonzone	1
amtrak	3
masterdownloadmp3	1
bluestacks	1
apa	1
vectormagic	1
hitomi	1
marketwatch	1
pakistanlive	1
roblox	1
offshoreonly	1
escapefromtarkov	1
exorcismus	1
dliflc	1
sbnation	3
thegoldencalfspeaks	1
rockauto	1
prezi	5
tnaflix	1
mediamass	1
info-technique16	1
fws	1
foxholeatheism	1
navy	3
dizimag	1
ashvillevikingfest	1
herecomestheguide	2
scientific	1
wikipedia	168
kabalarians	1
uloop	1
wrestlezone	1
snopes	1
gq	1
greenmountain-construction	1
k12reader	1
python	1
drinkinggamezone	1
hulu	4
virginiaherpetologicalsociety	1
optifine	1
quickbooksonline	1
windowsitpro	1
watchwrestling	1
fxnetworks	1
boxturtlesite	1
wegmans	1
fantasynamegenerators	1
anchorfree	4
move	1
absofttrainings	1
torrentz	1
netflix	4
boundless	1
aryion	1
freelogoservices	1
jet	1
cnn	2
sanaria	1
sportsind	1
jambu	1
archiveofourown	1
watchcartoonsonline	1
nih	7
kickasstorrentsim	1
classzone	1
jerusalem	1
solpass	3
weeklystandard	1
knowing-jesus	1
wtkr	1
wcyb	1
ut	1
inklestudios	1
allure	1
sosializer	1
sdibt	1
healthmonix	1
sciencemadness	1
wordreference	1
catterbox	1
crowdflower	1
rss2search	2
talonro	1
onlinecreditcenter2	1
moviefone	1
thedailynewnation	1
tumblr	10
iphonefaq	1
medialytics	1
idigitaltimes	2
fulton-armory	1
boingboing	1
iinet	1
cracked	1
nudecamschat	1
wikimon	1
barclaycardus	1
movieweb	1
eia	1
google	192
watchmynewgf	1
trivago	1
united-states-flag	1
icloud	1
verywell	1
nme	2
boardgamegeek	1
freepik	1
time	3
chicagotribune	2
avclub	1
wix	1
science-forums	4
repperpatterns	1
fairfaxracquetclub	1
myreadingmanga	1
osym	1
thehackernews	1
gamegenie	1
thesimscatalog	1
authorize	1
thomasandtalbot	1
nc-educationlottery	1
vistriai	1
gigabyte	1
vrbo	4
accordions	1
tsrtconline	1
abcya	1
wsls	1
artspacegallery	1
bible	1
odu	5
lg	1
sfgate	2
notjustnumbers	1
parasitipedia	1
informer	1
astrogaming	1
about	4
googleusercontent	1
mainstreethub	1
hotstar	1
capitalessaywriting	1
wamu	1
rohypnolabusetreatment	1
motoparthub	1
kohls	3
av1611	1
communityamerica	1
varf	1
citizensbank	1
visoftwares	1
mrfree09	1
usda	1
zombienightterror	1
hidemyass	1
lotrointerface	1
vasra	1
toyota	1
tumangaonline	2
chemicool	1
modpodgerocksblog	1
instructables	5
image-line	2
baseball-fever	1
ifixit	1
tecnofun	1
invitationonlycharleston	1
merriam-webster	4
cios	1
askmen	1
publicstorage	1
opendoorpc	1
marvel	1
offerupnow	1
carcarekiosk	1
callerlookupapp	1
diabloii	1
sunstonecounselors	1
reuters	1
nbcsports	1
mymopar	1
whatshewilldo	1
plowhearth	1
putlocker	1
ratemyprofessors	1
nikonusa	1
crosman	1
songkick	2
libertygames	1
bg	1
malaysiatercinta	1
immihelp	1
thedomesticgoddesswannabe	1
alim	1
nasa	1
tophoven-gmbh	1
wrestledelphia	1
olx	1
webmd	8
defineamerican	1
d2legit	1
theboombox	1
ragasurabhi	1
buzzfeed	4
gsmarena	1
store-locator	1
docbrown	1
purcellvillegazette	1
wlky	1
pathofexile	1
yubuporn	1
flooranddecor	1
youngpornvideos	1
adobe	4
groupon	5
videosturras	1
jalopnik	3
tukui	2
carpet-wholesale	1
pegasusautoracing	1
moovyshoovy	1
savedeo	1
notjustok	1
hbonow	1
bonsecoursarena	1
knfilters	1
geeksforgeeks	2
newportwm	1
teamfortress	2
estately	1
tubepatrol	1
rockontherange	1
theacc	1
cdc	2
ucdavis	1
beachstore	1
xbox	2
porntrex	1
ketemulagi	1
refdesk	1
arlingtonmagazine	1
veracityglobal	1
serangkab	1
epa	1
kayak	1
ihg	1
securitytube	1
xojane	1
tapemovie	1
shape	1
hentai2read	1
247wallst	1
b3industri	1
advanceautoparts	2
daybreakgames	1
servodatabase	1
royalcaribbean	2
ups	1
octopusthrower	1
eftps	1
columbusneighborhoods	1
carnival	2
aol	1
trackedmusic	1
couponsherpa	1
adult-sex-games	1
subscene	1
allrecipes	5
vgreene	1
skyscanner	1
coldmice	2
eurail	1
jcafe24	1
fixnation	1
goodtastechinese	1
easterns	1
hrzone	1
forsalebyowner	1
windowsnetworking	1
hanhonggroup	1
wisc	1
palousemindfulness	1
emulator-zone	1
remodelrepairreplace	1
sysco	1
tvguide	2
damndelicious	1
prezzybox	1
simplysweet2001	1
facebook	75
biblegateway	4
motorcycle	1
detroitsportsnation	1
wolframalpha	2
aplaceformom	1
steampowered	3
medhelp	1
cookinglight	1
thehulltruth	1
venmo	1
gandermountain	2
rock30games	1
filmey	1
starbounder	1
cyclenews	1
seaworldparks	2
pioneerfarmequipment	1
brainly	1
plaidhatgames	1
soundcloud	3
letgo	1
positivelyvegan	1
target	6
kodicommunity	1
sweetwater	1
elchoyerotv	1
obilet	1
bigskyfishing	1
pentagon	1
archive	3
gazebosim	1
avalonacoustics	1
livescores	1
onlinemoviesgold	1
weebly	3
ronaldo7	1
maithai	1
skype	1
flypgs	1
tripadvisor	12
lsm	2
pinterest	15
riversidememorialchapel	1
nvgsa	1
redroof	1
getpureperformance	1
mangahere	1
mystore411	1
dictionary	2
thecannabist	1
kinghuachinese	1
deutschland123	1
googleblog	1
americanexpress	2
pollypocket	1
mercosur	1
squareup	2
groupfusion	1
priceza	1
overdrive	2
cdnnsports	1
masterrussian	1
deordenadores	1
seriouslyomg	1
torrentkim3	1
msnbc	1
whatismyv6	1
collegeboard	1
vibe	1
husson	1
howstuffworks	1
dr	1
cosmopolitan	1
businessinsider	3
microsoftonline	2
bleacherreport	2
leboncoin	1
mbakbro	1
masstimes	1
npmjs	1
eortologio	1
cbf	1
findagrave	1
airforce	1
timeanddate	2
teamliquid	2
creationswap	1
inova	1
saintjohnleesburg	1
videoblocks	1
streema	1
utah	1
thecarconnection	1
clubwyndham	1
hdporntime	1
bringmethat	1
thehighroad	1
cnet	4
vla	1
turntableneedles	1
serverfault	2
asos	1
feelingfoodish	1
richmond	2
jkavirginia	1
thesquareapartments	1
stubhub	1
vcu	3
yibada	2
unc	2
gallerydirect	1
watchdbzsuper	1
iqtestforfree	1
kittensforadoption	1
gardenweb	2
minecraft-server-list	1
atitude-critica	1
beamng	1
liberty	1
altisliferpg	1
aaa	1
extradeportes	1
monteverderusticlodge	1
tjhsst	1
erse	1
popsugar	1
pokercc	1
ablecomm	1
cpclib	1
pornado	1
linuxmint	1
fextralife	3
jeux44	1
oneplus	1
chegg	7
quotev	1
ilounge	1
mensfitness	1
taleofthenight	1
sfarmadroguerias	1
historicrichmond	1
militarytransitionblog	1
forumcommunity	1
loginfaster	1
whatsapp	2
jobing	1
maths	1
majorgeeks	1
navyfederal	2
megashare8	1
nordstrom	1
thelittlekitchen	1
1633	1
ncdsv	1
nytimes	5
spore	2
toast	1
linkedin	9
couchsurfing	1
wowhead	3
worldatlas	1
skateamerica	1
nba	1
nhk	1
brainpop	1
goldupskirt	1
twcenter	1
longtermcare	1
hanumavega	1
xg4ken	5
jmu	1
npr	1
delta	1
toranacleanair	1
upodn	1
hannspree	1
holyclothing	1
murrayledger	1
phschool	1
yourfirefly	1
computerworld	1
electricscooterparts	1
retailmenot	4
daisyyellowart	1
scalemodelguide	1
openthefile	1
carytowncrier	1
buschgardensvablog	1
thepondguy	1
totallytarget	1
playbuzz	1
cnipr	1
alanfurst	1
java	1
nestlearning	1
youtube	238
myheritage	1
medicinenet	1
couponcabin	1
nudevista	2
handtoelbow	1
yes	1
edfinancial	1
birofis	1
sunnydayguide	1
washingtongas	1
crackle	1
battlefield	1
taringa	1
tacklewarehouse	1
taobao	1
chainreactioncycles	1
army	1
multimonitorcomputer	1
emtcompany	1
gamesheep	1
utexas	2
tv8	1
skepticproject	1
diamondpaintingkit	1
reading-tutors	1
hornyyoungpussy	1
bachmanntrains	1
markakalem	1
blazepress	1
chaosgroup	1
parents	1
bestbullysticks	2
autozone	1
nonton	1
homedepot	3
appstate	1
ereyon	1
cut-the-knot	1
sacred-destinations	1
edweek	1
fullserials	1
roslyncenter	1
findmyfbid	1
muchohentai	1
education	2
bettycrocker	1
flashcardmachine	1
hikewnc	1
importrp	1
boltbeat	1
telegraph	2
peliculasmega1k	1
gamewinners	1
thekitchn	2
lamar	3
arianaafgtv	1
shutterfly	3
gamestop	1
justjared	2
williams-sonoma	1
infoplease	1
ilovestickyrice	1
reapermini	1
kickstarter	1
7chan	1
calzedonia	1
libertymutual	1
picmonkey	1
alpada	1
buffiniandcompany	1
craigslist	17
usps	3
4inkjets	1
weather	8
thesaurus	1
camgirls-videos	1
ashboroughapts	1
morningstar	2
justanswer	1
dom	4
forrent	1
babynames	2
storesupply	1
rue21	1
modthesims	1
carcomplaints	2
megashare	2
leagueoflegends	2
avvo	1
crackznet	1
surveymonkey	1
themathpage	1
pokemondb	1
cornerstonefarm	1
genius	3
ohsheglows	1
horoscope	1
kxro	1
patreon	1
swansonvitamins	1
suicidepreventionlifeline	1
chipublib	1
yellowpages	4
mobafire	2
levelbased	1
preschool-plan-it	1
geenergyconsulting	1
rcdb	1
unitconversion	1
tappedout	1
mcmaster	1
jdate	1
mydccu	1
fivethirtyeight	1
stlbeds	1
silencershop	1
digital-photography-tips	1
beastiality-movies	1
byu	1
sswprinting	1
booksfree	1
producerspot	1
univie	1
firstwefeast	1
vmware	1
gamekiller	1
jcpenney	5
eveonline	1
bandsintown	1
recordholders	1
displayport	1
123child	1
casadasalete	1
deletefacebookproxy	1
veggiegardener	1
dactrung	1
mega-descarga	1
fatfreevegan	1
experian	1
katespade	1
dominicancupid	3
gogoanime	1
namrom64	1
tacobell	1
duang-fashion	1
filmesonlinegratis	1
naturalnews	1
homeadvisor	1
maine	1
gotest	1
janaydempsey75	1
androidkade	1
ryerson	1
aleks	2
arizona	1
gradesaver	1
diablofans	1
auctionzip	1
krogerkrazy	1
manualslib	1
joyreactor	1
fourhourworkweek	1
oyster	1
binsearch	1
dsarms	1
thenorthface	1
majorleaguegaming	1
foodnetwork	4
deviantart	1
pagespak	1
khanhhoa	1
mofos	1
sheetmusicplus	1
feed-the-beast	1
alaska	1
mirror	1
hola	1
muscleandstrength	1
credoreference	1
hizlial	1
study	4
bhphotovideo	1
myspacegens	1
younglivingwithsteph	1
larousse	1
fcps	2
sitejabber	1
jeanhailes	1
chickensmoothie	1
gwu	1
themabexperience	1
nsu	1
uii	1
tomshardware	5
pamlico	1
priceline	1
dignitymemorial	1
simple-talk	1
gza	1
bestreviews	1
examsolutions	1
theepochtimes	1
thevinylfactory	1
eastoftheweb	1
adage	2
intuit	3
fantasypros	1
jobsinme	1
hdviet	1
tested	1
bayportcu	1
gamesradar	1
mileswmathis	1
wadespoint	1
fixya	1
girlscouts	1
drtuber	1
elitedangerous	1
yugiohtopdecks	1
teknosa	2
fullbdmovie	1
fairfaxcounty	2
geek-related	1
nhl	2
edmunds	4
couchtuner	1
bignox	1
greybox	1
chron	1
onlineauction	1
dorkly	1
boomphilly	1
pepsi	1
radiolabs	1
gezginler	1
cpu-world	1
japanmobiletech	1
windows8ny	1
creditcards	1
sexhardporn	1
designscrazed	1
vanillagaming	1
upforit	1
potterybarn	1
indeed	6
wapka	1
cartalk	1
info	1
beaconbingo	1
csjsl	1
techspot	1
ezchildtrack	1
freewebs	1
eat24hours	1
netocentre	1
hireahelper	1
cvilletaxi	1
uaeresults	1
ancestry	2
grainger	1
studypool	2
fender	1
experienceproject	1
techtarget	4
onthesnow	1
toysrus	1
autotrader	1
psychiatryonline	1
vanswarpedtour	1
mendeley	1
coolrunning	1
giantnerd	1
investdavenport	1
steamcommunity	3
fullbeauty	1
chat-avenue	2
play-asia	1
realitytvworld	1
physicsforums	1
bustle	3
watchmyexgf	1
squarespace	1
southwest	1
marymount	1
emuparadise	1
battle	7
churchfinder	1
logogenie	1
chrisducker	1
heraldcourier	1
connect4education	1
regentsprep	1
windowsecurity	2
downloadming	2
readymaderesources	1
sway	1
sprinklerwarehouse	1
fieldandstream	1
arlingtonva	1
harmonycentral	2
filmesonlinenopcgratis	2
ucsb	1
gaybubble	1
stronglifts	1
eastbay	1
loverslab	2
furaffinity	1
cracx	1
afghanhoundpedigrees	1
kingsdominion	1
globalissues	1
veterinarians	1
youtube-mp3	3
kissanime	1
freepornq	1
tv	1
riverratyachtclub	1
caribbeancaterers	1
accountingtools	1
cabelas	2
memurlar	1
harpersbazaar	1
citimortgage	1
waterwayparts	1
stupidedia	1
polyvore	1
nco	1
riyadhedu	1
guitarnoise	1
wvu	1
prekinders	1
realtor	1
acehardware	2
chickensforsaleinva	1
deathmetal	1
2kcams	2
anthem	1
9to5mac	1
andysautosport	1
barnesandnoble	2
lokerhotel	1
fandango	3
alodokter	1
fundacion-jrj	1
orderup	1
calendariobolsafamilia2015	1
yale	1
mlive	1
csgostash	1
frontier	1
therockbjj	1
comvoicesonline	1
d20srd	1
ccm	1
dokiliko	1
nesaporn	1
everythinghappytheman	1
wikihow	7
hiphopsince1987	1
slate	1
vrindavanstore	1
sct	1
networkcamerareviews	1
importavehicle	1
state	3
susansselections	1
regus	1
firstteamsubaru	1
americasmotorsports	1
albaenglish	1
9alami	1
pearsonschool	1
irs	1
runnersworld	1
prodirectsoccer	1
ultimateprivateservers	1
1stopmarketingsolutions	1
minecraftservers	1
chase	1
wrestlinginc	1
ratatype	1
gethuman	1
wordfind	1
noobsandnerds	1
health	1
camplejeunehousing	1
xvideos	22
microcenter	1
ptsd	1
si	2
chriscouture	1
aflam	1
canon	1
aueducationsupport	1
khanacademy	1
firstpost	1
aa	3
alicdn	1
scamaider	1
interglacial	1
mayoclinic	3
nissanusa	1
fptsieutoc	1
photofunia	1
publicrecords	1
tbmm	1
ncsl-soccer	1
technicalworldofme	1
emudesc	1
stackoverflow	9
nafeco	1
g-force	1
megafon	1
foxsports	1
sunrealtync	1
natgeotv	1
microsoft	8
freepornx	1
senmanga	1
vg247	1
thedivineconspiracy	1
online-seriali	1
kuldnebors	1
hobbyworldinc	1
tuskies	1
mujersisimas	1
scarlets	1
cheathappens	1
top10antivirussoftware	1
adoptapet	1
uscis	1
behindthesteelcurtain	1
bikesunlimited	1
stardewvalleywiki	1
theverge	1
ankisrs	1
securitiesamerica	1
m4ufree	1
onehundreddollarsamonth	1
isasf	1
siapbisnis	1
weibo	2
zone-telechargement	1
sixspotsoftware	1
starz	1
zmenu	1
nordstromrack	1
autoblog	1
techhive	1
eatc	1
fatsecret	1
csgoroulette	1
explorerforum	1
spotify	2
bookfinder	1
pediped	1
aetherapparel	1
pcadvisor	1
imaanboutique	1
0-60specs	1
ayton	1
clevelandbrowns	2
parentspowwow	1
bbtactics	1
abssexy	1
tushyporn	1
techtudo	1
wordpress	11
complex	2
bluehost	2
mediometro	1
averett	1
fr-online	1
twitter	20
hearthpwn	3
istanbulbilisim	1
camaro5	1
amway	1
viva	1
blogspot	2
mwcboard	1
supershuttlecr	1
riddleministry	1
timneytriggers	1
psychologytoday	2
consolegameswiki	2
enotes	1
lyriczz	1
banggood	1
caci	1
thebarnpresents	1
hbo	1
dhgate	1
tomsguide	1
history	3
michaelkors	1
gunadapters	1
hindawi	1
nerdwallet	1
cybermonday2015	1
6pm	1
kizi	2
dfas	1
ripoffreport	1
misou	1
game-requirements	1
pawesomecats	1
lingorado	1
blaircrimminsandthehookers	1
ezsoftech	1
ae	1
cyberciti	1
office	3
kofassociates	1
stitchesandloveblog	1
cmu	1
stopandshop	1
northeastshooters	1
belk	1
officearticles	1
thewirecutter	1
underarmour	1
softonic	2
tomshw	1
bibme	1
hongkiat	1
kastatus	2
gardensalive	1
civilica	1
ecstuning	1
bleedinggreennation	1
uploaded-free-download	1
hlj	1
dpstreaming	1
allwrestling	1
cheatsheet	2
cristal	1
vocabulary	1
gamepedia	6
rawstory	1
mlb	3
samsung	3
pcl	1
namivirginia	1
babycenter	1
desura	1
truyentranh8	1
agar	2
shufa	1
cinepinoy	1
kaskus	1
skout	1
lpsg	1
citymayors	1
shi-no-kakaku	1
angieslist	1
myfitnesspal	1
masschallenge	1
sakura	1
1aauto	1
sweetgreen	1
lillypulitzer	1
betterbeachrentals	1
wunderground	2
printrunner	1
carstereoremoval	1
eventful	1
ilosport	1
www	1
gamcore	1
submittable	1
ruten	1
motorola	1
lesnumeriques	1
wdrb	1
2wd	1
bahbah	1
finegardening	1
jenslist	1
livepornchat	1
marijuana	1
expedia	3
gulshaan	1
imagepost	1
fastmaps	1
dell	2
nudistube	1
escapistmagazine	2
cat-world	1
m2indonesia	1
chacha	1
sporebase	1
airforcetimes	1
7mlha	1
nbc	1
raincityguide	1
bellotube	1
mbaforexnoti	1
patricknagel	1
mtgprofessor	1
rapmls	2
islamicity	1
hearthstonetopdecks	1
gardeningwithherbee	1
montgomerycollege	1
tinytake	1
youporn	3
android68	1
kentucky	1
thefactsite	1
flipkey	1
accuweather	4
advfn	1
sheknows	1
justporno	2
koofers	1
zomato	1
etownschools	1
budget	1
monster	1
lolking	1
cliffsnotes	1
nerve	1
siebert-realty	2
slimwareutilities	1
kidshealth	1
nascar	1
lotto	1
artstation	1
superuser	1
digitaltrends	1
manyvids	1
starlitedrivein	1
xtube	1
frostburg	2
cooks	1
twowheeledtourist	1
transtutors	1
hollywoodbowl	1
islamreligion	1
wenku1	1
hackedarcadegames	2
fisherinvestments	1
namegeneratorbay	1
iplt20	1
nourishedkitchen	1
pri	1
caregraf	1
oyunskor	1
simplyhired	2
bernardiparts	1
empireford1	1
t-mobile	1
tknawa	1
taoism	1
truecar	1
sweetfiredonnas	1
redwingshoestore	1
dailypress	2
backyardchickens	1
gotobus	1
ross-companies	1
redtube	2
translatorscafe	1
1d4chan	1
asianfoodgrocer	1
y8	1
bongacams	1
blogrenanda	1
indexmundi	1
cockatiel	1
roserver	1
freezingblue	1
x2xx	1
sahabweb	1
allmenus	1
kyozou	1
hitfilm	1
heroquizz	1
goduke	1
nursebuff	1
nasioc	1
eatsweetleaf	1
mp3-juices	1
houzz	1
innov8tiv	1
atlanticuniv	1
webqc	2
java2s	1
nwfcu	2
directv	1
completetractor	1
ft	1
live	4
pornalized	1
almanar	1
backpage	2
ingunowners	1
cardgamesolitaire	1
whatishumanresource	1
amazon	58
juno	1
menn	1
bravocompanyusa	1
galaxystore	1
who	2
civica	1
pmi	1
nescompany	1
fiuxy	1
webbikeworld	1
addapinch	1
thewrecks	1
icculus	1
nbc12	2
jmbullion	1
hunangardenchinese	1
hepsiburada	2
systemax	1
robotiq	1
armaholic	1
weddingwire	1
paragontheaters	1
buymilsurp	1
cisco	3
gunauction	1
billboard	1
lorealparisusa	1
oakviewbank	1
antsmarching	1
lynsaysands	1
hearthsidecabinrentals	1
lamega	1
listchallenges	1
mobilestan	1
sahibinden	2
realmodscene	1
larrysfishinghole	1
geico	1
geektv	1
appass	1
iichip	1
audiocastle	1
orangecountyva	1
pac-clad	1
princeton	2
fishpineisland	1
goodsearch	1
games	1
mytvfree2	1
instagram	7
strongracks	1
wsj	3
tirerack	1
nocookie	1
wtvr	1
golfgalaxy	1
ska-studios	1
whitesoxinteractive	1
gamefaqs	16
lolskinview	1
christianmingle	1
televisa	1
crunchyroll	3
rpgnow	1
gamersky	1
unchecky	1
nbaplayoffsbracket	1
goodreads	5
sweetfrog	1
myfico	1
stevehoffman	1
last	1
tubegalore	1
hextcg	1
virginmobileusa	1
candylist	1
pixlr	1
realsimple	1
vk	3
amd	1
infrance	1
cityfeet	1
fauquierfreecitizen	1
loseit	1
findlaw	1
projectsalute	1
jfkhistory	1
eporner	2
survivalistboards	1
freitag	1
etrailer	1
familysearch	1
engadget	1
ssa	1
optimahealth	1
moe	1
tafsiralahlam	1
profitconfidential	1
sina	1
searspartsdirect	2
box-officetickets	2
imfdb	1
breathmatters	1
aliexpress	1
vbschools	1
astrology	1
dominos	1
statusbrew	1
pec	1
mmovie	1
crutchfield	4
sharonre	1
grantome	1
carls-sims-4-guide	1
countrybrewer	1
nydailynews	1
gamejolt	1
alchemyengland	1
overstock	4
garfieldminusgarfield	1
magnumboots	1
offensive-security	1
ptable	2
democratandchronicle	1
tcc	1
librarium-online	1
careerbuilder	1
hasanapp	1
straightdope	2
ni	1
brit	1
mashable	1
learner	1
profootballfocus	1
milversite	1
intelligentoffice	1
acemyhw	1
tekkenzaibatsu	1
powerball	3
nvcc	4
rolltide	1
umich	1
vt	5
tundratalk	1
gradestack	1
choicehotels	1
mybatv	1
duckduckgo	1
pep	1
free-spider-solitaire	1
solidworks	1
metrolyrics	1
stanford	1
youfreeporntube	1
dealnews	1
ning	1
northerntool	2
yuku	1
twitchquotes	1
tomsitpro	1
talongungrips	1
quora	7
o2	1
project1999	1
theguardian	2
calorieking	1
weedshop	1
iitkgp	1
finecooking	1
amateurcamgirls	1
bagirtabagirta	1
cvs	1
destinydb	1
nationals	1
legacyhuntfishcamp	1
travelocity	2
supercheats	1
nepaljapan	1
mop-veins	1
blindbrook	1
americanmuscle	1
applianceblog	1
dailymotion	6
positano	1
steamlocomotive	1
macrumors	1
wikia	55
hogshaven	1
festevents	1
nngov	1
alfondohaysitiohd	1
androidpit	1
vtv	1
phimmoi	1
namu	1
ucuzarat	1
nielsen	1
battleborn	1
easyviruskilling	1
torrentfreak	1
apartments	1
fas	1
zerochan	1
levi	1
intelius	1
forbes	5
kisspanda	1
thesun	1
bom	1
gosugamers	1
tapinto	1
walmart	13
bodybuilding	4
prisoners14	1
nist	1
coolmath	2
teacollection	1
wrightfuneralservices	1
holisticfamilypracticeva	1
hollywoodtake	1
akakce	2
rightdriveusa	1
biography	3
poolsupplydelivery	1
dandwiki	2
eltiempo	1
hdonline	1
unicorns	1
ytimg	1
linuxbsdos	1
anniesremedy	1
hydrangeashydrangeas	1
sf0	1
coderbag	1
bing	2
sears	2
phun	1
food	2
planetminecraft	1
indo-bokep	1
megaessays	1
euronuclear	1
waveland	1
mtvindia	1
complaintsboard	1
repelis	2
bittorrent	1
3dlat	1
tracfonereviewer	1
hireteen	2
guildwars2	3
it168	1
sacredheartmanassas	1
medtronic	1
mormonstories	1
customink	1
animestigma	1
peerform	1
macroplant	1
descargatelocorp	1
jbtorrent	1
pioneerelectronics	1
xtremesystems	1
jakprints	1
flightaware	1
kotaku	1
christchurchcville	1
diynetwork	1
foodlion	1
norfolkflorist	1
typingtest	1
twiddy	1
imgur	5
accountingcoach	1
pornblognews	1
landandfarm	3
biglots	2
warwick	1
vimeo	1
quizlet	38
amateurview	1
oracle	2
knoji	1
konisurabaya	1
corcodilos	1
tip	1
mphim	1
imgsrc	1
sardrones	1
alternet	1
juneauempire	1
sungyesa	1
fc2	2
morganmcclurechevy	1
behindthename	1
childcarelounge	1
secretbuilders	1
cruisedirect	1
nogripracing	1
riamoneytransfer	2
jhu	3
joann	1
homes	1
virginia	20
thingsremembered	1
allpropertymanagement	1
lecknernissan	1
bigsex	1
memrise	1
jlab	1
ahrq	1
searchlock	4
myperfumesamples	1
rainbowshops	1
watchseries	1
tuxtorrent	1
vanguard	3
staples	1
vasosonking	1
cox	2
websudoku	1
iastate	1
halhigdon	1
sugarkissed	1
pokexperto	1
papajohns	3
fedoraproject	1
uscapitolclassics	1
howtogeek	2
myrecipes	1
newsplex	1
commissaries	1
akc	1
xfinity	4
seismicaudiospeakers	1
computerworm	1
scaryforkids	1
sky	1
oldnavy	1
greenlizardcycling	1
jiskha	1
priortax	1
net-burst	1
festivals-and-shows	1
coopervision	1
usaswimming	1
academia	1
englishforum	1
carmax	1
desiplex	1
smart-torrent	2
letsjerk	1
walksofitaly	1
dafont	1
motorcyclenews	1
firstrowsportes	1
monochrome-watches	1
thesims3	1
beforeitsnews	1
aessuccess	1
uline	1
totalwine	1
novaskin	2
alleydog	1
socialstudiesforkids	1
04uk	1
biology-online	1
0to10	1
microstrategy	1
megagames	1
famusfilm	1
healthgrades	1
gosmith	1
johnhorneguitar	1
journeys	1
thetubestore	1
adorama	1
fbcalexandria	1
polygon	1
jetgames	1
hikebiketravel	1
allinblindmusic	1
cewe	1
best-whiteningstrips	1
heartbeatpleasure	1
wikimapia	1
raspberrypi	1
musica	1
re-worship	1
bandcamp	1
technicpack	1
honeywellprocess	1
tinkercad	2
comereason	1
meetme	1
rothco	1
ppcsecure	1
alibaba	2
gardenbetty	1
w3schools	5
arstechnica	1
kurzweil	1
visual-paradigm	1
superlinkdirect	1
buchanansubaru	1
gunbroker	1
citationmachine	3
testmy	1
ecu	1
hubpages	1
jefflilly	1
med-iq	1
jquery	1
amc	1
zazzle	1
bukusap	1
erbol	1
westernvawater	1
vtmotorsports	1
regmovies	3
makeagif	1
jstor	2
sciflight	1
windows2universe	1
wikidot	1
petsmart	1
iucn	1
mariowiki	1
popeye-x	1
pcworld	1
dot	1
samsclub	2
bestdealmagazines	1
calendarpedia	1
hollisterco	1
koimag	1
chewy	2
familyeducation	1
excaliburdehydrator	1
startpage	1
slickdeals	1
usatoday	6
rsc	1
yupptv	1
scottgames	1
melhoresdestinos	1
skatefrederick	1
vitra	1
lastfm	1
ehow	1
apnaview	1
bhagpuss	1
lapagina	1
jcpalerts	1
theandroidsoul	1
theladders	1
burnthday	1
thefreedictionary	3
musicradar	1
lehmans	1
milliyet	1
iplusbuzz	1
gifnsfw	1
avon	1
ticketsnow	1
pcgamer	1
conncoll	1
nexusmods	7
wayang	1
thephilosophersmail	1
uh	1
driving-tests	1
nike	3
soccerway	1
fotosklad	1
playstation	1
nationalreview	1
whitepages	2
publishingresearchconsortium	1
learningace	2
hackmethod	1
newgrounds	1
valottery	3
oxforddictionaries	1
koonstoyotatysonscorner	1
veterinaryapparel	1
newegg	4
clarksusa	1
thanhthuy	2
bike24	1
pilotonline	1
twibbon	1
scalemates	1
poe	1
zenithgames	1
studysoup	1
bankrate	1
bikereg	1
acadiaworkshopcenter	1
sraa	1
aeropostale	1
dcjobs	1
miniclip	2
imdb	19
ibtimes	1
bershka	1
phandroid	1
hiddenpurls	1
thehun	1
tmsparts	1
jeepsareus	1
linternaute	1
childtrends	1
ftd	1
choiceadvantage	1
towerhobbies	1
brainyquote	1
thefastdiet	1
dancarlin	1
providentmetals	1
reservations	1
comicbookmovie	1
progressivetractor	1
wordcounttools	1
thehotelnexus	1
gekso	1
globalgolf	1
diyncrafts	1
isi	1
portraitprofessional	1
bestbuy	3
sciencebuddies	1
wiktionary	1
futhead	1
theislandhouserestaurant	1
apktrunk	1
ed	1
thetruthaboutguns	2
ofracosmetics	1
hclips	4
porkbeinspired	1
macys	7
spankbang	2
com	2
enterprise	1
duelskins	1
georgetown	1
thefederalist	1
ciplawyer	1
aljyyosh	1
silverlock	1
syracuse	1
acps	1
mccslejeune-newriver	1
knowyourmeme	4
ftpress	1
theamericancollege	1
match	3
wmur	1
turtleboysports	1
chrysler	1
shmoop	1
turnitin	1
aptoide	1
nationwide	1
lifehacker	2
onlinerecorded	1
gokano	1
airheadparts	1
crescentplaceleesburg	1
apnic	1
usembassy	2
nays	1
thebirdersreport	1
olivegarden	1
playdomforums	1
englishteastore	1
bbt	4
endless-space	1
sourceforge	3
90di	1
easybib	2
drdavidwilliams	1
shellshocklive	1
rendlakemarina	1
washingtonpost	5
buzzmonclick	1
lww	1
wwe	4
epicurious	3
nvidia	1
dailymail	2
fapvidhd	1
get	1
harrisgeospatial	3
androidcentral	2
thegrandparadise	1
123movies	1
alternativeto	1
uol	2
valuecityfurniture	1
harrisonburghonda	1
porneq	1
msi	1
uwyo	1
easydamus	1
directbuy	1
easynotecards	1
kisscartoon	1
lowes	6
kkoworld	1
tvtropes	1
proctoru	2
outerbanksrentals	1
cornell	1
baocltinuk	1
theautoconnection	1
jabcomix	1
ign	6
panerabread	1
transportation	1
paconservativereview	1
lds	1
cinemablend	5
lafitness	1
freeinvoicecreator	1
funimation	1
xnxx	4
lmu	1
fibromyalgia-symptoms	1
bayjournal	1
gw-supermarket	1
healthyandactive	1
modelmayhem	1
theconcordian	1
best-venice-italy-holiday	1
mintools	1
icy-veins	3
marriott	1
nyandcompany	1
txture	2
urbandictionary	4
zillow	9
ollomalibu	1
cimri	1
dailypioneer	1
mango	1
charter	1
hbogo	3
mlbgsd	1
wm	1
greatist	1
fileget	1
smartypantsvitamins	1
nicovideo	1
crabplace	1
direct-access	1
hotnewhiphop	2
shiats	1
hammernutrition	1
biggamehunt	1
hp	2
globalriskinsights	1
thebanmappingproject	1
competitor	1
daftarperusahaan	1
costco	1
animaljam	3
caranddriver	1
walgreens	1
confidentialphonelookup	1
shotgunworld	1
newyorker	1
latintimes	1
thescat	1
streamfree	1
sinonimos	1
minecraftyard	1
vccs	3
toshiba	1
stackexchange	9
usajobs	1
foundersinn	1
census	1
livecareer	1
dtiblog	1
smith-wesson	1
rennlist	1
livestrong	3
iffgd	1
lpu	1
maratonadiroma	1
carrentalexpress	1
ncqa	1
purdue	2
marines	1
famousbirthdays	1
houseofnames	1
musicfestivalwizard	1
understood	1
cndcymru	1
thecrimson	1
encyclopedia	1
23andme	1
jonesday	1
scrubly	1
monticellofallschurch	1
estudiarlabiblia	1
sigmaaldrich	1
tutsplus	1
overboard	1
datpiff	1
finseafood	1
mathworks	4
socscistatistics	1
searsauto	1
rendlakeresort	1
capitalone	1
smallbiztrends	1
coreos	1
reddit	62
zdnet	1
boyner	1
dcnepal	1
clubcivic	1
psu	2
clydes	1
teachingvisuallyimpaired	1
hyatt	1
geteasysolution	1
generationtux	1
pearsonmylabandmastering	2
apsva	1
themeparkinsider	1
analyse-sectorielle	1
spacemov	2
kaiserpermanente	1
tacomaworld	1
iobit	1
discovergoodnutrition	1
pearsoncmg	1
0nit	1
yummly	1
verizon	5
uniprot	1
wusd	1
bri	1
foter	1
tentree	1
infojobs	1
ediblearrangements	1
honda-tech	1
att	1
anysex	1
avast	2
thebuddyforum	1
azcentral	1
gittigidiyor	1
hallmark	1
purplemath	1
searchall	1
baseball-reference	1
merchantgould	1
proflowers	2
supercell	1
polyu	1
theweddingcommunity	1
polishedbycv	1
marinesource	1
dickssportinggoods	1
eventbrite	2
azlyrics	2
xahoi	1
dunbarton	1
yelp	8
swcenter	1
radaronline	1
twitch	3
visitcostarica	1
bankofamerica	3
rareearth	1
blog	2
bbc	4
ivipid	1
wings	1
cleveland	1
inmobilia	1
geniusexperiment	1
movie4k	1
charlotterusse	1
shoescupandcork	1
progressive	1
iyte	1
crappie	1
techtimes	2
audiblefidelity	1
asrock	1
2p	1
caasports	1
wranglerforum	3
sumerduckdragway	1
tattoodo	1
bytes	1
slideshare	1
actron	1
usnews	1
dropbox	1
kioptrix	1
scribd	5
nbcnews	2
coderanch	1
tv9	1
gunsandammo	1
kingjamesbibleonline	1
pof	1
techguy	1
vmf	1
pussyspace	1
strongbonds	1
nfl	6
ostia-antica	1
harborfreight	1
answers	3
barcelonawinebar	1
smartdraw	1
rei	2
wccftech	1
mapquest	3
panpages	1
bmwofalexandria	1
narvii	1
kbb	2
thewebcam	1
consolecolors	1
funchoke	1
bulbagarden	1
bluelight	1
crictime	1
store4g	1
americanweighscale	1
cheatbook	1
fanfiction	4
thenewstack	1
huffingtonpost	4
mosaicbooks	1
sunliner	1
garmin	1
nintendo	1
kennedy-center	1
gmu	6
ssfobitung	1
kroger	2
hurriyet	1
uvawise	1
wineryatlagrange	1
flowerdeliveryexpress	1
alliancechronicdiseases	1
fleta	2
metafilter	1
xe	1
ilbe	1
pizzahut	1
jeepsunlimited	1
connectmath	1
experiencecalvary	1
blackboard	2
skywriting	1
etsy	6
downloadbokep	1
gm-trucks	1
thewandereronline	1
zeustheaters	1
marxists	1
neoprofs	1
converse	1
arbys	1
razerzone	2
mamamiapizza	1
livesong	1
evga	2
skyscrapercity	1
keurig	1
putmv	1
mp3	1
oldielyrics	1
lesbaer	1
city-data	1
huggies	1
tube8	2
franchisesolutions	1
corsair	1
charlescountymd	1
bonnieplants	1
couponbox	1
nortextile	1
dartsearch	1
eluniversal	1
boisestate	1
forever21	2
iscrapapp	1
singer-featherweight	1
menshealth	1
viviralmaximo	1
gaedrip	1
sonnenschirm-oase	1
dccomics	1
healthline	2
apple	10
ibis	1
downloadha	1
economicsonline	1
bt	1
asus	1
military-hotels	1
tasteofhome	1
jprossflyrods	1
gizmag	1
tvbanter	1
mindmapping	1
vacrusaders	1
frtyb	1
atlaspublicrecords	1
sirkenayo	1
brightguy	1
verizonwireless	1
pornhub	12
horsetrailerworld	1
arcadeprehacks	1
adult-sharing	1
b2bpakistan	1
odovo	1
virginiamason	1
kkp	1
wordhippo	1
albemarle	1
gomiblog	1
catholic	2
pre-kpages	1
contebikes	1
maturemoms	2
capitalone360	1
westernunion	1
ebay	21
armine	2
allmusic	2
ikea	1
orthodox-jews	1
logoworks	1
bahanbelajarsekolah	1
rottentomatoes	2
astrology-zodiac-signs	1
gibson	1
usaa	3
wellsfargo	3
blackdesertonline	2
kat	1
naver	2
fairfaxhyundai	1
mathgoodies	1
rpbusa	1
