inhabitat	1
mentalfloss	3
safeway	4
npr	5
pcsx2	6
mhvillage	7
steampowered	17
cottonbabies	18
oregongeology	19
achillesboats	20
toulousepetit	21
burgermaster	22
mit	23
wamap	24
bankrate	27
jlp-law	28
summitracing	29
streamallthis	30
afa	31
kiro7	34
championselect	37
techspot	38
dfohome	39
theelectricboatco	40
pearsonmylabandmastering	42
k-state	43
wordcounter	44
literotica	45
patiopalace	46
regentsprep	47
nmsu	48
gachajunky	49
gesa	51
realself	52
bluehost	53
skysports	54
hobbylobby	55
freshii	56
puretalkusa	57
etrailer	58
allrecipes	62
hentaii	63
omegle	65
watchfree	68
123helpme	69
torrentkim3	70
portlandoregon	71
riddellwilliams	72
lennar	73
instructure	74
timeanddate	75
abugarcia	76
purdue	79
casetify	80
monroecc	81
antiochadoptions	82
hentai2read	82
thelifeyoucansave	83
sexylingerienights	84
change	85
mensfitness	86
vanillagaming	87
ixquick	88
whatcomhumane	89
minecraftexe	90
cmu	92
tirerack	93
gifsoup	94
suquamish	95
upgrd	96
megashare	97
harptabs	98
onlydudes	99
rosegal	100
studypool	102
dotnetperls	103
twitpic	104
watchseries-online	105
everydayroots	106
myfonts	107
weather	108
1888junjvanscam	109
brazilianvoice	110
marinediscountcenter	111
e-bookshelf	112
thehill	113
burn4free	114
umpquabank	115
advil	116
healthgrades	119
judyvogland	120
avf	121
planetside2	122
bestbuy	123
imvu	124
kevincharity	125
lawandpolitics	125
snodownpromotion	126
nymag	127
nzbgeek	128
hastings	129
llbean	130
wow-one	131
hdefporn	132
parkablogs	133
fux	134
cdc	135
about	138
tech-archive	138
udemy	139
timeforwellness	140
wikipedia	314
houstonpress	315
msn	317
govtrack	318
vudu	319
healthpointchc	320
archives	321
bromeliads	322
smosh	323
gmap-pedometer	324
boeing	326
vh1	327
xoom	328
hearthstonetopdecks	329
kickasstorrentsim	330
lightingdesignlab	331
tvcric	332
playlivenation	333
theme	334
showboxappdownload	335
civfanatics	336
chase	338
spokanecares	339
voyeurstyle	340
barproducts	341
getyourguide	342
consumerlab	343
bridgetofthenorth	344
goodhousekeeping	345
jejusea	346
alphadictionary	347
gamepressure	348
aeaweb	348
coachup	349
eater	349
cnn	352
burpee	353
bellinghamherald	354
publicpartnerships	355
bet	356
voipsupply	357
ehow	360
emuparadise	361
parkrose	362
windermere	363
thurrott	364
ucdavis	365
nerdwallet	366
pcgamer	367
entertainmentearth	368
parentmap	369
elpalaciodehierro	370
anybunny	371
robelleind	372
villanova	373
pornoamateur	374
landyachtz	375
highlineproducts	376
creditkarma	378
ckitchen	379
mystatesman	380
alibaba	383
kegworks	383
northerntool	384
oaklandzoo	385
xfinity	386
i9live	387
pornhub	404
barbecuebible	405
mtcorps	406
southernoregon	406
w3schools	408
weavingworks	409
fuse	410
apexlearning	411
bing	415
gsu	416
navylifepnw	417
olivegarden	418
xanthangumsubstitute	419
jw	420
capitalone	421
cantory	422
androidauthority	423
greenbacktaxservices	425
msi	426
springer	427
terrafirmacraft	428
luminous-landscape	428
dpreview	429
paidviewpoint	430
fredmeyer	436
integrativehealthcare	437
medscape	438
nasi	439
toysrus	440
geeklyinc	441
papamurphys	442
glenedenbeachweather	444
sprint	445
portseattle	446
remax	448
cn	449
justporno	450
pharmacyreviewer	451
partstree	452
massey	453
spie	454
sarna	455
navycaptain-therealnavy	456
eddiebauer	457
addforums	458
instantcheckmate	459
theartstory	460
eatingwell	461
celebuzz	462
junglehammock	463
theexceladdict	464
celebjihad	464
sparknotes	469
masakadoshiba	470
chicagotribune	471
petfinder	473
mankerlight	474
disney	475
kik	476
nj	477
bestwestern	478
github	479
3pornstarmovies	480
spotify	483
transfermarkt	484
retailmenot	489
sciencenews	490
microsoftstore	491
hot-keyboard	492
tripadvisor	498
hotels	499
markiventerprises	500
gw2data	501
roadtrippers	502
blair	503
gamefly	504
reddit	555
bitcoinx	556
bedbugsupply	557
goarmy	558
tribality	559
blackdesertonline	562
kfc	563
mocomi	564
musiciansfriend	566
oldglorymtb	567
paypal-community	568
tune	569
cityofvancouver	571
fodors	572
techpb	573
reality	574
parkourfreerunningonline	575
hentaibox	575
dormanproducts	576
tumblr	598
unity3d	601
fieldsend	602
movie4k	603
gogames	604
metafilter	607
aldervillesavanna	608
ed	611
joann	614
tiger-algebra	615
ebaumsworld	616
chapmanelectric	616
seattleaudubon	617
cosmopolitan	618
businessinsider	619
drugs-forum	620
thelittlekitchen	621
sycra	622
canon	623
websta	624
zipcodestogo	625
milwaukee	625
englishestatewinery	626
infinitythegame	627
teambeachbody	628
1d4chan	629
waldenu	630
wellsfargo	634
traceandtrust	635
coursehero	637
nudevista	638
crunchyroll	640
youtube-mp3	641
gamepedia	649
oregon	650
zmovie	651
leafly	653
hotornot	654
finishline	656
manualslib	657
resourcepack	658
usf	659
textnow	660
pencils	661
kissanime	665
lancair	666
opera	667
menswearhouse	669
educause	670
couchtunerd	671
diablofans	674
agcopartsandservice	675
frys	676
bestpricetrailers	677
nexustelecom	678
jeffreestarcosmetics	679
dummies	681
saashr	682
northernexpress	683
dacki	684
apastyle	684
kxly	685
modthesims	686
wellnessmama	687
shameless	688
sienaliving	689
bayhayandfeed	690
magnumresearch	691
newegg	694
narconon	695
bloodalcoholcalculator	696
history	700
oldpig610346	700
oregonlive	701
asiandrama	702
dogber1	703
walmart	708
netzero	709
hbonow	710
bridalguide	711
hayneedle	712
urlm	713
wwcc	714
pussyspace	715
office	719
high-performance-engines	720
bannerbank	721
nami	722
abcya	723
solidapps	724
xda-developers	725
zillow	738
2girls1cup	739
increscendo	740
gimp	741
utteraccess	742
bbc	743
techinsider	744
wikia	785
textron	786
beniculturali	787
magnumswap	788
arcosteel	789
thepiratebay	793
studyblue	794
imgur	797
5lovelanguages	798
mp3skull	799
scout	800
audiokarma	801
dolarhoje	802
seattlebloggers	803
booking	804
tblop	805
slideplayer	806
rgj	807
study	808
subaruforester	809
overstock	810
rawstory	811
paleocupboard	812
protectivebedding	813
sequimchamber	814
boattrader	815
antiquesnavigator	816
thehumanesociety	817
roblox	819
christiansonsnursery	820
essayforum	820
namu	821
nrs	822
roll20	823
bettycrocker	825
twitter	838
stepsmut	839
nadaguides	840
hallmark	841
green-parts-direct	842
rsd	843
broughaminteriors	844
senior-retirement-living	845
nocookie	845
aapc	846
nowyouknowfacts	847
intothegloss	848
theaustralian	849
quizlet	862
marcandangel	863
wildcatshop	864
asubmissivesissy	865
wikileaf	866
artsstage-seattlerage	867
allcfnmstories	868
wpi	869
benchrest	870
slowtalk	871
commonsensehome	872
oxfordmusiconline	873
metrolinx	874
aol	876
drexel	877
concretesealerreview	878
peachparts	879
nintendo	881
neoseeker	882
hardware	883
bestwesternmontana	884
mccombgardens	885
kindredcircle	885
mathforelementaryteachers	886
wowhead	897
thekitchn	898
etsy	900
frontier	901
picmonkey	902
nordstromrack	903
furnation	904
att	905
chrixdesign	906
comcast	907
sex-stories-xxx	908
soundtransit	910
packers	911
thefederalist	912
tactical-life	913
cascade	914
onlysexgifs	915
deviantart	918
boostmobile	919
mohela	920
axs	921
guildwarstemple	922
arecycling	923
dlsite	924
doityourself	925
tiffany	926
thefreedictionary	927
thatwasnotinthebook	928
ikea	929
granneman	930
nizkor	931
seattlefarmcoop	932
abcmouse	933
longaberger	934
apple	938
comdotgame	939
columbiabank	940
merriam-webster	942
rockymountainministries	943
branah	944
wrestlinginc	945
selenagomez	946
deltapropertymgmt	947
allfordmustangs	948
ign	953
slickdeals	953
bookseriesinorder	954
webmd	956
poringa	956
nps	957
disneyweddings	958
thirdworlds	959
chicagobooth	960
tvguide	961
soup	961
mtgsalvation	964
nerdreactor	965
timbersapthomes	966
eroprofile	967
pbskids	968
happytourstravel	969
propertymanagersseattle	970
danceintime	971
makeupalley	972
lotfp	973
movie2k	975
langantiques	976
washingtontractor	977
innshopper	978
statista	979
chamberofcommerce	980
zendesk	980
healthaffairs	980
christianfilipina	980
avast	981
usbank	983
rochester	984
chacha	985
bobvila	986
worldbank	987
josephjewelry	988
mountainroseherbs	989
hrblock	990
mobafire	991
ampblogs	992
dropbox	993
weelicious	994
sterlinghomemortgages	995
simple	996
rocksandminerals4u	997
ups	998
greentreeswellness	999
dri	1000
gods-and-monsters	1001
hdmovie2k	1002
ponroy	1003
hbowatch	1004
zdnet	1005
collegeconfidential	1006
grida	1007
metroparkstacoma	1009
picnictableplans	1010
practicalmachinist	1010
everydayhealth	1012
greatgardenplants	1013
simplyhired	1013
ahsserver	1014
designntrend	1015
gamecupid	1016
genius	1019
foxporns	1020
dengarden	1021
wallawallaweedery	1022
animaljam	1023
pbisworld	1024
pccnaturalmarkets	1025
lifehacker	1027
pocket-lint	1028
giantbomb	1028
capterra	1030
momtastic	1031
theverge	1032
aaa	1033
khanacademy	1035
santarosa	1036
caracoltv	1037
usaa	1038
black-desert	1039
starmen	1040
parkseed	1041
agreenroad	1042
watch-cartoon-online	1043
firewood-for-life	1044
4homespeakers	1045
msd281	1046
eharmony	1047
wsu	1052
usc	1053
wsj	1054
ezvid	1055
destinationtips	1056
groupon	1059
warframe	1060
icr	1061
histography	1062
flowactivo	1063
leagueoflegends	1071
whocallsme	1072
fcbs	1073
gadgetube	1074
peacehealth	1075
who-called	1076
usnews	1077
pullman-wa	1078
mozilla	1080
iw5edi	1081
lulzbot	1082
glencoe	1083
westelm	1084
lampsplus	1086
lexicanum	1087
itworld	1088
wvc	1089
va	1090
vehicleservicepros	1091
qvc	1093
tubepatrol	1095
tripping	1096
wikiwand	1097
dennissevershouse	1098
studentloans	1099
howardforums	1099
bp	1100
chron	1101
everfreenw	1102
bnsf	1103
cb1weightgainer	1104
backpage	1105
plaistedcompanies	1106
angrybeaverseattle	1107
kuow	1108
minecraftyard	1109
nooooooooooooooo	1110
gulfstreamcoach	1111
centurylink	1112
lyft	1113
spine-health	1115
snridaho	1116
superchevy	1117
spanishhelp123	1118
prettyfamous	1119
piratetorrents	1120
realtor	1123
worldcat	1124
cinemablend	1126
madison	1127
leagueapps	1128
pollen	1129
redstatewatcher	1130
hasitleaked	1131
benchmarkwine	1132
cover-letter-now	1133
nuttit	1134
americanwest	1135
imdb	1157
stltoday	1158
casino	1159
homeaway	1161
bikeshophub	1162
collegescholarships	1163
lionhead	1164
fwps	1165
barnesandnoble	1167
politifact	1168
columbiabasin	1169
streichers	1170
csh	1171
lifeinus	1172
goskagit	1173
averiecooks	1174
mtsac	1176
gogadgetx	1177
naiblack	1178
hendershots	1179
michaels	1182
guildlaunch	1183
scribd	1184
vox	1187
bluestacksdownloads	1188
verizonwireless	1191
biblegateway	1192
sjsd	1192
greyhound	1193
gungods	1194
gcflearnfree	1195
orientaltrading	1196
putlocker	1197
hip-hopvibe	1198
biologycorner	1199
abugames	1200
techcrunch	1201
clashofclans-tools	1202
playmonopoly	1203
watsonsgreenhouse	1204
probuilds	1207
pelicanparts	1208
piriform	1209
aspartanswarchronicles	1210
dailysunnews	1211
samsbeauty	1212
lpsg	1213
simplycharlottemason	1214
ibatterys	1215
vw	1216
intropsych	1217
uesp	1218
possibleshop	1219
eventful	1219
swiss-jazz	1220
livestream	1221
theguardian	1222
nextavenue	1223
blowjobpp	1224
world-nuclear	1225
wonderwall	1226
bls	1227
live	1233
dragonage	1234
watchseries	1238
pof	1239
easybib	1241
ttsd	1242
livescience	1243
wikicristiano	1244
scamaider	1245
pinterest	1262
gaiaherbs	1263
pcmag	1265
sensorly	1266
3m	1267
c-sharpcorner	1267
berkeley	1268
ediblebajaarizona	1268
newsfirst	1269
thesurfingsite	1270
publicbikes	1270
twimemachine	1271
foxsports	1274
animesub	1275
answers	1278
kcls	1279
hypergridbusiness	1280
moneypantry	1281
wisebread	1282
biology-forums	1283
xbox	1284
gamefaqs	1291
bulbagarden	1293
myelin	1294
glendalecc	1295
minecraftforum	1298
lush4blush	1299
eclinicalweb	1300
metrolyrics	1304
zacks	1305
mlssoccer	1307
gardenista	1309
paypal	1312
credio	1313
javtorrents	1313
theolympian	1314
dlink	1316
earnextramoneyhome	1317
gearslutz	1318
whfoods	1318
doterratools	1319
bustle	1321
bethany	1322
ihrb	1323
pullsdirect	1324
liveauctioneers	1325
lolbrary	1325
extendoffice	1325
savoyleather	1326
mdproducer	1327
popcorn-time	1328
slader	1329
episodetube	1330
vocabulary	1333
skilletfood	1334
titantruck	1335
rottentomatoes	1337
bankofamerica	1338
calvinklein	1339
phc-online	1340
target	1344
totalmotorcycle	1345
locality	1346
hp	1347
lds	1348
superuser	1349
policeone	1350
businessdatabase	1351
dominos	1353
bikefat	1354
classicfm	1355
kicy	1356
listverse	1357
watchstation	1358
inkfarm	1359
westeros	1363
collegeboard	1367
thoughtcatalog	1368
projectfreetv	1369
snitchseeker	1370
issaquahcannabiscompany	1370
elderscrollsonline	1371
ninjakiwi	1373
foodnetwork	1380
bell-anderson	1381
bnet	1382
rotoworld	1383
geico	1384
csicop	1385
mrexcel	1385
livestrong	1388
curse	1390
outdoorlife	1391
xhamster	1393
ranker	1394
ctlathletics	1395
tacomastories	1396
digitaltutors	1397
boardsforless	1398
pontiacbonnevilleclub	1399
stillwaterkennelsupply	1399
hopkinsmedicine	1400
whattoexpect	1401
skelleypiano	1402
bddatabase	1402
ultimate-guitar	1404
whyweprotest	1405
lolliandpops	1406
thestallionstyle	1407
bonappetit	1408
cyanogenmod	1409
go	1415
d3jc3ahdjad7x7	1415
forrentbyowner	1416
justanswer	1418
becu	1419
autotrader	1421
farmersalmanac	1421
shikoku-ken	1422
scisusa	1423
opensubtitles	1424
odometer	1425
space	1426
ted	1427
hanen	1427
staples	1430
theaccawards	1431
torrents4all	1432
android	1433
scientificanglers	1434
rainierlodging	1435
network54	1436
tabs4acoustic	1437
powerball	1439
zetaboards	1440
dreamgiveaway	1441
regmovies	1442
homemoviestube	1443
google	1600
californiatoplawyers	1601
stupideasypaleo	1602
physicslab	1603
ewu	1604
serebii	1606
doujin-moe	1607
flipkey	1607
phschool	1608
grimdawn	1609
unumdental	1610
mookychick	1611
asiamoviepass	1612
concretenetwork	1612
plazahotelweddingchapel	1613
pornbb	1613
benmorrison	1614
medicinenet	1615
kitsapsun	1616
mhs	1617
icy-veins	1619
learncreatelove	1620
brighthub	1621
dupontregistry	1622
espnfc	1622
modernmixing	1623
time	1624
runicsoft	1624
diyhomedecorblogs	1625
htcvive	1626
cptc	1628
freeones	1629
winsupersite	1630
slither	1631
asciitable	1633
mouser	1634
jiskha	1635
step2	1636
healthyceleb	1637
la-z-boy	1638
whytheluckystiff	1639
fextralife	1651
byu	1652
dealnews	1653
glaciernationalparklodges	1654
homedepot	1665
stackoverflow	1671
coolmath	1672
bigfishgames	1673
houzz	1674
thegatewaypundit	1675
ppe-pressure-washer-parts	1676
tfgamessite	1677
thehealthygamer	1678
search	1679
worldscientific	1680
kentuckyderby	1681
zapstrips	1682
honeyfeed	1683
techreport	1684
thefutureminders	1685
marriott	1686
bigskyinflatables	1687
oregontrailsurvive	1688
realmofthemadgod	1690
free-reverse-cell-phone-directory	1691
amctheatres	1692
cambridge	1693
gpscity	1694
cannawide	1695
khq	1696
journalstar	1697
toyotafinancial	1698
absoluterv	1699
sciencequestionswithsurprisinganswers	1700
dailymotion	1701
mirror	1702
peninsuladailynews	1703
23andme	1704
greshamsubaru	1705
poets	1706
diabetesselfmanagement	1707
nba	1712
behance	1713
publicrecordsnow	1714
localbiziness	1715
brownpapertickets	1716
mathworks	1718
sheltonschools	1719
yify-torrent	1721
brooklynmuseum	1722
paheal	1723
cpancf	1724
davessierrafishing	1725
bikeforums	1726
si	1729
kingcounty	1730
oldsoldierdistillery	1731
cdjapan	1732
yatra	1733
nih	1737
seattletimes	1744
linkedin	1746
ford	1747
azlyrics	1752
freelancersunion	1753
starbucks	1756
fishmontana	1757
poemhunter	1759
eraliving	1760
sudafed	1761
wiccanspells	1762
ssrn	1763
metacritic	1764
sfgate	1768
facebook	1824
whitepages	1826
wapatopoint	1827
banyanbotanicals	1828
vodlocker	1828
lordetourhq	1829
cuckold-chastity-belt-stories	1830
vice	1831
dennis-carpenter	1832
cnet	1834
anysex	1835
memecenter	1835
usmagazine	1839
beastmodejonescoaching	1840
vinlocks	1841
spot	1841
faptube	1842
brewershardware	1843
ethz	1844
ampsoft	1845
starstable	1846
sualize	1847
byk	1848
iomerino	1849
gurmukhbhasin	1850
youngliving	1851
ana-white	1852
dodea	1853
alliedarts	1854
stallsavers	1855
straighttalk	1856
yakimaparks	1857
wikidot	1858
archiveofourown	1861
partsgeek	1862
uw	1865
wikispaces	1866
gizmodo	1867
cpaexam	1868
scienceclarified	1869
aquaticplantcentral	1870
theblaze	1872
ego4u	1873
thesims3	1874
caranddriver	1876
pizzahut	1877
walla-walla	1878
x3watch	1879
e-hentai	1880
wanelo	1881
clyp	1882
ozgrid	1882
repatha	1883
eonline	1884
fruitsandveggiesmorematters	1885
bgr	1886
netflixupdate	1886
nin	1887
willscasa	1888
acer	1889
monroecounty	1890
uber	1891
statesmanjournal	1891
tripod	1892
brumark	1893
spankbang	1894
nudewomenx	1895
extremetech	1896
coca-colacompany	1897
distractify	1898
ustream	1901
prevention	1902
break	1902
hickoryfurniture	1903
codejunkies	1904
classpass	1905
bluestacks	1906
allaboutbirds	1907
garmin	1908
canadadrugs	1910
csgo	1911
brynmawr	1912
hollywoodlife	1913
dandwiki	1914
ukraine-women-for-marriage	1915
diamondnexus	1915
usps	1920
plaidonline	1921
pressurewashersdirect	1922
esd113	1923
thedevilbear	1924
noodle	1925
usatoday	1927
crabtree-evelyn	1928
motherless	1930
freemmostation	1931
innpartners	1932
hearthpwn	1933
gpacalculator	1934
netflix	1939
yibada	1940
wordfind	1942
spokesman	1943
ew	1945
kshowonline	1946
healthline	1947
williams-sonoma	1948
rvtrader	1950
techradar	1951
searchlock	1952
gridironcondos	1953
nm360	1954
tandfonline	1955
dymo	1957
conair	1958
polkaudio	1959
khinsider	1960
howmuchisit	1961
piliapp	1962
southwest	1963
123dapp	1964
kat	1966
kerbalspaceprogram	1967
gameplayinside	1968
sustainablegoals	1968
citicards	1969
safer-networking	1970
trbimg	1970
whatbird	1971
canadianpharmacy365	1972
visitusvi	1973
asasoltan	1974
ssa	1975
kingjamesbibleonline	1976
nwcollegiatecycling	1977
lolking	1980
nfl	1984
salesforce	1985
adpart12	1986
mheducation	1988
daum	1989
samsungsfour	1990
relativefinder	1991
asus	1992
staralliance	1993
purseblog	1994
economywatch	1995
searspartsdirect	1997
cbsnews	2000
tripinfo	2001
correctionsone	2002
usanetwork	2003
cocos2d-x	2003
coolmath-games	2005
bestlaminate	2006
amazon	2040
makoreels	2041
short-hairstyles	2042
yahoo	2069
thebestnotes	2070
wiley	2071
thelordofporn	2071
ardorlitmag	2072
theskinnydoll	2073
engadget	2074
4wheelparts	2075
tunein	2076
wonderhowto	2077
dailymail	2079
mediaplex	2080
nexusmods	2085
mangafox	2087
mountaineers	2088
smitegame	2088
lacuerda	2089
blogger	2090
gfycat	2091
pornpics	2092
seatacshuttle	2093
uoregon	2094
ask	2095
sjsu	2095
iplocation	2096
grasscity	2097
chegg	2098
lordsofpain	2099
gofordsports	2099
tbs	2100
skyvector	2101
freecreditreport	2102
svsd410	2103
firozshroff	2104
forever21	2105
idealbite	2106
hubspot	2107
idealistcareers	2108
bfwpub	2108
viki	2109
greatclips	2110
hbogo	2111
colorcodedlyrics	2112
nerve	2113
robbinsbrothers	2114
lawyer	2114
keenspot	2115
donquijote	2116
nationalmssociety	2117
horriblesubs	2118
science-forums	2120
rocketnews24	2121
angieslist	2122
rentalcars	2123
themathpage	2124
bloomsdayrun	2125
watchmovie25	2126
soundcloud	2130
sears	2132
americanboardcosmeticsurgery	2133
simplypsychology	2134
citethisforme	2135
striders	2136
yts	2136
pzwiki	2137
naftz	2138
kpopmusic	2139
null-sec	2140
webosolar	2141
kenwood	2142
bettymills	2143
wattpad	2144
tenforums	2146
un	2146
kickstarter	2146
suckmasters	2147
cachedview	2148
griffintoolsandsupply	2148
ottobockus	2149
jobxd	2150
thinkprogress	2151
jossandmain	2152
mydoterra	2153
missyusa	2154
sectionhiker	2155
peerlesscolor	2156
speakoutloud	2157
saksfifthavenue	2157
simpliciaty	2158
oregonstate	2160
zeldawiki	2160
arttrav	2161
revelseattle	2162
okcupid	2163
10best	2163
mlb	2169
bergdorfgoodman	2170
joyridecoffeedistributors	2171
sourceforge	2173
optumrx	2174
weebly	2175
gardenweb	2179
urbanmusichq	2180
primaryarms	2181
sodastreamusa	2182
johnbluemle	2183
finalfantasyxiv	2184
ctu	2185
rateyourmusic	2186
biddingforgood	2187
sandrarose	2188
iboats	2189
tmz	2190
drudgereport	2191
directly	2192
thesaurus	2195
uline	2196
pathofexileitems	2196
greshamoregon	2197
hcfaz	2198
kitsapgov	2199
albertsons	2200
madbrotees	2201
beamdog	2202
fantasygrounds	2203
myfigurecollection	2204
ucanr	2205
practical-music-production	2205
itsupportguides	2206
lthsteelstructures	2207
evernote	2208
downloadpcgames25	2209
jonbarron	2210
bladechevy	2211
mashable	2212
babylon-software	2213
xnxx	2217
tires-direct	2218
lakeshorelearning	2219
siterips	2220
drugs	2222
mplans	2223
snopud	2224
cardgamespidersolitaire	2225
odi	2225
webmath	2226
gadling	2227
officedepot	2228
variety	2230
virginiamason	2233
arbalet	2234
popmoney	2235
preservaproducts	2236
hardcoregamer	2237
biglots	2238
speedtest	2240
tv	2241
elle	2242
shesfreaky	2243
nbcnews	2244
clark	2245
crystalmountainresort	2246
allthetests	2247
myfico	2248
minipanoramas	2249
corvetteforum	2250
wsecu	2251
leagueofgraphs	2252
todaypk	2253
okumafishing	2254
deslok	2254
gosmartmobile	2255
faforever	2256
lg	2258
hardocp	2259
curledup	2260
pbs	2263
sonomacounty	2264
cornel1801	2264
mensanswer	2265
porneq	2265
mathway	2266
recreation	2267
jetsoverhead	2268
techchange	2269
motel6	2270
solarmovie	2270
billyjoel	2271
nintendolife	2272
bushnell	2273
icanhazchat	2274
lansweeper	2275
bedbathandbeyond	2276
nextgaything	2277
roosterteeth	2278
googleusercontent	2279
youngpornpictures	2280
androidforums	2280
sandmansavrann	2281
lyricsfreak	2282
lumberliquidators	2283
marieclaire	2284
hunterswifehealthbar	2285
essexapartmenthomes	2286
getchu	2287
thefiringline	2287
vimeo	2288
thewatchseries	2290
freshgrade	2291
luxuretv	2292
hkepc	2293
nbc	2294
volvocars	2295
123movies	2296
claremontrealtygroup	2297
bakedeco	2298
tvline	2299
gopro	2300
amandascookin	2301
investopedia	2304
teamspeak	2306
rp-photonics	2306
fool	2307
microsoftonline	2308
skyhawks	2309
supermechs	2310
fedoraproject	2311
youporn	2316
tistory	2317
boardgamegeek	2318
coastalfarm	2319
ucla	2320
comenity	2321
truecar	2322
androidcentral	2323
sallybeauty	2324
ifirstrowus	2325
matthewjamestaylor	2326
garnierusa	2327
lifebuzz	2328
steamidfinder	2329
glassdoor	2329
doubleclick	2331
sonypicturesstore	2332
rentseattle	2333
ohwy	2334
campingworld	2336
chantarchive	2337
bdo-fashion	2338
city-data	2339
yify-movies	2339
mangahere	2340
ecowatch	2341
umd	2342
ifl-porn	2342
valuepenguin	2342
inlander	2343
sportfishingmag	2344
bikeexif	2345
homes	2346
theapricity	2347
master69	2348
jollychic	2349
robertsspaceindustries	2350
tf3dm	2351
renterswarehouse	2352
udacity	2353
brookstone	2354
hgtv	2356
livinglanguage	2357
pinimg	2357
parquemet	2358
southsound911	2359
goodreads	2362
radtechonduty	2363
democracynow	2364
earthlydelights	2365
yokesfreshmarkets	2366
ehawaii	2367
intuit	2368
partselect	2369
carls-sims-4-guide	2370
underarmour	2371
skyscanner	2372
washington	2377
militaryfactory	2378
macys	2379
walottery	2384
itch	2386
mickhone	2387
popularmechanics	2388
drweil	2389
lamborghini	2390
foodiewithfamily	2391
lightingdirect	2392
wwitv	2393
wingstop	2394
wscf-europe	2395
minwax	2396
mspoweruser	2397
blackdesertfoundry	2398
bestcoloredpencils	2399
leepricestudio	2400
bab	2401
united	2402
biblehub	2403
literarydevices	2404
mangareader	2406
scubadiving	2407
dtgre	2408
tri-cityherald	2409
mytop10bestsellers	2410
stylecaster	2411
openoffice	2412
boingboing	2413
careerbuilder	2413
faa	2415
askamanager	2416
photoshelter	2417
shoebat	2418
theprairiehomestead	2419
trulia	2420
fanfiction	2421
thefix	2422
hollywoodbowl	2423
drbenkim	2424
gameological	2425
revengeofthebirds	2426
aclu-wa	2427
beyoutifulhotyoga	2428
peterpaulandmary	2429
prosserpiano	2430
ebay	2454
riotgames	2455
pornpicture	2455
torrid	2456
ramforumz	2457
antiochne	2457
huffingtonpost	2467
oilprice	2468
seahawks	2469
baseball-reference	2471
xvideos	2481
snohomishdata	2482
diabetes	2483
bfgminer	2484
shopify	2485
farmersmarketonline	2486
privateerpressforums	2487
populationeducation	2488
deliciousdays	2489
rrpicturearchives	2490
darkbb	2491
weddingideasmag	2492
addicted2success	2493
maxgames	2495
milb	2496
motorcyclecruiser	2497
youjizz	2499
gapsdiet	2500
asrt	2501
mail	2502
otorrent	2502
dcccd	2503
thewire	2504
crumbzz	2505
holostyak-4-sezon	2506
janome	2507
yourpurebredpuppy	2508
bsd405	2509
shu	2510
wetpussygames	2511
anness	2512
universityrooms	2513
ucsc	2514
pixelovely	2515
smstongue	2516
thehealthyhomeeconomist	2517
couchtuner	2520
tubetycoongame	2521
vacationrentals	2521
toquietinflammation	2522
instagram	2529
saintmarkshoreline	2530
yachtworld	2531
gamerescape	2532
canadacomputers	2532
paypal-prepaid	2533
oregonhumane	2534
oberlin	2535
malecelebsblog	2536
temple	2537
pandora	2539
thetopguitars	2540
highlineschools	2541
heraldnet	2542
avsforum	2543
bignox	2544
gameofthronesseason6episode2016	2545
myanimelist	2549
easyplanner3d	2550
davidsbridal	2551
vegasinsider	2552
barebackrt	2554
webolutions	2555
evga	2556
navient	2557
sunderland	2558
vype	2558
uci	2559
runescape	2560
uniqlo	2561
dmowiki	2562
redwoodhikes	2563
morebeer	2564
howstuffworks	2565
evergreenmtb	2566
washhomeschool	2567
playstation	2570
oracle	2571
gosunoob	2572
etypewriters	2572
hulu	2576
chitown-angler	2577
legacy	2578
thepennyhoarder	2579
oldnavy	2580
tbn	2581
japaneseemoticons	2582
revolve	2583
androidpit	2584
badgirlsusa	2584
greenpartstore	2585
skagitvalleyhospital	2586
dickblick	2587
knowyourmeme	2588
techopedia	2589
zappos	2590
wordpress	2598
macrumors	2599
excelforum	2599
utexas	2600
youprint	2601
sunnyskyz	2601
tomsguide	2602
usda	2603
findagrave	2604
theinterviewguys	2605
buyemergencyfoods	2606
guildwars2	2608
htmlgoodies	2609
thedailyworld	2610
net-worths	2611
oglaf	2612
wiktionary	2613
algebra	2614
outletcollectionseattle	2615
eprocessingnetwork	2616
2beeg	2617
cwu	2618
laserfocusworld	2619
rebloggy	2620
redfin	2621
saiyanwatch	2622
pizzapipeline	2623
olympicsportscenter	2624
bidndrive	2625
nomembershipreqiered	2626
epguides	2627
thefrisky	2629
fieldgulls	2631
inquisitr	2633
androidtvbox	2633
craigslist	2666
asthmaandallergies	2667
hidden-street	2668
instructables	2669
aq	2670
allenorgan	2671
deercreekcommunity	2672
truevalue	2673
itv	2674
serenesforest	2675
guidescroll	2675
lowes	2678
ncsu	2679
discover	2680
alaskaair	2684
battle	2694
ssbwiki	2695
coupons	2696
medicineinneed	2696
samsung	2697
justsomelyrics	2698
678124881-porno	2699
wednet	2702
crowfall	2703
theatlantic	2705
civicactions	2706
experts-exchange	2707
mastpermit	2708
ridgid	2709
education	2710
gpsreview	2711
allpropertymanagement	2712
hbr	2713
audioreview	2714
tvbasti	2715
polaris	2716
myhardwaresupply	2717
whale	2718
estoriasdesexo	2719
synonym	2720
livelovefruit	2721
psychologytoday	2722
clickfunnels	2723
whatsthatbug	2724
drpescatore	2725
taylorheatingonline	2726
mckissock	2727
aljazeera	2728
letras	2729
10paksmods	2730
quora	2732
hjweinbergfoundation	2732
foodgawker	2733
wta	2738
spacemov	2739
fultslandinggear	2740
snopes	2741
wa	2759
bonefishgamer	2759
thenewsherald	2760
cleverbridge	2761
nbcnewyork	2762
seatgeek	2763
melrosegrill	2764
washingtonpost	2767
gogrove	2768
yellowpages	2770
playbuzz	2771
monster	2772
nhentai	2772
ccsww	2773
theflowercenter	2774
freemahjong	2775
fifteenminuteswith	2776
butterfieldcolor	2777
wsdot	2778
calvinquotes	2779
bravefrontierforum	2781
rothco	2782
debate	2783
indeed	2787
us-cert	2788
wunderground	2790
earthcam	2791
thisibelieve	2792
murderpedia	2793
fandango	2795
lakewoldgardens	2796
wholesomeone	2796
petmd	2797
kitguru	2798
wayfair	2799
myexactaccount	2800
userbenchmark	2801
midrange	2802
myteacherpages	2803
cwtv	2804
stackexchange	2807
tineye	2808
victoriassecret	2809
thenewstribune	2810
wholehealthchicago	2811
wikihow	2815
miniclip	2817
gcu	2818
vine	2819
stomaatje	2820
ecuadorianrivers	2821
aldonchem	2821
tomshardware	2827
taskrabbit	2828
guitarworld	2829
fitbit	2830
mpgh	2832
lyricsowl	2833
avery	2834
zen-cart	2834
chinahighlights	2835
minecraftforge	2836
q13fox	2837
ghdemocrats	2838
texastribune	2838
whatchristianswanttoknow	2839
tdameritrade	2840
dickssportinggoods	2842
itsmorefuninthephilippines	2843
twinstarcu	2844
madthumbs	2845
gsmarena	2846
kongregate	2847
occcirclek	2847
saberforge	2848
king5	2851
acmepackingcompany	2852
twitch	2855
artifacting	2856
gaymaletube	2857
forbes	2858
redtube	2860
medicalnewstoday	2861
braingle	2862
palomar	2863
rei	2865
pcsra	2866
vancouver	2867
theessentialherbal	2868
quotery	2869
lww	2870
trendblog	2871
wired	2872
wildtexas	2873
rollingstone	2874
yakaz	2875
gmu	2875
4chan	2876
precisiondiving	2877
famousplacefinder	2878
fansided	2879
cuckoldinterracialporn	2880
ctshirts	2881
snscasting	2882
edmunds	2882
ultimatepaleoguide	2883
conjuguemos	2884
build	2885
cavesofnarshe	2885
diyncrafts	2886
citiprepaid	2887
nytimes	2889
meetup	2889
notebookreview	2890
crittermap	2891
d20pfsrd	2892
ancestry	2895
shmoop	2899
faucetdirect	2900
summitortho	2901
apprenda	2902
rcgroups	2903
jet	2904
yelp	2913
timewheel	2914
seriesw	2915
independent	2917
shacknews	2918
mustangsvo	2919
moviepilot	2920
codepen	2921
liebelib	2922
claudiamarie	2923
alpharubicon	2924
techtarget	2925
kohls	2926
auckland	2927
windowsreport	2928
tivocommunity	2929
telegraph	2932
imgrum	2933
ereplacementparts	2934
star-telegram	2935
howto-simplify	2936
freshops	2936
kayak	2937
tsukuba	2938
murrayfeisslight	2939
famm	2940
subzin	2941
r-bloggers	2941
state	2943
payscale	2944
erenterplan	2945
ancient	2946
flexjobs	2947
kcdems	2948
intel	2949
foxnews	2950
youtubedoubler	2951
uspsa	2952
bhphotovideo	2955
alexmoon	2956
youtube	3139
energysuspension	3140
fox13now	3141
terrylove	3142
qdinformation	3143
flightpedia	3144
lyricsmode	3145
csgoskins	3147
bodybuilding	3149
hifishark	3150
gameskinny	3151
urbandictionary	3153
cityofportorchard	3154
britannica	3155
dictionary	3159
icrunchdatanews	3160
steamcommunity	3168
kotaku	3171
ibmtypewriters	3171
highlineaccessboxes	3172
hltv	3173
shorelineschools	3174
komonews	3176
cnsnews	3176
ulta	3177
wahealthplanfinder	3178
beyourowncontractortraining	3179
pornoxj	3180
chacos	3181
nextluxury	3182
lukeman	3184
diyphotography	3185
mbworld	3186
theorganicbeauty	3187
wizards	3189
songsterr	3190
bada	3191
nextstepus	3192
steelseries	3193
pensacolafishingforum	3194
collector-modeltrains	3195
wafflesatnoon	3196
neweggbusiness	3196
microsoft	3201
powerbot	3201
assurancewireless	3202
shape	3203
goodsearch	3204
waproviderone	3205
gothamist	3206
popsugar	3207
idigitaltimes	3208
imgflip	3209
uregina	3210
newshosting	3211
premieredate	3212
