maturealbum	1
boxingscene	2
npr	4
ardisam	5
wellnesscenter-appleton	6
deluxe	7
script-tutorials	8
steampowered	9
chowhound	10
sing365	14
iastate	15
stormtrack	16
thepettit	17
mit	18
bay12games	19
livejournal	20
xom68	21
dashnet	22
searchquotes	23
goldencorral	24
godlikeproductions	25
championselect	26
usphonebook	27
mapquest	30
creditonebank	31
literotica	32
a1furniture	33
funnyordie	34
voa	35
wissports	36
health	38
chat-avenue	39
allrecipes	48
cantstopthemovies	49
thestadiumview	50
usa	51
foxrivertours	53
protocol-online	54
wilottery	56
timeanddate	59
thegunnysack	59
purdue	63
americanbanker	64
mensfitness	66
cjponyparts	67
tommy	68
yangming	69
jimellismazdaparts	70
ruled	71
higheredjobs	72
weather	77
tradestation	78
clevelandclinic	79
find-near-me	80
versusthefans	81
subway	82
cooks	83
gamesonsteam	84
yourobserver	85
coolframes	86
wearegreenbay	87
stonefuneralhomeinc	88
polleverywhere	89
childsplaycharity	90
wisn	91
ohio-state	92
nbc15	94
cdc	96
about	97
ifixit	98
armslist	99
dartsearch	100
wikipedia	205
commoncause	206
vudu	207
thetoptens	208
novaskin	209
nationwidetravelers	210
jessiecrawfordrecovery	211
cafemom	211
joblistingsusa	212
gardensalive	213
thefreethoughtproject	214
digitizedquiltingpatterns	215
myrecipes	217
truth-out	218
homstaysuitesdickinson	219
mapmyrun	220
chase	222
swatchandreview	223
mediacomcable	224
butcherblockco	225
litehousefoods	226
firstweber	227
gardeningwithcharlie	228
sarvgyan	229
sidereel	231
cnn	234
skidrow-games	235
coopertire	236
ticketmaster	237
ehow	238
thurrott	239
olx	240
hubzu	241
anybunny	242
thehun	243
xerohournix	244
trueartists	245
digitalnoiz	246
computerworld	247
alibaba	248
dailystar	249
fieldandstream	250
northerntool	251
countrysidestandardpoodles	252
pornhub	263
bupa	264
jokes4us	265
stevenspointarea	266
aadl	267
austech	268
conveniencefurniture	269
digitalcitizen	270
leafscience	271
lakesonline	272
photonotes	273
punknews	274
gsu	275
dronenerds	276
realsimple	277
biography	278
windstreambusiness	279
melanoma	280
pepperball	281
epa	282
yaroslavvb	283
census	284
ectomachine	285
jackssmallengines	286
homebuiltairplanes	287
hansenandyoung	288
turbochargerspecs	289
kizi	290
theweek	291
gap	293
colorcodepicker	294
remax	295
recipe	296
metronews	297
babesbang	298
hashlocker	299
hilton	300
minuterice	301
yummly	302
highsnobiety	303
countryliving	304
mobiloil	305
drivefordtoday	306
malwarebytes	307
sparknotes	308
billboard	309
upcat	310
dorkly	311
eventbrite	312
theimpression	313
github	314
databasejournal	315
marines	316
combinedinsurance	317
pathways	318
aliexpress	320
greenbayymca	321
earthsfriends	322
tripadvisor	326
studystack	327
springgreen	328
frugalcanadiancouponmom	329
clarymemorialfuneralhome	330
popsike	331
reddit	358
uidaho	359
cloudpix	360
udayton	361
brettcolephotography	362
thefarmindoorcounty	363
finalemusic	364
kibbutzvolunteers	365
spectrumresorts	366
aagpbl	367
americanblinds	368
business	369
fangraphs	370
lipstickalley	371
blacked	372
couponsock	373
scottanthon	374
classicfirearms	375
hentaibox	376
pepsico	377
ccfltd	378
hasbro	379
tumblr	388
okulinfo	389
unity3d	392
exilemachine	393
corestandards	395
cc	396
clips4sale	397
ripon	398
bausch	399
eyemartexpress	400
associatedbank	401
businessinsider	402
campbellsci	403
cutsandboltsfabrics	404
signupforms	405
tlcfcu	406
searsoutlet	407
wingandaprayerdesign	407
canon	408
milwaukee	411
analyticsvidhya	412
xcelenergy	413
sheppardsoftware	414
brothersoft	415
wellsfargo	416
astrology	417
fairchildgarden	418
coursehero	420
crunchyroll	422
youtube-mp3	424
summitcreditunion	425
thefederalistonline	426
gamepedia	427
oregon	428
dsmz	429
iptvsaga	430
starpulse	431
leafly	432
anappealtoreason	433
mekong-cafe	434
wordplays	435
template	436
nicovideo	437
familydollar	438
gbatemp	438
drummerworld	439
billpaymentonline	440
dieselhub	441
kwiktrip	442
nbadraft	443
kcci	444
curbed	445
americangirl	446
porn	448
shorewoodpool	449
diablofans	451
bobistheoilguy	452
auto	453
eastmadisontoyota	454
muthead	455
movieinsider	456
callername	457
modthesims	458
thecmp	459
wppienergy	460
learner	461
dreamsunlimitedtravel	462
tutsplus	463
microcenter	464
newegg	465
asm	466
walmart	474
taobao	475
beloitdailynews	476
usgamer	477
ea	478
hbonow	480
cracked	481
hayneedle	483
pussyspace	484
uniktime	485
mayoclinichealthsystem	486
office	489
iwpwisconsin	490
mooseroots	491
gingersoftware	492
bayvalleyfoods	493
bepgiadinh	494
zillow	502
cbs	503
tut	504
planetdolan	505
illinoistollway	506
mnlottery	507
wikia	534
unionfacts	535
summerfest	536
aflac	537
calibex	538
thepiratebay	541
dsw	542
hbo	544
uwplatt	545
studyblue	547
imgur	551
waukeshabank	552
greyorgray	553
boat2trailerhookup	554
scout	556
morningstar	557
getmascular	558
bdsmgear	559
baylakesbsa	560
boattrader	561
roblox	563
eslcafe	564
mymarcorental	565
nsh	566
popscreen	567
umn	568
pathfinderwiki	569
ubuntu	570
twitter	582
madisongasprices	583
simbrodev	584
centerwatch	585
free-midi	586
tours-italy	587
songlyrics	588
toppers	589
delish	590
antamedia	591
airbnb	592
freewebarcade	595
quizlet	608
catholic	609
elitetrader	610
stronglifts	611
howtogeek	613
citrus	614
wyzant	615
leitheiser	616
bloodsthicker	617
adameveky	618
aol	622
rhapsody	623
noodles	624
weabenefits	625
wowhead	627
3movs	628
etsy	631
hamuniverse	632
bingapis	633
snapdeal	634
packers	636
postwesternworld	637
deviantart	640
boostmobile	641
waupacaarearealestate	642
oldtimestrongman	643
sawyercountygov	644
notebookcheck	645
doityourself	646
brit	647
europeanbestdestinations	648
avclub	649
ccm	651
racinehyundai	652
prayforjusticeinwi	653
dwx	653
sigmaaldrich	654
apple	655
merriam-webster	657
bonanza	658
vividseats	659
rodalesorganiclife	660
flightrising	661
title-ix	661
smith-wesson	662
travel	663
wrestlinginc	664
skippyjonjones	665
aberoth	666
ign	668
midi-files-for-free	669
webmd	675
factoryoutletstore	676
modhoster	677
nps	678
kde	679
pwcca	680
lesslethalalternatives	680
recovery-android	681
aa	684
mtgsalvation	684
ericsdiamonds	685
swann	686
natfka	687
stanfordchildrens	688
kineti-tech	689
eucast	690
himedialabs	691
statista	692
jerzeedevil	693
colliderporn	694
afence	695
muviza	696
artrage	697
usbank	698
dom	699
wicourts	702
ashleyfurniturehomestore	703
chacha	704
wwbw	705
vernoncounty	706
psu	708
harborfreight	710
kyocera	711
wolfgang-amadeus	712
trumpetmaster	714
mobafire	715
daishocon	716
disabilitysecrets	717
schmittmusic	718
eunakraftheinz	719
pcgamesn	720
burlingtoncoatfactory	721
scosby	722
kimberamerica	723
sendflowers	724
machinerytrader	725
prn	726
wildriversrealty	727
pbworks	728
java	729
nike	730
wisconsinrapidstribune	731
eporner	732
quicken	734
gams	735
way	736
marcustheatres	739
satisfactionservicesinc	740
samsmarine	741
rampages	742
everydayhealth	743
best10resumewriters	744
naver	745
genius	746
animaljam	747
rushwisconsin	748
alexandsierraofficial	749
meari	750
musictreasures	751
metroidconstruction	752
swappa	753
rittenhouseinn	754
vmware	755
hdcreampieporn	756
943jackfm	757
bioversityinternational	758
groupon	761
hilldalefarm	762
leagueoflegends	768
wkow	771
bellamihair	772
agweb	773
johnsandford	774
xroads	774
thriftyfun	775
mpix	776
drawception	777
mapskins	778
mozilla	781
visualstudio	782
prodigygame	783
starbulletin	784
lampsplus	785
homestylecustom	786
hotschedules	787
destinypedia	788
sciborminiatures	789
perfect-stockings	790
qvc	791
tubepatrol	792
brown	793
wikiwand	794
hubpages	795
unclehowards	796
guitarplayer	797
altronics	798
oldetimefarmshow	799
bp	802
chron	804
mindtools	805
vistaprintdeals	806
ratebeer	807
backpage	808
ifitweremyhome	809
prezi	811
resource	812
besttacticalflashlights	813
thisgengaming	814
4tests	815
princetonreview	816
realtor	817
digitaltrends	819
mycardstatement	820
madison	822
cinemablend	823
weatherbell	824
aarp	825
gettyimages	826
naked	827
imdb	838
zomato	839
homeaway	840
matrixtitle	841
theptdc	841
mcgrathpg	842
stonegatenb	843
spartagymnastics	844
schoolgamesunblocked	845
levelbased	845
bizarro	846
accuweather	847
uwec	849
michaels	850
disboards	851
deepdiscount	852
itunescharts	853
vox	854
csgolotto	855
glaad	857
polygon	858
biblegateway	861
pcadvisor	862
greyhound	863
putlocker	866
goliath	867
top10mais	868
everydaylinuxuser	869
gizmag	870
hauntedashmoreestates	871
cokeandpopcorn	872
probuilds	873
romancatholicman	874
crosswalk	875
antheminc	876
milwaukeeconsumer	877
batman-news	878
bowwowmeowllc	879
fox	880
t-mobile	883
dualshockers	884
theguardian	885
toolpartspro	886
addall	887
searchincognito	890
cspinet	891
vintagesynth	892
gigerbar	893
live	895
discogs	896
watchseries	898
pof	900
ourmidland	901
easybib	905
covantagecu	906
nssd112	907
fieldturf	908
travelwisconsin	909
pinterest	921
ecologia-unam	921
cabinetnow	922
veterinaryhub	923
foxriverstatebank	924
wpt	925
fox6now	928
sewnatural	928
cabelas	930
yourdictionary	931
foxsports	932
wisoybean	933
freeporninhd	934
visitwaukesha	935
informer	936
online-convert	938
cicis	939
rentracine	940
wsau	941
we-energies	942
watchcartoononline	943
xbox	944
gamefaqs	950
rxlist	951
sportsmansoutdoorsuperstore	952
channel3000	956
minecraftmaps	957
tezfiles	958
extension	960
endzeitgeist	961
myheritage	962
gearslutz	963
reverb	964
photo	966
fleetfarm	968
chattino	970
crystalbridges	971
sheratondenverdowntown	972
frameusa	973
edwardjones	974
slader	975
american	976
wiscnews	977
rottentomatoes	980
nineplanets	981
target	985
directconnectautotransport	986
ebates	987
citi	988
hp	989
libguides	990
themagicbulletfund	991
reuters	992
roadtovr	993
livestockconservancy	994
onegoodthingbyjillee	995
villeroy-boch	996
dominos	997
listverse	998
projectfreetv	999
rotometals	1000
uwmilwaukeepantherarena	1001
rotoworld	1002
resume-now	1003
atlauncher	1004
xhamster	1005
mortgagecalculator	1006
winteriscoming	1007
bikemag	1008
keystonere	1009
idparts	1010
gearsuite	1011
careerenlightenment	1012
caffeineinformer	1013
ultimate-guitar	1014
rcreptiles	1015
go	1024
rivermarinas	1025
jakubmarian	1026
agar	1028
audiojungle	1029
bigblueview	1030
alz	1031
ootpdevelopments	1032
wordsense	1033
encyclopedia	1034
menlook	1035
virginmobileusa	1036
bigcurvylove	1037
graterwhitersmiles	1038
gogreentravelgreen	1039
lacrossetribune	1040
google	1145
vurtegopogo	1146
tubiefriends	1148
omswi	1149
serebii	1152
stritch	1154
magnaflow	1155
americastestkitchen	1156
ducea	1157
cio	1158
denisonyachtsales	1159
ebtedge	1160
heavy-r	1161
gradesaver	1162
du	1163
inkbrush	1164
songtexte	1165
calculatoredge	1166
minecraftskins	1169
eurorailways	1169
jigidi	1170
altervista	1171
remax-wisconsin	1172
socialblade	1173
htcvive	1174
amfibi	1175
typepad	1176
bin	1177
freeones	1178
jalopnik	1179
slither	1182
marineworkcomp	1183
sermoncentral	1184
nfldraftscout	1185
ibm	1186
adventurerock	1187
games-workshop	1188
fastmaps	1189
mcdonalds	1190
mayoclinic	1193
paradoxplaza	1194
fextralife	1196
byu	1197
labtestsonline	1199
bladeandsoul	1200
homedepot	1209
howl	1210
dji	1211
stackoverflow	1217
care	1218
search	1221
mvnrepository	1222
revzilla	1224
therave	1226
amctheatres	1227
the-athenaeum	1227
www	1228
bretcontreras	1228
dailymotion	1229
ap	1230
nba	1231
fox11online	1232
anandtech	1233
cylex-usa	1234
jstor	1235
si	1236
mybeachcams	1237
poki	1238
chatroulette	1239
dodeathwatch	1240
nih	1246
techrepublic	1247
projectorpeople	1248
searchall	1249
zeropaid	1250
allfreecrochetafghanpatterns	1251
korg	1252
linkedin	1255
ford	1256
azlyrics	1258
gillettevenus	1259
heavy	1260
starbucks	1261
littlehouseinthesuburbs	1262
handbellservices	1263
universallending	1264
metacritic	1265
facebook	1316
iafd	1317
tinyhousetalk	1318
whitepages	1321
communitystatebank	1322
utorrent	1323
myfreecams	1324
cbssports	1327
forestlakeschoolfs	1328
kevinmckiernan	1329
savingplaces	1330
visitcranelake	1331
olympiatools	1332
cnet	1336
101languages	1337
majesticlocs	1338
astrobio	1339
flagpedia	1340
nyt	1341
byjasco	1342
gogoanime	1342
minecraftposts	1343
veetle	1344
8tracks	1345
sustainablescientist	1345
geteasysolution	1346
portaransas	1347
scandigital	1348
bk	1349
lettherebeporn	1350
parklanejewelry	1351
straighttalk	1352
parkingpanda	1353
pxg	1354
partsgeek	1355
wikispaces	1357
metal-archives	1358
ridgelakegeneva	1359
comixology	1360
federalreserve	1361
stafaband	1362
caranddriver	1364
jacobinmag	1365
pizzahut	1368
flightradar24	1369
newberlin	1370
younow	1371
grandsuperior	1371
motorcycle-superstore	1372
nordstrom	1373
9round	1373
asexon	1374
theodysseyonline	1375
wnep	1376
compucom	1377
unrealitymag	1378
bbcgoodfood	1379
uni-watch	1380
tuscl	1381
edinarealty	1382
getyourwheels	1383
bigbrothernetwork	1384
tripod	1386
allseasonsinncapecod	1387
grainger	1388
spankbang	1389
whats-on-netflix	1390
crossfit	1391
festfoods	1394
starwest-botanicals	1395
charter	1397
shamanicjourney	1398
prevention	1399
spring	1400
break	1401
gsmversus	1402
liveleak	1406
hdmovie14	1407
leaguelineup	1408
pornburst	1409
burney-falls	1410
garmin	1411
beeradvocate	1413
gaiaonline	1414
autoguide	1415
hollywoodlife	1416
champssports	1417
brillman	1418
bulletproofexec	1419
usps	1420
patreon	1420
themilitarydiet	1421
usatoday	1424
debatingday	1425
diyaudioprojects	1426
vi	1427
motherless	1429
pewsocialtrends	1430
thredup	1431
btjunkie	1432
oldtowncanoe	1433
classic-solitaire	1434
netflix	1438
mu	1439
cutelovequotesforher	1440
datingadvice	1440
solitr	1441
searchlock	1444
gasbuddy	1445
dannyhaskells	1446
unl	1447
247sports	1449
tandfonline	1450
nist	1451
soa	1452
file	1453
charliesbrassworks	1454
proboards	1455
diabettip2	1456
finlandia	1457
southwest	1458
linuxmint	1459
parents	1460
husqvarna	1461
desmoinesregister	1461
sportsposterwarehouse	1462
nhl	1464
digitalocean	1464
celebritycruises	1465
challonge	1466
preveaurology	1467
knowyourmobile	1468
aldoshoes	1469
irs	1470
ssa	1471
treeoflifewiki	1472
wizard101central	1473
slots-777	1474
compassion	1475
nfl	1476
playsexgames	1477
800notes	1478
thrillist	1480
oodle	1481
rhinelandercityhall	1482
mildnews	1483
get-direction	1484
cbsnews	1485
refinery29	1486
scoopnest	1487
slidescarnival	1488
hsn	1489
coolmath-games	1490
ringostation	1491
musee-moyenage	1492
thebump	1493
numbeo	1494
amazon	1534
511wi	1535
yahoo	1554
realclearpolitics	1557
camaro5	1558
wiley	1559
thetruthaboutguns	1559
eceilingfans	1560
swedbergfuneralhome	1561
nij	1562
tnp-instruments	1563
coolrom	1564
engadget	1565
actionps	1566
harvard	1566
wonderhowto	1567
familysearch	1568
dailymail	1573
compare99	1574
nexusmods	1581
gotomypc	1582
apushreview	1583
amfam	1584
nmt	1585
hoiabaciuforest	1586
kmov	1587
pitt	1588
dressupgames	1589
open5e	1590
taleworlds	1591
aviationacres	1592
findlinks	1593
bigdino	1594
chegg	1595
calculatorsoup	1596
hotjennamaze	1597
toofab	1598
travelocity	1599
almanac	1600
skylinecomedy	1601
homfurniture	1602
mastertoolrepair	1603
uspto	1604
buildllc	1605
bridge-masters	1606
indiewire	1607
columbia-stmarys	1608
veganyumminess	1609
freshdesk	1610
loginfaster	1611
sling	1612
wizardofodds	1613
nicoletbank	1614
coach	1615
cpooutlets	1616
news10	1617
food	1618
alohatube	1619
reactual	1619
angieslist	1620
fark	1621
soundcloud	1622
winnebagoind	1623
sears	1625
priceline	1626
thekneepainguru	1627
wtmj	1627
candlepowerforums	1627
clorox	1628
classreport	1629
lovepomegranatehouse	1630
polyvore	1631
plockys	1632
verabradley	1633
plex	1634
salon	1635
jsonline	1639
farmandfleet	1640
metrokiaofmadison	1641
rivoli	1642
gamespot	1643
kidscount1234	1644
kickstarter	1645
advancedidentityprotector	1646
askmen	1647
goracine	1648
calguns	1649
nvidia	1650
nextwave	1650
metro	1651
cookarr	1652
trailside-lodging	1653
mlb	1661
slideshare	1662
weebly	1664
gardenweb	1665
projectorcentral	1666
equine-reproduction	1667
christiansupply	1668
doctoroz	1669
wi-services	1670
uwaterloo	1671
uwm	1674
examiner	1675
ytimg	1676
drudgereport	1677
thesaurus	1678
nibblebit	1679
referweb	1680
angularjs	1680
teledoce	1681
andover	1682
smith-sales	1683
strictjuliespanks	1684
wisc	1693
pokionline	1694
mt	1696
campaignmonitor	1697
mariowiki	1698
appamatix	1699
kfiz	1700
superherohype	1701
thewoksoflife	1701
allmenus	1702
anon-ib	1703
markisaco	1704
tvtango	1705
tampabay	1706
breitbart	1707
boucherhyundaijanesville	1708
xnxx	1713
spottedfawnpaints	1714
vam	1715
drugs	1716
seaworldparks	1717
medicare	1718
mlive	1719
bostonappliance	1719
variety	1721
adlit	1722
bizrate	1723
tromboneforum	1724
aurorahealthcare	1726
tv	1727
uwhealthmychart	1728
surfride	1729
lightstalking	1729
tealashes	1730
menuism	1731
simphoton	1732
riobrands	1733
uloop	1734
danemcoweb	1735
lg	1738
pbs	1739
readwrite	1740
mathway	1742
whereforeclosures	1743
mypregnancybaby	1744
antennaweb	1745
solarmovie	1746
mindfulnutritioncourse	1747
uwsp	1749
360fly	1750
modernmom	1751
treeofsavior	1752
expedia	1753
bedbathandbeyond	1755
bloomberg	1756
calls	1758
nola	1759
fox8	1760
baidu	1762
pensacolasurf	1763
everythingetsy	1764
mmosite	1764
persnicketyplates	1766
investopedia	1767
dunhamssports	1769
homesnap	1770
fool	1771
tistory	1772
youporn	1774
giphy	1775
countryinns	1776
renesas	1777
truecar	1778
luxury-thailand-travel	1779
eqresource	1780
solidarity-us	1781
watertown	1782
glassdoor	1782
mamamiasmequon	1783
city-data	1785
cornell	1785
homes	1787
communityadvocates	1788
poshmark	1789
osrsmap	1790
foifm	1791
themacallan	1792
quintcareers	1793
pinimg	1794
affordablewater	1795
scipy	1796
goodreads	1799
theskykid	1800
drainbrain	1801
nancysnotions	1802
torrentfreak	1802
coldwellbankerhomes	1804
amateurcams	1805
intuit	1807
coffeeconfidential	1808
knitrowan	1809
searchengineland	1810
wowprogress	1811
washington	1812
macys	1815
startpage	1816
itch	1817
freefixer	1818
popularmechanics	1819
wikibooks	1820
maciverinstitute	1821
joindota	1822
crazylegsclassic	1823
19216811	1824
varagesale	1825
stanford	1828
mathsisfun	1830
cooklikeajamaican	1831
biblehub	1832
watertowncatholic	1833
tablefortwoblog	1834
babes	1835
custhelp	1836
jbonamassa	1837
ccli	1838
roadamerica	1839
roadrunner	1841
foxcu	1842
careerbuilder	1843
all-opening-hours	1844
nasa	1845
trulia	1847
fanfiction	1848
walgreens	1849
uww	1850
sarcasticcooking	1851
frostburg	1852
drugabuse	1853
dogchannel	1854
riotgames	1855
ebay	1867
diablohub	1868
laurieann-ranger25	1869
palmerhousehiltonhotel	1869
huffingtonpost	1870
radiomilwaukee	1871
easyagario	1872
baseball-reference	1872
peoplestylewatch	1873
xvideos	1885
supportersnotcustomers	1886
utm	1887
legendofkrystal	1887
phisigmaiota	1888
storageshedspa	1889
thefirearmblog	1890
mtv	1891
news-medical	1892
hitfix	1893
bakabt	1894
gstatic	1895
overclock	1896
websystique	1896
cafeastrology	1897
vansfiction	1898
nsa	1899
gardeningknowhow	1902
50webs	1904
midwestsupplies	1905
iheart	1906
stuccu	1907
mrskin	1908
socialanxietysupport	1909
kmart	1912
legendmfginc	1913
wisconsindot	1914
rentcafe	1915
twistyscash	1916
thindifference	1917
westechrigging	1918
ucsc	1919
vipergirls	1920
medievalcollectibles	1921
instagram	1924
audiomicro	1925
cliffsnotes	1925
regenexx	1925
myhavanaphotography	1925
comic-con	1926
safelinkwireless	1927
hoobly	1928
pandora	1930
takelessons	1931
adultdvdempire	1932
allanimals	1933
ellestadfuneralhome	1934
artewineandpaint	1935
lotro-wiki	1936
overclockers	1937
retale	1938
cafepress	1939
gameofthronesseason6episode2016	1940
dognamers	1941
job-hunt	1942
theblindhorse	1943
uci	1944
chevrolet	1945
stress	1946
blksthl	1947
kingarthurflour	1949
playstation	1951
oracle	1952
intelius	1953
gosunoob	1954
icracked	1954
motznursery	1955
northwoodscarriage	1956
biguz	1957
cookinglight	1958
legacy	1961
mtdproducts	1962
metacafe	1962
diynmbcprops	1963
wildelifecomic	1964
vistaprint	1965
howtocleanstuff	1966
tractorhouse	1967
androidpit	1968
greatnonprofits	1969
kbb	1971
knowyourmeme	1972
yougrowgirl	1973
123cards	1974
wordpress	1982
sandalfootcondo	1983
tsinghua	1984
gazetatema	1985
newsarama	1986
befunky	1987
findagrave	1988
cjonline	1989
ezo-usa	1990
vonholzen	1991
webofknowledge	1992
bbwfuck	1993
cityofmadison	1994
grahamcluley	1994
rockandice	1995
tesnexus	1996
streamate	1997
manageengine	1998
ihomeaudio	1999
comediansincarsgettingcoffee	2000
prepsportswear	2001
gosur	2002
freeplaymusic	2003
uspresidentialelectionnews	2004
elegantthemes	2005
hollisterco	2006
townofpeshtigo	2007
inquisitr	2008
skyward	2009
craigslist	2029
fullthrottleink	2030
brennor	2031
lolskinshop	2032
imfdb	2033
instructables	2034
slumberland	2035
ulyssesmod	2036
stack	2037
pfsrpg	2037
conn-selmer	2038
macmanstore	2039
ncsasports	2040
lowes	2043
discover	2044
alaskaair	2045
schertzfuneralhome	2046
battle	2047
ssbwiki	2049
bd	2049
coupons	2051
anime-planet	2052
samsung	2053
experiencenegros	2054
thepioneerwoman	2055
bigresource	2056
zity	2057
onlinemovies-pro	2058
toshiba	2059
paizo	2060
pixiv	2061
techbargains	2062
crateandbarrel	2063
petoskeynews	2064
dhgate	2065
mysynchrony	2066
toyark	2067
proprofs	2068
thejimquisition	2069
roccosiffredi	2070
dancesafe	2071
sub-shop	2072
missingmoney	2073
infobyip	2074
aljazeera	2075
quora	2077
calpoly	2078
researchgate	2079
jegs	2081
grandoperahouse	2082
washingtonpost	2083
yellowpages	2090
binaryhexconverter	2091
roadnow	2091
crucial	2092
nhentai	2093
girlsgogames	2095
chisham	2096
poison	2097
freemahjong	2098
homesteadingtoday	2099
indeed	2100
wunderground	2101
inheritancesearch	2102
endocrineweb	2103
apa	2104
usip	2104
alsa	2106
cookistry	2106
slashnude	2107
wayfair	2108
transyouth	2108
dailydot	2108
budgetsaresexy	2109
wisconsin	2111
cwtv	2112
stackexchange	2116
niptara	2116
foursquare	2118
passamour	2119
wikihow	2124
ringling	2125
hrgiger	2125
ar15	2126
aetashotels	2127
therefuge-ahealingplace	2128
rosettastone	2129
f150online	2130
americanequine	2131
snowbird	2132
primarytexts	2133
coachusa	2134
tomshardware	2136
spxflow	2137
raspberrypi	2139
manporn	2140
madtaxi	2141
tasteofhome	2141
newrichmondlibrary	2142
fedex	2144
fitbit	2145
uwhealth	2146
helenexner	2147
sheboygan	2148
gmpartsdirect	2149
converse	2150
cheapcaribbean	2151
everfest	2152
ajc	2153
codeproject	2154
navbug	2155
gsmarena	2156
collider	2157
nypost	2159
acmepackingcompany	2160
twitch	2162
tractorshed	2163
careers-advice-online	2164
buffalowildwings	2165
sov	2166
menards	2172
forbes	2175
redtube	2177
federalbaseball	2178
mercola	2179
briantracy	2180
disneycartoonsonline	2181
wired	2182
dragonspropheteurope	2183
odordude	2183
samsclub	2184
rollingstone	2185
kb9ukd	2186
theholidayspot	2187
sharerice	2188
finegardening	2189
csr	2190
0calc	2191
ufseeds	2191
birdwatchersdigest	2192
directv	2195
nationalbikechallenge	2196
fdlreporter	2197
nytimes	2198
adorama	2199
indiegogo	2200
d20pfsrd	2203
shmoop	2205
globo	2205
heavengames	2206
teacherplanet	2207
avaya	2208
madisonclassics	2209
jet	2211
yelp	2216
culiklaw	2217
canyontours	2218
accountinginfo	2219
menshealth	2220
noaa	2221
ouc	2222
cityvoter	2223
kohls	2228
cam4	2229
consumerreports	2230
blender	2231
riot-web-static	2232
nutrition-and-you	2233
imbc	2234
kayak	2236
vk	2237
bestdeals	2238
supermotoxl	2239
xxxtubedot	2240
standupzone	2241
augusoft	2242
foxnews	2244
teamsnap	2245
wi	2254
youtube	2351
cargurus	2352
putlocker9	2353
ratemyprofessors	2355
tosayoga	2356
power-eng	2357
kohler	2359
wisconsineschool	2360
namethatporn	2361
honolulu	2362
tractordata	2363
socialpsychology	2364
hammerwall	2365
livetrendlaptops	2366
hifishark	2367
gamerant	2368
urbandictionary	2371
sportsmansparadiseonline	2372
orcind	2373
rangertugs	2374
britannica	2375
dictionary	2378
msnbc	2379
steamcommunity	2384
signaturehardware	2386
ncdsv	2387
kopps	2388
livingstonbank	2389
offroad-ed	2390
ulta	2391
superiorshores	2391
pikore	2392
bestporngame	2393
king	2394
rogansshoes	2395
aidsmap	2396
instantpeoplefinder	2397
buzzfeed	2399
microsoft	2407
jmarcano	2408
shopgoodwill	2409
goodsearch	2410
journeys	2411
popsugar	2412
mamaslatinas	2413
